
===========================================================================
report_checks -path_delay min (Hold)
============================================================================
======================= nom_ss_100C_1v60 Corner ===================================

Startpoint: rst_n (input port clocked by clk)
Endpoint: _41_ (removal check against rising-edge clock clk)
Path Group: asynchronous
Path Type: min

Fanout         Cap        Slew       Delay        Time   Description
---------------------------------------------------------------------------------------------
                                  0.000000    0.000000   clock clk (rise edge)
                                  0.000000    0.000000   clock network delay (propagated)
                                  2.000000    2.000000 ^ input external delay
    10    0.043645    0.315420    0.218648    2.218648 ^ rst_n (in)
                                                         rst_n (net)
                      0.315423    0.000000    2.218648 ^ _41_/RESET_B (sky130_fd_sc_hd__dfrtp_2)
                                              2.218648   data arrival time

                                  0.000000    0.000000   clock clk (rise edge)
                                  0.000000    0.000000   clock source latency
     1    0.012132    0.095756    0.063106    0.063106 ^ clk (in)
                                                         clk (net)
                      0.095759    0.000000    0.063106 ^ clkbuf_0_clk/A (sky130_fd_sc_hd__clkbuf_16)
     2    0.019921    0.067331    0.233137    0.296243 ^ clkbuf_0_clk/X (sky130_fd_sc_hd__clkbuf_16)
                                                         clknet_0_clk (net)
                      0.067347    0.000553    0.296796 ^ clkbuf_1_1__f_clk/A (sky130_fd_sc_hd__clkbuf_16)
     6    0.016827    0.063491    0.215752    0.512548 ^ clkbuf_1_1__f_clk/X (sky130_fd_sc_hd__clkbuf_16)
                                                         clknet_1_1__leaf_clk (net)
                      0.063491    0.000756    0.513304 ^ _41_/CLK (sky130_fd_sc_hd__dfrtp_2)
                                  0.250000    0.763304   clock uncertainty
                                  0.000000    0.763304   clock reconvergence pessimism
                                  0.730690    1.493994   library removal time
                                              1.493994   data required time
---------------------------------------------------------------------------------------------
                                              1.493994   data required time
                                             -2.218648   data arrival time
---------------------------------------------------------------------------------------------
                                              0.724654   slack (MET)


Startpoint: rst_n (input port clocked by clk)
Endpoint: _40_ (removal check against rising-edge clock clk)
Path Group: asynchronous
Path Type: min

Fanout         Cap        Slew       Delay        Time   Description
---------------------------------------------------------------------------------------------
                                  0.000000    0.000000   clock clk (rise edge)
                                  0.000000    0.000000   clock network delay (propagated)
                                  2.000000    2.000000 ^ input external delay
    10    0.043645    0.315420    0.219033    2.219033 ^ rst_n (in)
                                                         rst_n (net)
                      0.315427    0.000000    2.219033 ^ _40_/RESET_B (sky130_fd_sc_hd__dfrtp_2)
                                              2.219033   data arrival time

                                  0.000000    0.000000   clock clk (rise edge)
                                  0.000000    0.000000   clock source latency
     1    0.012132    0.095756    0.063106    0.063106 ^ clk (in)
                                                         clk (net)
                      0.095759    0.000000    0.063106 ^ clkbuf_0_clk/A (sky130_fd_sc_hd__clkbuf_16)
     2    0.019921    0.067331    0.233137    0.296243 ^ clkbuf_0_clk/X (sky130_fd_sc_hd__clkbuf_16)
                                                         clknet_0_clk (net)
                      0.067347    0.000553    0.296796 ^ clkbuf_1_1__f_clk/A (sky130_fd_sc_hd__clkbuf_16)
     6    0.016827    0.063491    0.215752    0.512548 ^ clkbuf_1_1__f_clk/X (sky130_fd_sc_hd__clkbuf_16)
                                                         clknet_1_1__leaf_clk (net)
                      0.063491    0.000604    0.513151 ^ _40_/CLK (sky130_fd_sc_hd__dfrtp_2)
                                  0.250000    0.763151   clock uncertainty
                                  0.000000    0.763151   clock reconvergence pessimism
                                  0.730691    1.493843   library removal time
                                              1.493843   data required time
---------------------------------------------------------------------------------------------
                                              1.493843   data required time
                                             -2.219033   data arrival time
---------------------------------------------------------------------------------------------
                                              0.725190   slack (MET)


Startpoint: rst_n (input port clocked by clk)
Endpoint: _42_ (removal check against rising-edge clock clk)
Path Group: asynchronous
Path Type: min

Fanout         Cap        Slew       Delay        Time   Description
---------------------------------------------------------------------------------------------
                                  0.000000    0.000000   clock clk (rise edge)
                                  0.000000    0.000000   clock network delay (propagated)
                                  2.000000    2.000000 ^ input external delay
    10    0.043645    0.315420    0.218929    2.218929 ^ rst_n (in)
                                                         rst_n (net)
                      0.315426    0.000000    2.218929 ^ _42_/RESET_B (sky130_fd_sc_hd__dfrtp_2)
                                              2.218929   data arrival time

                                  0.000000    0.000000   clock clk (rise edge)
                                  0.000000    0.000000   clock source latency
     1    0.012132    0.095756    0.063106    0.063106 ^ clk (in)
                                                         clk (net)
                      0.095759    0.000000    0.063106 ^ clkbuf_0_clk/A (sky130_fd_sc_hd__clkbuf_16)
     2    0.019921    0.067331    0.233137    0.296243 ^ clkbuf_0_clk/X (sky130_fd_sc_hd__clkbuf_16)
                                                         clknet_0_clk (net)
                      0.067347    0.000553    0.296796 ^ clkbuf_1_1__f_clk/A (sky130_fd_sc_hd__clkbuf_16)
     6    0.016827    0.063491    0.215752    0.512548 ^ clkbuf_1_1__f_clk/X (sky130_fd_sc_hd__clkbuf_16)
                                                         clknet_1_1__leaf_clk (net)
                      0.063491    0.000434    0.512982 ^ _42_/CLK (sky130_fd_sc_hd__dfrtp_2)
                                  0.250000    0.762982   clock uncertainty
                                  0.000000    0.762982   clock reconvergence pessimism
                                  0.730691    1.493673   library removal time
                                              1.493673   data required time
---------------------------------------------------------------------------------------------
                                              1.493673   data required time
                                             -2.218929   data arrival time
---------------------------------------------------------------------------------------------
                                              0.725256   slack (MET)


Startpoint: rst_n (input port clocked by clk)
Endpoint: _36_ (removal check against rising-edge clock clk)
Path Group: asynchronous
Path Type: min

Fanout         Cap        Slew       Delay        Time   Description
---------------------------------------------------------------------------------------------
                                  0.000000    0.000000   clock clk (rise edge)
                                  0.000000    0.000000   clock network delay (propagated)
                                  2.000000    2.000000 ^ input external delay
    10    0.043645    0.315420    0.219280    2.219280 ^ rst_n (in)
                                                         rst_n (net)
                      0.315430    0.000000    2.219280 ^ _36_/RESET_B (sky130_fd_sc_hd__dfrtp_2)
                                              2.219280   data arrival time

                                  0.000000    0.000000   clock clk (rise edge)
                                  0.000000    0.000000   clock source latency
     1    0.012132    0.095756    0.063106    0.063106 ^ clk (in)
                                                         clk (net)
                      0.095759    0.000000    0.063106 ^ clkbuf_0_clk/A (sky130_fd_sc_hd__clkbuf_16)
     2    0.019921    0.067331    0.233137    0.296243 ^ clkbuf_0_clk/X (sky130_fd_sc_hd__clkbuf_16)
                                                         clknet_0_clk (net)
                      0.067347    0.000553    0.296796 ^ clkbuf_1_1__f_clk/A (sky130_fd_sc_hd__clkbuf_16)
     6    0.016827    0.063491    0.215752    0.512548 ^ clkbuf_1_1__f_clk/X (sky130_fd_sc_hd__clkbuf_16)
                                                         clknet_1_1__leaf_clk (net)
                      0.063491    0.000610    0.513158 ^ _36_/CLK (sky130_fd_sc_hd__dfrtp_2)
                                  0.250000    0.763158   clock uncertainty
                                  0.000000    0.763158   clock reconvergence pessimism
                                  0.730692    1.493850   library removal time
                                              1.493850   data required time
---------------------------------------------------------------------------------------------
                                              1.493850   data required time
                                             -2.219280   data arrival time
---------------------------------------------------------------------------------------------
                                              0.725431   slack (MET)


Startpoint: rst_n (input port clocked by clk)
Endpoint: _45_ (removal check against rising-edge clock clk)
Path Group: asynchronous
Path Type: min

Fanout         Cap        Slew       Delay        Time   Description
---------------------------------------------------------------------------------------------
                                  0.000000    0.000000   clock clk (rise edge)
                                  0.000000    0.000000   clock network delay (propagated)
                                  2.000000    2.000000 ^ input external delay
    10    0.043645    0.315420    0.219454    2.219454 ^ rst_n (in)
                                                         rst_n (net)
                      0.315433    0.000000    2.219454 ^ _45_/RESET_B (sky130_fd_sc_hd__dfrtp_2)
                                              2.219454   data arrival time

                                  0.000000    0.000000   clock clk (rise edge)
                                  0.000000    0.000000   clock source latency
     1    0.012132    0.095756    0.063106    0.063106 ^ clk (in)
                                                         clk (net)
                      0.095759    0.000000    0.063106 ^ clkbuf_0_clk/A (sky130_fd_sc_hd__clkbuf_16)
     2    0.019921    0.067331    0.233137    0.296243 ^ clkbuf_0_clk/X (sky130_fd_sc_hd__clkbuf_16)
                                                         clknet_0_clk (net)
                      0.067347    0.000553    0.296796 ^ clkbuf_1_1__f_clk/A (sky130_fd_sc_hd__clkbuf_16)
     6    0.016827    0.063491    0.215752    0.512548 ^ clkbuf_1_1__f_clk/X (sky130_fd_sc_hd__clkbuf_16)
                                                         clknet_1_1__leaf_clk (net)
                      0.063491    0.000763    0.513310 ^ _45_/CLK (sky130_fd_sc_hd__dfrtp_2)
                                  0.250000    0.763310   clock uncertainty
                                  0.000000    0.763310   clock reconvergence pessimism
                                  0.730693    1.494003   library removal time
                                              1.494003   data required time
---------------------------------------------------------------------------------------------
                                              1.494003   data required time
                                             -2.219454   data arrival time
---------------------------------------------------------------------------------------------
                                              0.725450   slack (MET)


Startpoint: rst_n (input port clocked by clk)
Endpoint: _44_ (removal check against rising-edge clock clk)
Path Group: asynchronous
Path Type: min

Fanout         Cap        Slew       Delay        Time   Description
---------------------------------------------------------------------------------------------
                                  0.000000    0.000000   clock clk (rise edge)
                                  0.000000    0.000000   clock network delay (propagated)
                                  2.000000    2.000000 ^ input external delay
    10    0.043645    0.315420    0.219445    2.219445 ^ rst_n (in)
                                                         rst_n (net)
                      0.315433    0.000000    2.219445 ^ _44_/RESET_B (sky130_fd_sc_hd__dfrtp_2)
                                              2.219445   data arrival time

                                  0.000000    0.000000   clock clk (rise edge)
                                  0.000000    0.000000   clock source latency
     1    0.012132    0.095756    0.063106    0.063106 ^ clk (in)
                                                         clk (net)
                      0.095759    0.000000    0.063106 ^ clkbuf_0_clk/A (sky130_fd_sc_hd__clkbuf_16)
     2    0.019921    0.067331    0.233137    0.296243 ^ clkbuf_0_clk/X (sky130_fd_sc_hd__clkbuf_16)
                                                         clknet_0_clk (net)
                      0.067347    0.000553    0.296796 ^ clkbuf_1_1__f_clk/A (sky130_fd_sc_hd__clkbuf_16)
     6    0.016827    0.063491    0.215752    0.512548 ^ clkbuf_1_1__f_clk/X (sky130_fd_sc_hd__clkbuf_16)
                                                         clknet_1_1__leaf_clk (net)
                      0.063491    0.000713    0.513260 ^ _44_/CLK (sky130_fd_sc_hd__dfrtp_2)
                                  0.250000    0.763260   clock uncertainty
                                  0.000000    0.763260   clock reconvergence pessimism
                                  0.730693    1.493953   library removal time
                                              1.493953   data required time
---------------------------------------------------------------------------------------------
                                              1.493953   data required time
                                             -2.219445   data arrival time
---------------------------------------------------------------------------------------------
                                              0.725492   slack (MET)


Startpoint: rst_n (input port clocked by clk)
Endpoint: _43_ (removal check against rising-edge clock clk)
Path Group: asynchronous
Path Type: min

Fanout         Cap        Slew       Delay        Time   Description
---------------------------------------------------------------------------------------------
                                  0.000000    0.000000   clock clk (rise edge)
                                  0.000000    0.000000   clock network delay (propagated)
                                  2.000000    2.000000 ^ input external delay
    10    0.043645    0.315420    0.218460    2.218460 ^ rst_n (in)
                                                         rst_n (net)
                      0.315422    0.000000    2.218460 ^ _43_/RESET_B (sky130_fd_sc_hd__dfrtp_2)
                                              2.218460   data arrival time

                                  0.000000    0.000000   clock clk (rise edge)
                                  0.000000    0.000000   clock source latency
     1    0.012132    0.095756    0.063106    0.063106 ^ clk (in)
                                                         clk (net)
                      0.095759    0.000000    0.063106 ^ clkbuf_0_clk/A (sky130_fd_sc_hd__clkbuf_16)
     2    0.019921    0.067331    0.233137    0.296243 ^ clkbuf_0_clk/X (sky130_fd_sc_hd__clkbuf_16)
                                                         clknet_0_clk (net)
                      0.067346    0.000512    0.296755 ^ clkbuf_1_0__f_clk/A (sky130_fd_sc_hd__clkbuf_16)
     5    0.014384    0.060435    0.212391    0.509146 ^ clkbuf_1_0__f_clk/X (sky130_fd_sc_hd__clkbuf_16)
                                                         clknet_1_0__leaf_clk (net)
                      0.060435    0.000289    0.509435 ^ _43_/CLK (sky130_fd_sc_hd__dfrtp_2)
                                  0.250000    0.759435   clock uncertainty
                                  0.000000    0.759435   clock reconvergence pessimism
                                  0.729770    1.489206   library removal time
                                              1.489206   data required time
---------------------------------------------------------------------------------------------
                                              1.489206   data required time
                                             -2.218460   data arrival time
---------------------------------------------------------------------------------------------
                                              0.729255   slack (MET)


Startpoint: rst_n (input port clocked by clk)
Endpoint: _39_ (removal check against rising-edge clock clk)
Path Group: asynchronous
Path Type: min

Fanout         Cap        Slew       Delay        Time   Description
---------------------------------------------------------------------------------------------
                                  0.000000    0.000000   clock clk (rise edge)
                                  0.000000    0.000000   clock network delay (propagated)
                                  2.000000    2.000000 ^ input external delay
    10    0.043645    0.315420    0.218595    2.218595 ^ rst_n (in)
                                                         rst_n (net)
                      0.315423    0.000000    2.218595 ^ _39_/RESET_B (sky130_fd_sc_hd__dfrtp_2)
                                              2.218595   data arrival time

                                  0.000000    0.000000   clock clk (rise edge)
                                  0.000000    0.000000   clock source latency
     1    0.012132    0.095756    0.063106    0.063106 ^ clk (in)
                                                         clk (net)
                      0.095759    0.000000    0.063106 ^ clkbuf_0_clk/A (sky130_fd_sc_hd__clkbuf_16)
     2    0.019921    0.067331    0.233137    0.296243 ^ clkbuf_0_clk/X (sky130_fd_sc_hd__clkbuf_16)
                                                         clknet_0_clk (net)
                      0.067346    0.000512    0.296755 ^ clkbuf_1_0__f_clk/A (sky130_fd_sc_hd__clkbuf_16)
     5    0.014384    0.060435    0.212391    0.509146 ^ clkbuf_1_0__f_clk/X (sky130_fd_sc_hd__clkbuf_16)
                                                         clknet_1_0__leaf_clk (net)
                      0.060435    0.000294    0.509440 ^ _39_/CLK (sky130_fd_sc_hd__dfrtp_2)
                                  0.250000    0.759440   clock uncertainty
                                  0.000000    0.759440   clock reconvergence pessimism
                                  0.729771    1.489211   library removal time
                                              1.489211   data required time
---------------------------------------------------------------------------------------------
                                              1.489211   data required time
                                             -2.218595   data arrival time
---------------------------------------------------------------------------------------------
                                              0.729384   slack (MET)


Startpoint: rst_n (input port clocked by clk)
Endpoint: _37_ (removal check against rising-edge clock clk)
Path Group: asynchronous
Path Type: min

Fanout         Cap        Slew       Delay        Time   Description
---------------------------------------------------------------------------------------------
                                  0.000000    0.000000   clock clk (rise edge)
                                  0.000000    0.000000   clock network delay (propagated)
                                  2.000000    2.000000 ^ input external delay
    10    0.043645    0.315420    0.219532    2.219532 ^ rst_n (in)
                                                         rst_n (net)
                      0.315434    0.000000    2.219532 ^ _37_/RESET_B (sky130_fd_sc_hd__dfrtp_2)
                                              2.219532   data arrival time

                                  0.000000    0.000000   clock clk (rise edge)
                                  0.000000    0.000000   clock source latency
     1    0.012132    0.095756    0.063106    0.063106 ^ clk (in)
                                                         clk (net)
                      0.095759    0.000000    0.063106 ^ clkbuf_0_clk/A (sky130_fd_sc_hd__clkbuf_16)
     2    0.019921    0.067331    0.233137    0.296243 ^ clkbuf_0_clk/X (sky130_fd_sc_hd__clkbuf_16)
                                                         clknet_0_clk (net)
                      0.067346    0.000512    0.296755 ^ clkbuf_1_0__f_clk/A (sky130_fd_sc_hd__clkbuf_16)
     5    0.014384    0.060435    0.212391    0.509146 ^ clkbuf_1_0__f_clk/X (sky130_fd_sc_hd__clkbuf_16)
                                                         clknet_1_0__leaf_clk (net)
                      0.060435    0.000300    0.509447 ^ _37_/CLK (sky130_fd_sc_hd__dfrtp_2)
                                  0.250000    0.759447   clock uncertainty
                                  0.000000    0.759447   clock reconvergence pessimism
                                  0.729774    1.489221   library removal time
                                              1.489221   data required time
---------------------------------------------------------------------------------------------
                                              1.489221   data required time
                                             -2.219532   data arrival time
---------------------------------------------------------------------------------------------
                                              0.730311   slack (MET)


Startpoint: rst_n (input port clocked by clk)
Endpoint: _38_ (removal check against rising-edge clock clk)
Path Group: asynchronous
Path Type: min

Fanout         Cap        Slew       Delay        Time   Description
---------------------------------------------------------------------------------------------
                                  0.000000    0.000000   clock clk (rise edge)
                                  0.000000    0.000000   clock network delay (propagated)
                                  2.000000    2.000000 ^ input external delay
    10    0.043645    0.315420    0.219526    2.219526 ^ rst_n (in)
                                                         rst_n (net)
                      0.315434    0.000000    2.219526 ^ _38_/RESET_B (sky130_fd_sc_hd__dfrtp_2)
                                              2.219526   data arrival time

                                  0.000000    0.000000   clock clk (rise edge)
                                  0.000000    0.000000   clock source latency
     1    0.012132    0.095756    0.063106    0.063106 ^ clk (in)
                                                         clk (net)
                      0.095759    0.000000    0.063106 ^ clkbuf_0_clk/A (sky130_fd_sc_hd__clkbuf_16)
     2    0.019921    0.067331    0.233137    0.296243 ^ clkbuf_0_clk/X (sky130_fd_sc_hd__clkbuf_16)
                                                         clknet_0_clk (net)
                      0.067346    0.000512    0.296755 ^ clkbuf_1_0__f_clk/A (sky130_fd_sc_hd__clkbuf_16)
     5    0.014384    0.060435    0.212391    0.509146 ^ clkbuf_1_0__f_clk/X (sky130_fd_sc_hd__clkbuf_16)
                                                         clknet_1_0__leaf_clk (net)
                      0.060435    0.000267    0.509413 ^ _38_/CLK (sky130_fd_sc_hd__dfrtp_2)
                                  0.250000    0.759413   clock uncertainty
                                  0.000000    0.759413   clock reconvergence pessimism
                                  0.729774    1.489187   library removal time
                                              1.489187   data required time
---------------------------------------------------------------------------------------------
                                              1.489187   data required time
                                             -2.219526   data arrival time
---------------------------------------------------------------------------------------------
                                              0.730338   slack (MET)


Startpoint: _45_ (rising edge-triggered flip-flop clocked by clk)
Endpoint: _44_ (rising edge-triggered flip-flop clocked by clk)
Path Group: clk
Path Type: min

Fanout         Cap        Slew       Delay        Time   Description
---------------------------------------------------------------------------------------------
                                  0.000000    0.000000   clock clk (rise edge)
                                  0.000000    0.000000   clock source latency
     1    0.012132    0.095756    0.063106    0.063106 ^ clk (in)
                                                         clk (net)
                      0.095759    0.000000    0.063106 ^ clkbuf_0_clk/A (sky130_fd_sc_hd__clkbuf_16)
     2    0.019921    0.067331    0.233137    0.296243 ^ clkbuf_0_clk/X (sky130_fd_sc_hd__clkbuf_16)
                                                         clknet_0_clk (net)
                      0.067347    0.000553    0.296796 ^ clkbuf_1_1__f_clk/A (sky130_fd_sc_hd__clkbuf_16)
     6    0.016827    0.063491    0.215752    0.512548 ^ clkbuf_1_1__f_clk/X (sky130_fd_sc_hd__clkbuf_16)
                                                         clknet_1_1__leaf_clk (net)
                      0.063491    0.000763    0.513310 ^ _45_/CLK (sky130_fd_sc_hd__dfrtp_2)
     1    0.002341    0.066619    0.665144    1.178455 ^ _45_/Q (sky130_fd_sc_hd__dfrtp_2)
                                                         sync_ff1 (net)
                      0.066619    0.000066    1.178520 ^ _24_/B (sky130_fd_sc_hd__and2_2)
     1    0.002890    0.067678    0.257864    1.436384 ^ _24_/X (sky130_fd_sc_hd__and2_2)
                                                         _00_ (net)
                      0.067678    0.000084    1.436468 ^ _44_/D (sky130_fd_sc_hd__dfrtp_2)
                                              1.436468   data arrival time

                                  0.000000    0.000000   clock clk (rise edge)
                                  0.000000    0.000000   clock source latency
     1    0.012132    0.095756    0.063106    0.063106 ^ clk (in)
                                                         clk (net)
                      0.095759    0.000000    0.063106 ^ clkbuf_0_clk/A (sky130_fd_sc_hd__clkbuf_16)
     2    0.019921    0.067331    0.233137    0.296243 ^ clkbuf_0_clk/X (sky130_fd_sc_hd__clkbuf_16)
                                                         clknet_0_clk (net)
                      0.067347    0.000553    0.296796 ^ clkbuf_1_1__f_clk/A (sky130_fd_sc_hd__clkbuf_16)
     6    0.016827    0.063491    0.215752    0.512548 ^ clkbuf_1_1__f_clk/X (sky130_fd_sc_hd__clkbuf_16)
                                                         clknet_1_1__leaf_clk (net)
                      0.063491    0.000713    0.513260 ^ _44_/CLK (sky130_fd_sc_hd__dfrtp_2)
                                  0.250000    0.763260   clock uncertainty
                                  0.000000    0.763260   clock reconvergence pessimism
                                 -0.077437    0.685824   library hold time
                                              0.685824   data required time
---------------------------------------------------------------------------------------------
                                              0.685824   data required time
                                             -1.436468   data arrival time
---------------------------------------------------------------------------------------------
                                              0.750644   slack (MET)


Startpoint: _41_ (rising edge-triggered flip-flop clocked by clk)
Endpoint: _41_ (rising edge-triggered flip-flop clocked by clk)
Path Group: clk
Path Type: min

Fanout         Cap        Slew       Delay        Time   Description
---------------------------------------------------------------------------------------------
                                  0.000000    0.000000   clock clk (rise edge)
                                  0.000000    0.000000   clock source latency
     1    0.012132    0.095756    0.063106    0.063106 ^ clk (in)
                                                         clk (net)
                      0.095759    0.000000    0.063106 ^ clkbuf_0_clk/A (sky130_fd_sc_hd__clkbuf_16)
     2    0.019921    0.067331    0.233137    0.296243 ^ clkbuf_0_clk/X (sky130_fd_sc_hd__clkbuf_16)
                                                         clknet_0_clk (net)
                      0.067347    0.000553    0.296796 ^ clkbuf_1_1__f_clk/A (sky130_fd_sc_hd__clkbuf_16)
     6    0.016827    0.063491    0.215752    0.512548 ^ clkbuf_1_1__f_clk/X (sky130_fd_sc_hd__clkbuf_16)
                                                         clknet_1_1__leaf_clk (net)
                      0.063491    0.000756    0.513304 ^ _41_/CLK (sky130_fd_sc_hd__dfrtp_2)
     4    0.012127    0.133121    0.742083    1.255386 ^ _41_/Q (sky130_fd_sc_hd__dfrtp_2)
                                                         ie (net)
                      0.133121    0.000290    1.255676 ^ _33_/A1 (sky130_fd_sc_hd__mux2_1)
     1    0.003115    0.075963    0.260460    1.516136 ^ _33_/X (sky130_fd_sc_hd__mux2_1)
                                                         _07_ (net)
                      0.075963    0.000097    1.516233 ^ _41_/D (sky130_fd_sc_hd__dfrtp_2)
                                              1.516233   data arrival time

                                  0.000000    0.000000   clock clk (rise edge)
                                  0.000000    0.000000   clock source latency
     1    0.012132    0.095756    0.063106    0.063106 ^ clk (in)
                                                         clk (net)
                      0.095759    0.000000    0.063106 ^ clkbuf_0_clk/A (sky130_fd_sc_hd__clkbuf_16)
     2    0.019921    0.067331    0.233137    0.296243 ^ clkbuf_0_clk/X (sky130_fd_sc_hd__clkbuf_16)
                                                         clknet_0_clk (net)
                      0.067347    0.000553    0.296796 ^ clkbuf_1_1__f_clk/A (sky130_fd_sc_hd__clkbuf_16)
     6    0.016827    0.063491    0.215752    0.512548 ^ clkbuf_1_1__f_clk/X (sky130_fd_sc_hd__clkbuf_16)
                                                         clknet_1_1__leaf_clk (net)
                      0.063491    0.000756    0.513304 ^ _41_/CLK (sky130_fd_sc_hd__dfrtp_2)
                                  0.250000    0.763304   clock uncertainty
                                  0.000000    0.763304   clock reconvergence pessimism
                                 -0.079322    0.683982   library hold time
                                              0.683982   data required time
---------------------------------------------------------------------------------------------
                                              0.683982   data required time
                                             -1.516233   data arrival time
---------------------------------------------------------------------------------------------
                                              0.832251   slack (MET)


Startpoint: _41_ (rising edge-triggered flip-flop clocked by clk)
Endpoint: _45_ (rising edge-triggered flip-flop clocked by clk)
Path Group: clk
Path Type: min

Fanout         Cap        Slew       Delay        Time   Description
---------------------------------------------------------------------------------------------
                                  0.000000    0.000000   clock clk (rise edge)
                                  0.000000    0.000000   clock source latency
     1    0.012132    0.095756    0.063106    0.063106 ^ clk (in)
                                                         clk (net)
                      0.095759    0.000000    0.063106 ^ clkbuf_0_clk/A (sky130_fd_sc_hd__clkbuf_16)
     2    0.019921    0.067331    0.233137    0.296243 ^ clkbuf_0_clk/X (sky130_fd_sc_hd__clkbuf_16)
                                                         clknet_0_clk (net)
                      0.067347    0.000553    0.296796 ^ clkbuf_1_1__f_clk/A (sky130_fd_sc_hd__clkbuf_16)
     6    0.016827    0.063491    0.215752    0.512548 ^ clkbuf_1_1__f_clk/X (sky130_fd_sc_hd__clkbuf_16)
                                                         clknet_1_1__leaf_clk (net)
                      0.063491    0.000756    0.513304 ^ _41_/CLK (sky130_fd_sc_hd__dfrtp_2)
     4    0.012127    0.133121    0.742083    1.255386 ^ _41_/Q (sky130_fd_sc_hd__dfrtp_2)
                                                         ie (net)
                      0.133121    0.000341    1.255727 ^ _26_/A (sky130_fd_sc_hd__and2_2)
     1    0.002674    0.066177    0.274049    1.529777 ^ _26_/X (sky130_fd_sc_hd__and2_2)
                                                         _01_ (net)
                      0.066177    0.000079    1.529856 ^ _45_/D (sky130_fd_sc_hd__dfrtp_2)
                                              1.529856   data arrival time

                                  0.000000    0.000000   clock clk (rise edge)
                                  0.000000    0.000000   clock source latency
     1    0.012132    0.095756    0.063106    0.063106 ^ clk (in)
                                                         clk (net)
                      0.095759    0.000000    0.063106 ^ clkbuf_0_clk/A (sky130_fd_sc_hd__clkbuf_16)
     2    0.019921    0.067331    0.233137    0.296243 ^ clkbuf_0_clk/X (sky130_fd_sc_hd__clkbuf_16)
                                                         clknet_0_clk (net)
                      0.067347    0.000553    0.296796 ^ clkbuf_1_1__f_clk/A (sky130_fd_sc_hd__clkbuf_16)
     6    0.016827    0.063491    0.215752    0.512548 ^ clkbuf_1_1__f_clk/X (sky130_fd_sc_hd__clkbuf_16)
                                                         clknet_1_1__leaf_clk (net)
                      0.063491    0.000763    0.513310 ^ _45_/CLK (sky130_fd_sc_hd__dfrtp_2)
                                  0.250000    0.763310   clock uncertainty
                                  0.000000    0.763310   clock reconvergence pessimism
                                 -0.077095    0.686215   library hold time
                                              0.686215   data required time
---------------------------------------------------------------------------------------------
                                              0.686215   data required time
                                             -1.529856   data arrival time
---------------------------------------------------------------------------------------------
                                              0.843641   slack (MET)


Startpoint: _43_ (rising edge-triggered flip-flop clocked by clk)
Endpoint: _43_ (rising edge-triggered flip-flop clocked by clk)
Path Group: clk
Path Type: min

Fanout         Cap        Slew       Delay        Time   Description
---------------------------------------------------------------------------------------------
                                  0.000000    0.000000   clock clk (rise edge)
                                  0.000000    0.000000   clock source latency
     1    0.012132    0.095756    0.063106    0.063106 ^ clk (in)
                                                         clk (net)
                      0.095759    0.000000    0.063106 ^ clkbuf_0_clk/A (sky130_fd_sc_hd__clkbuf_16)
     2    0.019921    0.067331    0.233137    0.296243 ^ clkbuf_0_clk/X (sky130_fd_sc_hd__clkbuf_16)
                                                         clknet_0_clk (net)
                      0.067346    0.000512    0.296755 ^ clkbuf_1_0__f_clk/A (sky130_fd_sc_hd__clkbuf_16)
     5    0.014384    0.060435    0.212391    0.509146 ^ clkbuf_1_0__f_clk/X (sky130_fd_sc_hd__clkbuf_16)
                                                         clknet_1_0__leaf_clk (net)
                      0.060435    0.000289    0.509435 ^ _43_/CLK (sky130_fd_sc_hd__dfrtp_2)
     3    0.015502    0.157447    0.763565    1.273000 ^ _43_/Q (sky130_fd_sc_hd__dfrtp_2)
                                                         loopback_en (net)
                      0.157447    0.000518    1.273518 ^ _35_/A1 (sky130_fd_sc_hd__mux2_1)
     1    0.003745    0.083546    0.279148    1.552666 ^ _35_/X (sky130_fd_sc_hd__mux2_1)
                                                         _09_ (net)
                      0.083546    0.000118    1.552783 ^ _43_/D (sky130_fd_sc_hd__dfrtp_2)
                                              1.552783   data arrival time

                                  0.000000    0.000000   clock clk (rise edge)
                                  0.000000    0.000000   clock source latency
     1    0.012132    0.095756    0.063106    0.063106 ^ clk (in)
                                                         clk (net)
                      0.095759    0.000000    0.063106 ^ clkbuf_0_clk/A (sky130_fd_sc_hd__clkbuf_16)
     2    0.019921    0.067331    0.233137    0.296243 ^ clkbuf_0_clk/X (sky130_fd_sc_hd__clkbuf_16)
                                                         clknet_0_clk (net)
                      0.067346    0.000512    0.296755 ^ clkbuf_1_0__f_clk/A (sky130_fd_sc_hd__clkbuf_16)
     5    0.014384    0.060435    0.212391    0.509146 ^ clkbuf_1_0__f_clk/X (sky130_fd_sc_hd__clkbuf_16)
                                                         clknet_1_0__leaf_clk (net)
                      0.060435    0.000289    0.509435 ^ _43_/CLK (sky130_fd_sc_hd__dfrtp_2)
                                  0.250000    0.759435   clock uncertainty
                                  0.000000    0.759435   clock reconvergence pessimism
                                 -0.081549    0.677886   library hold time
                                              0.677886   data required time
---------------------------------------------------------------------------------------------
                                              0.677886   data required time
                                             -1.552783   data arrival time
---------------------------------------------------------------------------------------------
                                              0.874897   slack (MET)


Startpoint: _37_ (rising edge-triggered flip-flop clocked by clk)
Endpoint: _37_ (rising edge-triggered flip-flop clocked by clk)
Path Group: clk
Path Type: min

Fanout         Cap        Slew       Delay        Time   Description
---------------------------------------------------------------------------------------------
                                  0.000000    0.000000   clock clk (rise edge)
                                  0.000000    0.000000   clock source latency
     1    0.012132    0.095756    0.063106    0.063106 ^ clk (in)
                                                         clk (net)
                      0.095759    0.000000    0.063106 ^ clkbuf_0_clk/A (sky130_fd_sc_hd__clkbuf_16)
     2    0.019921    0.067331    0.233137    0.296243 ^ clkbuf_0_clk/X (sky130_fd_sc_hd__clkbuf_16)
                                                         clknet_0_clk (net)
                      0.067346    0.000512    0.296755 ^ clkbuf_1_0__f_clk/A (sky130_fd_sc_hd__clkbuf_16)
     5    0.014384    0.060435    0.212391    0.509146 ^ clkbuf_1_0__f_clk/X (sky130_fd_sc_hd__clkbuf_16)
                                                         clknet_1_0__leaf_clk (net)
                      0.060435    0.000300    0.509447 ^ _37_/CLK (sky130_fd_sc_hd__dfrtp_2)
     3    0.041390    0.331196    0.906503    1.415949 ^ _37_/Q (sky130_fd_sc_hd__dfrtp_2)
                                                         pad_pu_en (net)
                      0.331196    0.000804    1.416753 ^ _29_/A1 (sky130_fd_sc_hd__mux2_1)
     1    0.002265    0.065736    0.324887    1.741640 ^ _29_/X (sky130_fd_sc_hd__mux2_1)
                                                         _03_ (net)
                      0.065736    0.000065    1.741705 ^ _37_/D (sky130_fd_sc_hd__dfrtp_2)
                                              1.741705   data arrival time

                                  0.000000    0.000000   clock clk (rise edge)
                                  0.000000    0.000000   clock source latency
     1    0.012132    0.095756    0.063106    0.063106 ^ clk (in)
                                                         clk (net)
                      0.095759    0.000000    0.063106 ^ clkbuf_0_clk/A (sky130_fd_sc_hd__clkbuf_16)
     2    0.019921    0.067331    0.233137    0.296243 ^ clkbuf_0_clk/X (sky130_fd_sc_hd__clkbuf_16)
                                                         clknet_0_clk (net)
                      0.067346    0.000512    0.296755 ^ clkbuf_1_0__f_clk/A (sky130_fd_sc_hd__clkbuf_16)
     5    0.014384    0.060435    0.212391    0.509146 ^ clkbuf_1_0__f_clk/X (sky130_fd_sc_hd__clkbuf_16)
                                                         clknet_1_0__leaf_clk (net)
                      0.060435    0.000300    0.509447 ^ _37_/CLK (sky130_fd_sc_hd__dfrtp_2)
                                  0.250000    0.759447   clock uncertainty
                                  0.000000    0.759447   clock reconvergence pessimism
                                 -0.077496    0.681951   library hold time
                                              0.681951   data required time
---------------------------------------------------------------------------------------------
                                              0.681951   data required time
                                             -1.741705   data arrival time
---------------------------------------------------------------------------------------------
                                              1.059754   slack (MET)


Startpoint: _40_ (rising edge-triggered flip-flop clocked by clk)
Endpoint: _40_ (rising edge-triggered flip-flop clocked by clk)
Path Group: clk
Path Type: min

Fanout         Cap        Slew       Delay        Time   Description
---------------------------------------------------------------------------------------------
                                  0.000000    0.000000   clock clk (rise edge)
                                  0.000000    0.000000   clock source latency
     1    0.012132    0.095756    0.063106    0.063106 ^ clk (in)
                                                         clk (net)
                      0.095759    0.000000    0.063106 ^ clkbuf_0_clk/A (sky130_fd_sc_hd__clkbuf_16)
     2    0.019921    0.067331    0.233137    0.296243 ^ clkbuf_0_clk/X (sky130_fd_sc_hd__clkbuf_16)
                                                         clknet_0_clk (net)
                      0.067347    0.000553    0.296796 ^ clkbuf_1_1__f_clk/A (sky130_fd_sc_hd__clkbuf_16)
     6    0.016827    0.063491    0.215752    0.512548 ^ clkbuf_1_1__f_clk/X (sky130_fd_sc_hd__clkbuf_16)
                                                         clknet_1_1__leaf_clk (net)
                      0.063491    0.000604    0.513151 ^ _40_/CLK (sky130_fd_sc_hd__dfrtp_2)
     3    0.042631    0.340096    0.913868    1.427020 ^ _40_/Q (sky130_fd_sc_hd__dfrtp_2)
                                                         pad_slew[1] (net)
                      0.340096    0.000960    1.427980 ^ _32_/A1 (sky130_fd_sc_hd__mux2_1)
     1    0.002596    0.069924    0.332594    1.760575 ^ _32_/X (sky130_fd_sc_hd__mux2_1)
                                                         _06_ (net)
                      0.069924    0.000077    1.760652 ^ _40_/D (sky130_fd_sc_hd__dfrtp_2)
                                              1.760652   data arrival time

                                  0.000000    0.000000   clock clk (rise edge)
                                  0.000000    0.000000   clock source latency
     1    0.012132    0.095756    0.063106    0.063106 ^ clk (in)
                                                         clk (net)
                      0.095759    0.000000    0.063106 ^ clkbuf_0_clk/A (sky130_fd_sc_hd__clkbuf_16)
     2    0.019921    0.067331    0.233137    0.296243 ^ clkbuf_0_clk/X (sky130_fd_sc_hd__clkbuf_16)
                                                         clknet_0_clk (net)
                      0.067347    0.000553    0.296796 ^ clkbuf_1_1__f_clk/A (sky130_fd_sc_hd__clkbuf_16)
     6    0.016827    0.063491    0.215752    0.512548 ^ clkbuf_1_1__f_clk/X (sky130_fd_sc_hd__clkbuf_16)
                                                         clknet_1_1__leaf_clk (net)
                      0.063491    0.000604    0.513151 ^ _40_/CLK (sky130_fd_sc_hd__dfrtp_2)
                                  0.250000    0.763151   clock uncertainty
                                  0.000000    0.763151   clock reconvergence pessimism
                                 -0.077948    0.685204   library hold time
                                              0.685204   data required time
---------------------------------------------------------------------------------------------
                                              0.685204   data required time
                                             -1.760652   data arrival time
---------------------------------------------------------------------------------------------
                                              1.075448   slack (MET)


Startpoint: _38_ (rising edge-triggered flip-flop clocked by clk)
Endpoint: _38_ (rising edge-triggered flip-flop clocked by clk)
Path Group: clk
Path Type: min

Fanout         Cap        Slew       Delay        Time   Description
---------------------------------------------------------------------------------------------
                                  0.000000    0.000000   clock clk (rise edge)
                                  0.000000    0.000000   clock source latency
     1    0.012132    0.095756    0.063106    0.063106 ^ clk (in)
                                                         clk (net)
                      0.095759    0.000000    0.063106 ^ clkbuf_0_clk/A (sky130_fd_sc_hd__clkbuf_16)
     2    0.019921    0.067331    0.233137    0.296243 ^ clkbuf_0_clk/X (sky130_fd_sc_hd__clkbuf_16)
                                                         clknet_0_clk (net)
                      0.067346    0.000512    0.296755 ^ clkbuf_1_0__f_clk/A (sky130_fd_sc_hd__clkbuf_16)
     5    0.014384    0.060435    0.212391    0.509146 ^ clkbuf_1_0__f_clk/X (sky130_fd_sc_hd__clkbuf_16)
                                                         clknet_1_0__leaf_clk (net)
                      0.060435    0.000267    0.509413 ^ _38_/CLK (sky130_fd_sc_hd__dfrtp_2)
     3    0.042465    0.338752    0.912049    1.421462 ^ _38_/Q (sky130_fd_sc_hd__dfrtp_2)
                                                         pad_pd_en (net)
                      0.338752    0.000878    1.422340 ^ _30_/A1 (sky130_fd_sc_hd__mux2_1)
     1    0.002740    0.071559    0.334116    1.756455 ^ _30_/X (sky130_fd_sc_hd__mux2_1)
                                                         _04_ (net)
                      0.071559    0.000080    1.756535 ^ _38_/D (sky130_fd_sc_hd__dfrtp_2)
                                              1.756535   data arrival time

                                  0.000000    0.000000   clock clk (rise edge)
                                  0.000000    0.000000   clock source latency
     1    0.012132    0.095756    0.063106    0.063106 ^ clk (in)
                                                         clk (net)
                      0.095759    0.000000    0.063106 ^ clkbuf_0_clk/A (sky130_fd_sc_hd__clkbuf_16)
     2    0.019921    0.067331    0.233137    0.296243 ^ clkbuf_0_clk/X (sky130_fd_sc_hd__clkbuf_16)
                                                         clknet_0_clk (net)
                      0.067346    0.000512    0.296755 ^ clkbuf_1_0__f_clk/A (sky130_fd_sc_hd__clkbuf_16)
     5    0.014384    0.060435    0.212391    0.509146 ^ clkbuf_1_0__f_clk/X (sky130_fd_sc_hd__clkbuf_16)
                                                         clknet_1_0__leaf_clk (net)
                      0.060435    0.000267    0.509413 ^ _38_/CLK (sky130_fd_sc_hd__dfrtp_2)
                                  0.250000    0.759413   clock uncertainty
                                  0.000000    0.759413   clock reconvergence pessimism
                                 -0.078821    0.680592   library hold time
                                              0.680592   data required time
---------------------------------------------------------------------------------------------
                                              0.680592   data required time
                                             -1.756535   data arrival time
---------------------------------------------------------------------------------------------
                                              1.075943   slack (MET)


Startpoint: _36_ (rising edge-triggered flip-flop clocked by clk)
Endpoint: _36_ (rising edge-triggered flip-flop clocked by clk)
Path Group: clk
Path Type: min

Fanout         Cap        Slew       Delay        Time   Description
---------------------------------------------------------------------------------------------
                                  0.000000    0.000000   clock clk (rise edge)
                                  0.000000    0.000000   clock source latency
     1    0.012132    0.095756    0.063106    0.063106 ^ clk (in)
                                                         clk (net)
                      0.095759    0.000000    0.063106 ^ clkbuf_0_clk/A (sky130_fd_sc_hd__clkbuf_16)
     2    0.019921    0.067331    0.233137    0.296243 ^ clkbuf_0_clk/X (sky130_fd_sc_hd__clkbuf_16)
                                                         clknet_0_clk (net)
                      0.067347    0.000553    0.296796 ^ clkbuf_1_1__f_clk/A (sky130_fd_sc_hd__clkbuf_16)
     6    0.016827    0.063491    0.215752    0.512548 ^ clkbuf_1_1__f_clk/X (sky130_fd_sc_hd__clkbuf_16)
                                                         clknet_1_1__leaf_clk (net)
                      0.063491    0.000610    0.513158 ^ _36_/CLK (sky130_fd_sc_hd__dfrtp_2)
     3    0.041650    0.332958    0.909427    1.422584 ^ _36_/Q (sky130_fd_sc_hd__dfrtp_2)
                                                         pad_oe (net)
                      0.332958    0.000714    1.423298 ^ _28_/A1 (sky130_fd_sc_hd__mux2_1)
     1    0.003372    0.079055    0.340772    1.764071 ^ _28_/X (sky130_fd_sc_hd__mux2_1)
                                                         _02_ (net)
                      0.079055    0.000109    1.764179 ^ _36_/D (sky130_fd_sc_hd__dfrtp_2)
                                              1.764179   data arrival time

                                  0.000000    0.000000   clock clk (rise edge)
                                  0.000000    0.000000   clock source latency
     1    0.012132    0.095756    0.063106    0.063106 ^ clk (in)
                                                         clk (net)
                      0.095759    0.000000    0.063106 ^ clkbuf_0_clk/A (sky130_fd_sc_hd__clkbuf_16)
     2    0.019921    0.067331    0.233137    0.296243 ^ clkbuf_0_clk/X (sky130_fd_sc_hd__clkbuf_16)
                                                         clknet_0_clk (net)
                      0.067347    0.000553    0.296796 ^ clkbuf_1_1__f_clk/A (sky130_fd_sc_hd__clkbuf_16)
     6    0.016827    0.063491    0.215752    0.512548 ^ clkbuf_1_1__f_clk/X (sky130_fd_sc_hd__clkbuf_16)
                                                         clknet_1_1__leaf_clk (net)
                      0.063491    0.000610    0.513158 ^ _36_/CLK (sky130_fd_sc_hd__dfrtp_2)
                                  0.250000    0.763158   clock uncertainty
                                  0.000000    0.763158   clock reconvergence pessimism
                                 -0.080026    0.683132   library hold time
                                              0.683132   data required time
---------------------------------------------------------------------------------------------
                                              0.683132   data required time
                                             -1.764179   data arrival time
---------------------------------------------------------------------------------------------
                                              1.081047   slack (MET)


Startpoint: _42_ (rising edge-triggered flip-flop clocked by clk)
Endpoint: _42_ (rising edge-triggered flip-flop clocked by clk)
Path Group: clk
Path Type: min

Fanout         Cap        Slew       Delay        Time   Description
---------------------------------------------------------------------------------------------
                                  0.000000    0.000000   clock clk (rise edge)
                                  0.000000    0.000000   clock source latency
     1    0.012132    0.095756    0.063106    0.063106 ^ clk (in)
                                                         clk (net)
                      0.095759    0.000000    0.063106 ^ clkbuf_0_clk/A (sky130_fd_sc_hd__clkbuf_16)
     2    0.019921    0.067331    0.233137    0.296243 ^ clkbuf_0_clk/X (sky130_fd_sc_hd__clkbuf_16)
                                                         clknet_0_clk (net)
                      0.067347    0.000553    0.296796 ^ clkbuf_1_1__f_clk/A (sky130_fd_sc_hd__clkbuf_16)
     6    0.016827    0.063491    0.215752    0.512548 ^ clkbuf_1_1__f_clk/X (sky130_fd_sc_hd__clkbuf_16)
                                                         clknet_1_1__leaf_clk (net)
                      0.063491    0.000434    0.512982 ^ _42_/CLK (sky130_fd_sc_hd__dfrtp_2)
     3    0.044274    0.351316    0.923240    1.436222 ^ _42_/Q (sky130_fd_sc_hd__dfrtp_2)
                                                         pad_schmitt_en (net)
                      0.351316    0.000689    1.436910 ^ _34_/A1 (sky130_fd_sc_hd__mux2_1)
     1    0.002895    0.073352    0.340707    1.777618 ^ _34_/X (sky130_fd_sc_hd__mux2_1)
                                                         _08_ (net)
                      0.073352    0.000084    1.777702 ^ _42_/D (sky130_fd_sc_hd__dfrtp_2)
                                              1.777702   data arrival time

                                  0.000000    0.000000   clock clk (rise edge)
                                  0.000000    0.000000   clock source latency
     1    0.012132    0.095756    0.063106    0.063106 ^ clk (in)
                                                         clk (net)
                      0.095759    0.000000    0.063106 ^ clkbuf_0_clk/A (sky130_fd_sc_hd__clkbuf_16)
     2    0.019921    0.067331    0.233137    0.296243 ^ clkbuf_0_clk/X (sky130_fd_sc_hd__clkbuf_16)
                                                         clknet_0_clk (net)
                      0.067347    0.000553    0.296796 ^ clkbuf_1_1__f_clk/A (sky130_fd_sc_hd__clkbuf_16)
     6    0.016827    0.063491    0.215752    0.512548 ^ clkbuf_1_1__f_clk/X (sky130_fd_sc_hd__clkbuf_16)
                                                         clknet_1_1__leaf_clk (net)
                      0.063491    0.000434    0.512982 ^ _42_/CLK (sky130_fd_sc_hd__dfrtp_2)
                                  0.250000    0.762982   clock uncertainty
                                  0.000000    0.762982   clock reconvergence pessimism
                                 -0.078728    0.684254   library hold time
                                              0.684254   data required time
---------------------------------------------------------------------------------------------
                                              0.684254   data required time
                                             -1.777702   data arrival time
---------------------------------------------------------------------------------------------
                                              1.093448   slack (MET)


Startpoint: _39_ (rising edge-triggered flip-flop clocked by clk)
Endpoint: _39_ (rising edge-triggered flip-flop clocked by clk)
Path Group: clk
Path Type: min

Fanout         Cap        Slew       Delay        Time   Description
---------------------------------------------------------------------------------------------
                                  0.000000    0.000000   clock clk (rise edge)
                                  0.000000    0.000000   clock source latency
     1    0.012132    0.095756    0.063106    0.063106 ^ clk (in)
                                                         clk (net)
                      0.095759    0.000000    0.063106 ^ clkbuf_0_clk/A (sky130_fd_sc_hd__clkbuf_16)
     2    0.019921    0.067331    0.233137    0.296243 ^ clkbuf_0_clk/X (sky130_fd_sc_hd__clkbuf_16)
                                                         clknet_0_clk (net)
                      0.067346    0.000512    0.296755 ^ clkbuf_1_0__f_clk/A (sky130_fd_sc_hd__clkbuf_16)
     5    0.014384    0.060435    0.212391    0.509146 ^ clkbuf_1_0__f_clk/X (sky130_fd_sc_hd__clkbuf_16)
                                                         clknet_1_0__leaf_clk (net)
                      0.060435    0.000294    0.509440 ^ _39_/CLK (sky130_fd_sc_hd__dfrtp_2)
     3    0.044234    0.350968    0.921793    1.431233 ^ _39_/Q (sky130_fd_sc_hd__dfrtp_2)
                                                         pad_slew[0] (net)
                      0.350968    0.000752    1.431984 ^ _31_/A1 (sky130_fd_sc_hd__mux2_1)
     1    0.003525    0.080914    0.349288    1.781272 ^ _31_/X (sky130_fd_sc_hd__mux2_1)
                                                         _05_ (net)
                      0.080914    0.000117    1.781389 ^ _39_/D (sky130_fd_sc_hd__dfrtp_2)
                                              1.781389   data arrival time

                                  0.000000    0.000000   clock clk (rise edge)
                                  0.000000    0.000000   clock source latency
     1    0.012132    0.095756    0.063106    0.063106 ^ clk (in)
                                                         clk (net)
                      0.095759    0.000000    0.063106 ^ clkbuf_0_clk/A (sky130_fd_sc_hd__clkbuf_16)
     2    0.019921    0.067331    0.233137    0.296243 ^ clkbuf_0_clk/X (sky130_fd_sc_hd__clkbuf_16)
                                                         clknet_0_clk (net)
                      0.067346    0.000512    0.296755 ^ clkbuf_1_0__f_clk/A (sky130_fd_sc_hd__clkbuf_16)
     5    0.014384    0.060435    0.212391    0.509146 ^ clkbuf_1_0__f_clk/X (sky130_fd_sc_hd__clkbuf_16)
                                                         clknet_1_0__leaf_clk (net)
                      0.060435    0.000294    0.509440 ^ _39_/CLK (sky130_fd_sc_hd__dfrtp_2)
                                  0.250000    0.759440   clock uncertainty
                                  0.000000    0.759440   clock reconvergence pessimism
                                 -0.080950    0.678490   library hold time
                                              0.678490   data required time
---------------------------------------------------------------------------------------------
                                              0.678490   data required time
                                             -1.781389   data arrival time
---------------------------------------------------------------------------------------------
                                              1.102899   slack (MET)


Startpoint: _37_ (rising edge-triggered flip-flop clocked by clk)
Endpoint: pad_pu_en (output port clocked by clk)
Path Group: clk
Path Type: min

Fanout         Cap        Slew       Delay        Time   Description
---------------------------------------------------------------------------------------------
                                  0.000000    0.000000   clock clk (rise edge)
                                  0.000000    0.000000   clock source latency
     1    0.012132    0.095756    0.063106    0.063106 ^ clk (in)
                                                         clk (net)
                      0.095759    0.000000    0.063106 ^ clkbuf_0_clk/A (sky130_fd_sc_hd__clkbuf_16)
     2    0.019921    0.067331    0.233137    0.296243 ^ clkbuf_0_clk/X (sky130_fd_sc_hd__clkbuf_16)
                                                         clknet_0_clk (net)
                      0.067346    0.000512    0.296755 ^ clkbuf_1_0__f_clk/A (sky130_fd_sc_hd__clkbuf_16)
     5    0.014384    0.060435    0.212391    0.509146 ^ clkbuf_1_0__f_clk/X (sky130_fd_sc_hd__clkbuf_16)
                                                         clknet_1_0__leaf_clk (net)
                      0.060435    0.000300    0.509447 ^ _37_/CLK (sky130_fd_sc_hd__dfrtp_2)
     3    0.041390    0.331196    0.906503    1.415949 ^ _37_/Q (sky130_fd_sc_hd__dfrtp_2)
                                                         pad_pu_en (net)
                      0.331196    0.001028    1.416978 ^ pad_pu_en (out)
                                              1.416978   data arrival time

                                  0.000000    0.000000   clock clk (rise edge)
                                  0.000000    0.000000   clock network delay (propagated)
                                  0.250000    0.250000   clock uncertainty
                                  0.000000    0.250000   clock reconvergence pessimism
                                 -2.000000   -1.750000   output external delay
                                             -1.750000   data required time
---------------------------------------------------------------------------------------------
                                             -1.750000   data required time
                                             -1.416978   data arrival time
---------------------------------------------------------------------------------------------
                                              3.166978   slack (MET)


Startpoint: _44_ (rising edge-triggered flip-flop clocked by clk)
Endpoint: core_din (output port clocked by clk)
Path Group: clk
Path Type: min

Fanout         Cap        Slew       Delay        Time   Description
---------------------------------------------------------------------------------------------
                                  0.000000    0.000000   clock clk (rise edge)
                                  0.000000    0.000000   clock source latency
     1    0.012132    0.095756    0.063106    0.063106 ^ clk (in)
                                                         clk (net)
                      0.095759    0.000000    0.063106 ^ clkbuf_0_clk/A (sky130_fd_sc_hd__clkbuf_16)
     2    0.019921    0.067331    0.233137    0.296243 ^ clkbuf_0_clk/X (sky130_fd_sc_hd__clkbuf_16)
                                                         clknet_0_clk (net)
                      0.067347    0.000553    0.296796 ^ clkbuf_1_1__f_clk/A (sky130_fd_sc_hd__clkbuf_16)
     6    0.016827    0.063491    0.215752    0.512548 ^ clkbuf_1_1__f_clk/X (sky130_fd_sc_hd__clkbuf_16)
                                                         clknet_1_1__leaf_clk (net)
                      0.063491    0.000713    0.513260 ^ _44_/CLK (sky130_fd_sc_hd__dfrtp_2)
     2    0.041006    0.328648    0.905559    1.418819 ^ _44_/Q (sky130_fd_sc_hd__dfrtp_2)
                                                         core_din (net)
                      0.328650    0.001500    1.420319 ^ core_din (out)
                                              1.420319   data arrival time

                                  0.000000    0.000000   clock clk (rise edge)
                                  0.000000    0.000000   clock network delay (propagated)
                                  0.250000    0.250000   clock uncertainty
                                  0.000000    0.250000   clock reconvergence pessimism
                                 -2.000000   -1.750000   output external delay
                                             -1.750000   data required time
---------------------------------------------------------------------------------------------
                                             -1.750000   data required time
                                             -1.420319   data arrival time
---------------------------------------------------------------------------------------------
                                              3.170319   slack (MET)


Startpoint: _38_ (rising edge-triggered flip-flop clocked by clk)
Endpoint: pad_pd_en (output port clocked by clk)
Path Group: clk
Path Type: min

Fanout         Cap        Slew       Delay        Time   Description
---------------------------------------------------------------------------------------------
                                  0.000000    0.000000   clock clk (rise edge)
                                  0.000000    0.000000   clock source latency
     1    0.012132    0.095756    0.063106    0.063106 ^ clk (in)
                                                         clk (net)
                      0.095759    0.000000    0.063106 ^ clkbuf_0_clk/A (sky130_fd_sc_hd__clkbuf_16)
     2    0.019921    0.067331    0.233137    0.296243 ^ clkbuf_0_clk/X (sky130_fd_sc_hd__clkbuf_16)
                                                         clknet_0_clk (net)
                      0.067346    0.000512    0.296755 ^ clkbuf_1_0__f_clk/A (sky130_fd_sc_hd__clkbuf_16)
     5    0.014384    0.060435    0.212391    0.509146 ^ clkbuf_1_0__f_clk/X (sky130_fd_sc_hd__clkbuf_16)
                                                         clknet_1_0__leaf_clk (net)
                      0.060435    0.000267    0.509413 ^ _38_/CLK (sky130_fd_sc_hd__dfrtp_2)
     3    0.042465    0.338752    0.912049    1.421462 ^ _38_/Q (sky130_fd_sc_hd__dfrtp_2)
                                                         pad_pd_en (net)
                      0.338753    0.001376    1.422838 ^ pad_pd_en (out)
                                              1.422838   data arrival time

                                  0.000000    0.000000   clock clk (rise edge)
                                  0.000000    0.000000   clock network delay (propagated)
                                  0.250000    0.250000   clock uncertainty
                                  0.000000    0.250000   clock reconvergence pessimism
                                 -2.000000   -1.750000   output external delay
                                             -1.750000   data required time
---------------------------------------------------------------------------------------------
                                             -1.750000   data required time
                                             -1.422838   data arrival time
---------------------------------------------------------------------------------------------
                                              3.172838   slack (MET)


Startpoint: _36_ (rising edge-triggered flip-flop clocked by clk)
Endpoint: pad_oe (output port clocked by clk)
Path Group: clk
Path Type: min

Fanout         Cap        Slew       Delay        Time   Description
---------------------------------------------------------------------------------------------
                                  0.000000    0.000000   clock clk (rise edge)
                                  0.000000    0.000000   clock source latency
     1    0.012132    0.095756    0.063106    0.063106 ^ clk (in)
                                                         clk (net)
                      0.095759    0.000000    0.063106 ^ clkbuf_0_clk/A (sky130_fd_sc_hd__clkbuf_16)
     2    0.019921    0.067331    0.233137    0.296243 ^ clkbuf_0_clk/X (sky130_fd_sc_hd__clkbuf_16)
                                                         clknet_0_clk (net)
                      0.067347    0.000553    0.296796 ^ clkbuf_1_1__f_clk/A (sky130_fd_sc_hd__clkbuf_16)
     6    0.016827    0.063491    0.215752    0.512548 ^ clkbuf_1_1__f_clk/X (sky130_fd_sc_hd__clkbuf_16)
                                                         clknet_1_1__leaf_clk (net)
                      0.063491    0.000610    0.513158 ^ _36_/CLK (sky130_fd_sc_hd__dfrtp_2)
     3    0.041650    0.332958    0.909427    1.422584 ^ _36_/Q (sky130_fd_sc_hd__dfrtp_2)
                                                         pad_oe (net)
                      0.332958    0.000826    1.423411 ^ pad_oe (out)
                                              1.423411   data arrival time

                                  0.000000    0.000000   clock clk (rise edge)
                                  0.000000    0.000000   clock network delay (propagated)
                                  0.250000    0.250000   clock uncertainty
                                  0.000000    0.250000   clock reconvergence pessimism
                                 -2.000000   -1.750000   output external delay
                                             -1.750000   data required time
---------------------------------------------------------------------------------------------
                                             -1.750000   data required time
                                             -1.423411   data arrival time
---------------------------------------------------------------------------------------------
                                              3.173411   slack (MET)


Startpoint: _40_ (rising edge-triggered flip-flop clocked by clk)
Endpoint: pad_slew[1] (output port clocked by clk)
Path Group: clk
Path Type: min

Fanout         Cap        Slew       Delay        Time   Description
---------------------------------------------------------------------------------------------
                                  0.000000    0.000000   clock clk (rise edge)
                                  0.000000    0.000000   clock source latency
     1    0.012132    0.095756    0.063106    0.063106 ^ clk (in)
                                                         clk (net)
                      0.095759    0.000000    0.063106 ^ clkbuf_0_clk/A (sky130_fd_sc_hd__clkbuf_16)
     2    0.019921    0.067331    0.233137    0.296243 ^ clkbuf_0_clk/X (sky130_fd_sc_hd__clkbuf_16)
                                                         clknet_0_clk (net)
                      0.067347    0.000553    0.296796 ^ clkbuf_1_1__f_clk/A (sky130_fd_sc_hd__clkbuf_16)
     6    0.016827    0.063491    0.215752    0.512548 ^ clkbuf_1_1__f_clk/X (sky130_fd_sc_hd__clkbuf_16)
                                                         clknet_1_1__leaf_clk (net)
                      0.063491    0.000604    0.513151 ^ _40_/CLK (sky130_fd_sc_hd__dfrtp_2)
     3    0.042631    0.340096    0.913868    1.427020 ^ _40_/Q (sky130_fd_sc_hd__dfrtp_2)
                                                         pad_slew[1] (net)
                      0.340104    0.002080    1.429100 ^ pad_slew[1] (out)
                                              1.429100   data arrival time

                                  0.000000    0.000000   clock clk (rise edge)
                                  0.000000    0.000000   clock network delay (propagated)
                                  0.250000    0.250000   clock uncertainty
                                  0.000000    0.250000   clock reconvergence pessimism
                                 -2.000000   -1.750000   output external delay
                                             -1.750000   data required time
---------------------------------------------------------------------------------------------
                                             -1.750000   data required time
                                             -1.429100   data arrival time
---------------------------------------------------------------------------------------------
                                              3.179100   slack (MET)


Startpoint: _39_ (rising edge-triggered flip-flop clocked by clk)
Endpoint: pad_slew[0] (output port clocked by clk)
Path Group: clk
Path Type: min

Fanout         Cap        Slew       Delay        Time   Description
---------------------------------------------------------------------------------------------
                                  0.000000    0.000000   clock clk (rise edge)
                                  0.000000    0.000000   clock source latency
     1    0.012132    0.095756    0.063106    0.063106 ^ clk (in)
                                                         clk (net)
                      0.095759    0.000000    0.063106 ^ clkbuf_0_clk/A (sky130_fd_sc_hd__clkbuf_16)
     2    0.019921    0.067331    0.233137    0.296243 ^ clkbuf_0_clk/X (sky130_fd_sc_hd__clkbuf_16)
                                                         clknet_0_clk (net)
                      0.067346    0.000512    0.296755 ^ clkbuf_1_0__f_clk/A (sky130_fd_sc_hd__clkbuf_16)
     5    0.014384    0.060435    0.212391    0.509146 ^ clkbuf_1_0__f_clk/X (sky130_fd_sc_hd__clkbuf_16)
                                                         clknet_1_0__leaf_clk (net)
                      0.060435    0.000294    0.509440 ^ _39_/CLK (sky130_fd_sc_hd__dfrtp_2)
     3    0.044234    0.350968    0.921793    1.431233 ^ _39_/Q (sky130_fd_sc_hd__dfrtp_2)
                                                         pad_slew[0] (net)
                      0.350968    0.000968    1.432200 ^ pad_slew[0] (out)
                                              1.432200   data arrival time

                                  0.000000    0.000000   clock clk (rise edge)
                                  0.000000    0.000000   clock network delay (propagated)
                                  0.250000    0.250000   clock uncertainty
                                  0.000000    0.250000   clock reconvergence pessimism
                                 -2.000000   -1.750000   output external delay
                                             -1.750000   data required time
---------------------------------------------------------------------------------------------
                                             -1.750000   data required time
                                             -1.432200   data arrival time
---------------------------------------------------------------------------------------------
                                              3.182200   slack (MET)


Startpoint: _42_ (rising edge-triggered flip-flop clocked by clk)
Endpoint: pad_schmitt_en (output port clocked by clk)
Path Group: clk
Path Type: min

Fanout         Cap        Slew       Delay        Time   Description
---------------------------------------------------------------------------------------------
                                  0.000000    0.000000   clock clk (rise edge)
                                  0.000000    0.000000   clock source latency
     1    0.012132    0.095756    0.063106    0.063106 ^ clk (in)
                                                         clk (net)
                      0.095759    0.000000    0.063106 ^ clkbuf_0_clk/A (sky130_fd_sc_hd__clkbuf_16)
     2    0.019921    0.067331    0.233137    0.296243 ^ clkbuf_0_clk/X (sky130_fd_sc_hd__clkbuf_16)
                                                         clknet_0_clk (net)
                      0.067347    0.000553    0.296796 ^ clkbuf_1_1__f_clk/A (sky130_fd_sc_hd__clkbuf_16)
     6    0.016827    0.063491    0.215752    0.512548 ^ clkbuf_1_1__f_clk/X (sky130_fd_sc_hd__clkbuf_16)
                                                         clknet_1_1__leaf_clk (net)
                      0.063491    0.000434    0.512982 ^ _42_/CLK (sky130_fd_sc_hd__dfrtp_2)
     3    0.044274    0.351316    0.923240    1.436222 ^ _42_/Q (sky130_fd_sc_hd__dfrtp_2)
                                                         pad_schmitt_en (net)
                      0.351316    0.001214    1.437436 ^ pad_schmitt_en (out)
                                              1.437436   data arrival time

                                  0.000000    0.000000   clock clk (rise edge)
                                  0.000000    0.000000   clock network delay (propagated)
                                  0.250000    0.250000   clock uncertainty
                                  0.000000    0.250000   clock reconvergence pessimism
                                 -2.000000   -1.750000   output external delay
                                             -1.750000   data required time
---------------------------------------------------------------------------------------------
                                             -1.750000   data required time
                                             -1.437436   data arrival time
---------------------------------------------------------------------------------------------
                                              3.187436   slack (MET)


Startpoint: _41_ (rising edge-triggered flip-flop clocked by clk)
Endpoint: reg_rdata[5] (output port clocked by clk)
Path Group: clk
Path Type: min

Fanout         Cap        Slew       Delay        Time   Description
---------------------------------------------------------------------------------------------
                                  0.000000    0.000000   clock clk (rise edge)
                                  0.000000    0.000000   clock source latency
     1    0.012132    0.095756    0.063106    0.063106 ^ clk (in)
                                                         clk (net)
                      0.095759    0.000000    0.063106 ^ clkbuf_0_clk/A (sky130_fd_sc_hd__clkbuf_16)
     2    0.019921    0.067331    0.233137    0.296243 ^ clkbuf_0_clk/X (sky130_fd_sc_hd__clkbuf_16)
                                                         clknet_0_clk (net)
                      0.067347    0.000553    0.296796 ^ clkbuf_1_1__f_clk/A (sky130_fd_sc_hd__clkbuf_16)
     6    0.016827    0.063491    0.215752    0.512548 ^ clkbuf_1_1__f_clk/X (sky130_fd_sc_hd__clkbuf_16)
                                                         clknet_1_1__leaf_clk (net)
                      0.063491    0.000756    0.513304 ^ _41_/CLK (sky130_fd_sc_hd__dfrtp_2)
     4    0.012127    0.133121    0.742083    1.255386 ^ _41_/Q (sky130_fd_sc_hd__dfrtp_2)
                                                         ie (net)
                      0.133121    0.000157    1.255544 ^ _21_/A (sky130_fd_sc_hd__and2_2)
     1    0.034288    0.295971    0.472182    1.727726 ^ _21_/X (sky130_fd_sc_hd__and2_2)
                                                         reg_rdata[5] (net)
                      0.295971    0.000722    1.728448 ^ reg_rdata[5] (out)
                                              1.728448   data arrival time

                                  0.000000    0.000000   clock clk (rise edge)
                                  0.000000    0.000000   clock network delay (propagated)
                                  0.250000    0.250000   clock uncertainty
                                  0.000000    0.250000   clock reconvergence pessimism
                                 -2.000000   -1.750000   output external delay
                                             -1.750000   data required time
---------------------------------------------------------------------------------------------
                                             -1.750000   data required time
                                             -1.728448   data arrival time
---------------------------------------------------------------------------------------------
                                              3.478448   slack (MET)


Startpoint: _43_ (rising edge-triggered flip-flop clocked by clk)
Endpoint: reg_rdata[7] (output port clocked by clk)
Path Group: clk
Path Type: min

Fanout         Cap        Slew       Delay        Time   Description
---------------------------------------------------------------------------------------------
                                  0.000000    0.000000   clock clk (rise edge)
                                  0.000000    0.000000   clock source latency
     1    0.012132    0.095756    0.063106    0.063106 ^ clk (in)
                                                         clk (net)
                      0.095759    0.000000    0.063106 ^ clkbuf_0_clk/A (sky130_fd_sc_hd__clkbuf_16)
     2    0.019921    0.067331    0.233137    0.296243 ^ clkbuf_0_clk/X (sky130_fd_sc_hd__clkbuf_16)
                                                         clknet_0_clk (net)
                      0.067346    0.000512    0.296755 ^ clkbuf_1_0__f_clk/A (sky130_fd_sc_hd__clkbuf_16)
     5    0.014384    0.060435    0.212391    0.509146 ^ clkbuf_1_0__f_clk/X (sky130_fd_sc_hd__clkbuf_16)
                                                         clknet_1_0__leaf_clk (net)
                      0.060435    0.000289    0.509435 ^ _43_/CLK (sky130_fd_sc_hd__dfrtp_2)
     3    0.015502    0.157447    0.763565    1.273000 ^ _43_/Q (sky130_fd_sc_hd__dfrtp_2)
                                                         loopback_en (net)
                      0.157447    0.000272    1.273272 ^ _23_/A (sky130_fd_sc_hd__and2_2)
     1    0.034377    0.296607    0.483148    1.756420 ^ _23_/X (sky130_fd_sc_hd__and2_2)
                                                         reg_rdata[7] (net)
                      0.296607    0.000744    1.757163 ^ reg_rdata[7] (out)
                                              1.757163   data arrival time

                                  0.000000    0.000000   clock clk (rise edge)
                                  0.000000    0.000000   clock network delay (propagated)
                                  0.250000    0.250000   clock uncertainty
                                  0.000000    0.250000   clock reconvergence pessimism
                                 -2.000000   -1.750000   output external delay
                                             -1.750000   data required time
---------------------------------------------------------------------------------------------
                                             -1.750000   data required time
                                             -1.757163   data arrival time
---------------------------------------------------------------------------------------------
                                              3.507164   slack (MET)


Startpoint: _38_ (rising edge-triggered flip-flop clocked by clk)
Endpoint: reg_rdata[2] (output port clocked by clk)
Path Group: clk
Path Type: min

Fanout         Cap        Slew       Delay        Time   Description
---------------------------------------------------------------------------------------------
                                  0.000000    0.000000   clock clk (rise edge)
                                  0.000000    0.000000   clock source latency
     1    0.012132    0.095756    0.063106    0.063106 ^ clk (in)
                                                         clk (net)
                      0.095759    0.000000    0.063106 ^ clkbuf_0_clk/A (sky130_fd_sc_hd__clkbuf_16)
     2    0.019921    0.067331    0.233137    0.296243 ^ clkbuf_0_clk/X (sky130_fd_sc_hd__clkbuf_16)
                                                         clknet_0_clk (net)
                      0.067346    0.000512    0.296755 ^ clkbuf_1_0__f_clk/A (sky130_fd_sc_hd__clkbuf_16)
     5    0.014384    0.060435    0.212391    0.509146 ^ clkbuf_1_0__f_clk/X (sky130_fd_sc_hd__clkbuf_16)
                                                         clknet_1_0__leaf_clk (net)
                      0.060435    0.000267    0.509413 ^ _38_/CLK (sky130_fd_sc_hd__dfrtp_2)
     3    0.042465    0.338752    0.912049    1.421462 ^ _38_/Q (sky130_fd_sc_hd__dfrtp_2)
                                                         pad_pd_en (net)
                      0.338752    0.000431    1.421893 ^ _18_/A (sky130_fd_sc_hd__and2_2)
     1    0.036356    0.311919    0.568881    1.990773 ^ _18_/X (sky130_fd_sc_hd__and2_2)
                                                         reg_rdata[2] (net)
                      0.311919    0.001138    1.991912 ^ reg_rdata[2] (out)
                                              1.991912   data arrival time

                                  0.000000    0.000000   clock clk (rise edge)
                                  0.000000    0.000000   clock network delay (propagated)
                                  0.250000    0.250000   clock uncertainty
                                  0.000000    0.250000   clock reconvergence pessimism
                                 -2.000000   -1.750000   output external delay
                                             -1.750000   data required time
---------------------------------------------------------------------------------------------
                                             -1.750000   data required time
                                             -1.991912   data arrival time
---------------------------------------------------------------------------------------------
                                              3.741912   slack (MET)


Startpoint: _44_ (rising edge-triggered flip-flop clocked by clk)
Endpoint: reg_rdata[1] (output port clocked by clk)
Path Group: clk
Path Type: min

Fanout         Cap        Slew       Delay        Time   Description
---------------------------------------------------------------------------------------------
                                  0.000000    0.000000   clock clk (rise edge)
                                  0.000000    0.000000   clock source latency
     1    0.012132    0.095756    0.063106    0.063106 ^ clk (in)
                                                         clk (net)
                      0.095759    0.000000    0.063106 ^ clkbuf_0_clk/A (sky130_fd_sc_hd__clkbuf_16)
     2    0.019921    0.067331    0.233137    0.296243 ^ clkbuf_0_clk/X (sky130_fd_sc_hd__clkbuf_16)
                                                         clknet_0_clk (net)
                      0.067347    0.000553    0.296796 ^ clkbuf_1_1__f_clk/A (sky130_fd_sc_hd__clkbuf_16)
     6    0.016827    0.063491    0.215752    0.512548 ^ clkbuf_1_1__f_clk/X (sky130_fd_sc_hd__clkbuf_16)
                                                         clknet_1_1__leaf_clk (net)
                      0.063491    0.000713    0.513260 ^ _44_/CLK (sky130_fd_sc_hd__dfrtp_2)
     2    0.041006    0.328648    0.905559    1.418819 ^ _44_/Q (sky130_fd_sc_hd__dfrtp_2)
                                                         core_din (net)
                      0.328648    0.000810    1.419629 ^ _17_/B2 (sky130_fd_sc_hd__a22o_2)
     1    0.037455    0.318198    0.572576    1.992205 ^ _17_/X (sky130_fd_sc_hd__a22o_2)
                                                         reg_rdata[1] (net)
                      0.318199    0.001353    1.993559 ^ reg_rdata[1] (out)
                                              1.993559   data arrival time

                                  0.000000    0.000000   clock clk (rise edge)
                                  0.000000    0.000000   clock network delay (propagated)
                                  0.250000    0.250000   clock uncertainty
                                  0.000000    0.250000   clock reconvergence pessimism
                                 -2.000000   -1.750000   output external delay
                                             -1.750000   data required time
---------------------------------------------------------------------------------------------
                                             -1.750000   data required time
                                             -1.993559   data arrival time
---------------------------------------------------------------------------------------------
                                              3.743558   slack (MET)


Startpoint: _40_ (rising edge-triggered flip-flop clocked by clk)
Endpoint: reg_rdata[4] (output port clocked by clk)
Path Group: clk
Path Type: min

Fanout         Cap        Slew       Delay        Time   Description
---------------------------------------------------------------------------------------------
                                  0.000000    0.000000   clock clk (rise edge)
                                  0.000000    0.000000   clock source latency
     1    0.012132    0.095756    0.063106    0.063106 ^ clk (in)
                                                         clk (net)
                      0.095759    0.000000    0.063106 ^ clkbuf_0_clk/A (sky130_fd_sc_hd__clkbuf_16)
     2    0.019921    0.067331    0.233137    0.296243 ^ clkbuf_0_clk/X (sky130_fd_sc_hd__clkbuf_16)
                                                         clknet_0_clk (net)
                      0.067347    0.000553    0.296796 ^ clkbuf_1_1__f_clk/A (sky130_fd_sc_hd__clkbuf_16)
     6    0.016827    0.063491    0.215752    0.512548 ^ clkbuf_1_1__f_clk/X (sky130_fd_sc_hd__clkbuf_16)
                                                         clknet_1_1__leaf_clk (net)
                      0.063491    0.000604    0.513151 ^ _40_/CLK (sky130_fd_sc_hd__dfrtp_2)
     3    0.042631    0.340096    0.913868    1.427020 ^ _40_/Q (sky130_fd_sc_hd__dfrtp_2)
                                                         pad_slew[1] (net)
                      0.340097    0.001358    1.428378 ^ _20_/A (sky130_fd_sc_hd__and2_2)
     1    0.036666    0.314190    0.571383    1.999760 ^ _20_/X (sky130_fd_sc_hd__and2_2)
                                                         reg_rdata[4] (net)
                      0.314190    0.000798    2.000558 ^ reg_rdata[4] (out)
                                              2.000558   data arrival time

                                  0.000000    0.000000   clock clk (rise edge)
                                  0.000000    0.000000   clock network delay (propagated)
                                  0.250000    0.250000   clock uncertainty
                                  0.000000    0.250000   clock reconvergence pessimism
                                 -2.000000   -1.750000   output external delay
                                             -1.750000   data required time
---------------------------------------------------------------------------------------------
                                             -1.750000   data required time
                                             -2.000558   data arrival time
---------------------------------------------------------------------------------------------
                                              3.750558   slack (MET)


Startpoint: _42_ (rising edge-triggered flip-flop clocked by clk)
Endpoint: reg_rdata[6] (output port clocked by clk)
Path Group: clk
Path Type: min

Fanout         Cap        Slew       Delay        Time   Description
---------------------------------------------------------------------------------------------
                                  0.000000    0.000000   clock clk (rise edge)
                                  0.000000    0.000000   clock source latency
     1    0.012132    0.095756    0.063106    0.063106 ^ clk (in)
                                                         clk (net)
                      0.095759    0.000000    0.063106 ^ clkbuf_0_clk/A (sky130_fd_sc_hd__clkbuf_16)
     2    0.019921    0.067331    0.233137    0.296243 ^ clkbuf_0_clk/X (sky130_fd_sc_hd__clkbuf_16)
                                                         clknet_0_clk (net)
                      0.067347    0.000553    0.296796 ^ clkbuf_1_1__f_clk/A (sky130_fd_sc_hd__clkbuf_16)
     6    0.016827    0.063491    0.215752    0.512548 ^ clkbuf_1_1__f_clk/X (sky130_fd_sc_hd__clkbuf_16)
                                                         clknet_1_1__leaf_clk (net)
                      0.063491    0.000434    0.512982 ^ _42_/CLK (sky130_fd_sc_hd__dfrtp_2)
     3    0.044274    0.351316    0.923240    1.436222 ^ _42_/Q (sky130_fd_sc_hd__dfrtp_2)
                                                         pad_schmitt_en (net)
                      0.351316    0.000733    1.436955 ^ _22_/A (sky130_fd_sc_hd__and2_2)
     1    0.034944    0.301280    0.566185    2.003140 ^ _22_/X (sky130_fd_sc_hd__and2_2)
                                                         reg_rdata[6] (net)
                      0.301280    0.000899    2.004039 ^ reg_rdata[6] (out)
                                              2.004039   data arrival time

                                  0.000000    0.000000   clock clk (rise edge)
                                  0.000000    0.000000   clock network delay (propagated)
                                  0.250000    0.250000   clock uncertainty
                                  0.000000    0.250000   clock reconvergence pessimism
                                 -2.000000   -1.750000   output external delay
                                             -1.750000   data required time
---------------------------------------------------------------------------------------------
                                             -1.750000   data required time
                                             -2.004039   data arrival time
---------------------------------------------------------------------------------------------
                                              3.754039   slack (MET)


Startpoint: _39_ (rising edge-triggered flip-flop clocked by clk)
Endpoint: reg_rdata[3] (output port clocked by clk)
Path Group: clk
Path Type: min

Fanout         Cap        Slew       Delay        Time   Description
---------------------------------------------------------------------------------------------
                                  0.000000    0.000000   clock clk (rise edge)
                                  0.000000    0.000000   clock source latency
     1    0.012132    0.095756    0.063106    0.063106 ^ clk (in)
                                                         clk (net)
                      0.095759    0.000000    0.063106 ^ clkbuf_0_clk/A (sky130_fd_sc_hd__clkbuf_16)
     2    0.019921    0.067331    0.233137    0.296243 ^ clkbuf_0_clk/X (sky130_fd_sc_hd__clkbuf_16)
                                                         clknet_0_clk (net)
                      0.067346    0.000512    0.296755 ^ clkbuf_1_0__f_clk/A (sky130_fd_sc_hd__clkbuf_16)
     5    0.014384    0.060435    0.212391    0.509146 ^ clkbuf_1_0__f_clk/X (sky130_fd_sc_hd__clkbuf_16)
                                                         clknet_1_0__leaf_clk (net)
                      0.060435    0.000294    0.509440 ^ _39_/CLK (sky130_fd_sc_hd__dfrtp_2)
     3    0.044234    0.350968    0.921793    1.431233 ^ _39_/Q (sky130_fd_sc_hd__dfrtp_2)
                                                         pad_slew[0] (net)
                      0.350968    0.000484    1.431717 ^ _19_/A (sky130_fd_sc_hd__and2_2)
     1    0.036407    0.312388    0.573952    2.005669 ^ _19_/X (sky130_fd_sc_hd__and2_2)
                                                         reg_rdata[3] (net)
                      0.312389    0.001336    2.007005 ^ reg_rdata[3] (out)
                                              2.007005   data arrival time

                                  0.000000    0.000000   clock clk (rise edge)
                                  0.000000    0.000000   clock network delay (propagated)
                                  0.250000    0.250000   clock uncertainty
                                  0.000000    0.250000   clock reconvergence pessimism
                                 -2.000000   -1.750000   output external delay
                                             -1.750000   data required time
---------------------------------------------------------------------------------------------
                                             -1.750000   data required time
                                             -2.007005   data arrival time
---------------------------------------------------------------------------------------------
                                              3.757005   slack (MET)


Startpoint: _36_ (rising edge-triggered flip-flop clocked by clk)
Endpoint: reg_rdata[0] (output port clocked by clk)
Path Group: clk
Path Type: min

Fanout         Cap        Slew       Delay        Time   Description
---------------------------------------------------------------------------------------------
                                  0.000000    0.000000   clock clk (rise edge)
                                  0.000000    0.000000   clock source latency
     1    0.012132    0.095756    0.063106    0.063106 ^ clk (in)
                                                         clk (net)
                      0.095759    0.000000    0.063106 ^ clkbuf_0_clk/A (sky130_fd_sc_hd__clkbuf_16)
     2    0.019921    0.067331    0.233137    0.296243 ^ clkbuf_0_clk/X (sky130_fd_sc_hd__clkbuf_16)
                                                         clknet_0_clk (net)
                      0.067347    0.000553    0.296796 ^ clkbuf_1_1__f_clk/A (sky130_fd_sc_hd__clkbuf_16)
     6    0.016827    0.063491    0.215752    0.512548 ^ clkbuf_1_1__f_clk/X (sky130_fd_sc_hd__clkbuf_16)
                                                         clknet_1_1__leaf_clk (net)
                      0.063491    0.000610    0.513158 ^ _36_/CLK (sky130_fd_sc_hd__dfrtp_2)
     3    0.041650    0.332958    0.909427    1.422584 ^ _36_/Q (sky130_fd_sc_hd__dfrtp_2)
                                                         pad_oe (net)
                      0.332958    0.000671    1.423256 ^ _16_/A1 (sky130_fd_sc_hd__a22o_2)
     1    0.037766    0.320599    0.599676    2.022932 ^ _16_/X (sky130_fd_sc_hd__a22o_2)
                                                         reg_rdata[0] (net)
                      0.320601    0.001400    2.024333 ^ reg_rdata[0] (out)
                                              2.024333   data arrival time

                                  0.000000    0.000000   clock clk (rise edge)
                                  0.000000    0.000000   clock network delay (propagated)
                                  0.250000    0.250000   clock uncertainty
                                  0.000000    0.250000   clock reconvergence pessimism
                                 -2.000000   -1.750000   output external delay
                                             -1.750000   data required time
---------------------------------------------------------------------------------------------
                                             -1.750000   data required time
                                             -2.024333   data arrival time
---------------------------------------------------------------------------------------------
                                              3.774333   slack (MET)


Startpoint: core_dout (input port clocked by clk)
Endpoint: pad_dout (output port clocked by clk)
Path Group: clk
Path Type: min

Fanout         Cap        Slew       Delay        Time   Description
---------------------------------------------------------------------------------------------
                                  0.000000    0.000000   clock clk (rise edge)
                                  0.000000    0.000000   clock network delay (propagated)
                                  2.000000    2.000000 v input external delay
     2    0.005947    0.030877    0.019088    2.019088 v core_dout (in)
                                                         core_dout (net)
                      0.030878    0.000000    2.019088 v _46_/A (sky130_fd_sc_hd__buf_2)
     1    0.034635    0.167583    0.327741    2.346829 v _46_/X (sky130_fd_sc_hd__buf_2)
                                                         pad_dout (net)
                      0.167584    0.000771    2.347601 v pad_dout (out)
                                              2.347601   data arrival time

                                  0.000000    0.000000   clock clk (rise edge)
                                  0.000000    0.000000   clock network delay (propagated)
                                  0.250000    0.250000   clock uncertainty
                                  0.000000    0.250000   clock reconvergence pessimism
                                 -2.000000   -1.750000   output external delay
                                             -1.750000   data required time
---------------------------------------------------------------------------------------------
                                             -1.750000   data required time
                                             -2.347601   data arrival time
---------------------------------------------------------------------------------------------
                                              4.097600   slack (MET)



