Reading timing models for corner nom_ss_100C_1v60…
Reading cell library for the 'nom_ss_100C_1v60' corner at '/root/.volare/sky130A/libs.ref/sky130_fd_sc_hd/lib/sky130_fd_sc_hd__ss_100C_1v60.lib'…
Reading top-level netlist at '/content/openlane_run/30-openroad-fillinsertion/io_pad_wrapper.nl.v'…
Linking design 'io_pad_wrapper' from netlist…
Warning: /content/openlane_run/30-openroad-fillinsertion/io_pad_wrapper.nl.v line 197, module sky130_fd_sc_hd__tapvpwrvgnd_1 not found. Creating black box for TAP_TAPCELL_ROW_0_22.
Warning: /content/openlane_run/30-openroad-fillinsertion/io_pad_wrapper.nl.v line 220, module sky130_fd_sc_hd__fill_1 not found. Creating black box for FILLER_0_0_46.
Warning: /content/openlane_run/30-openroad-fillinsertion/io_pad_wrapper.nl.v line 230, module sky130_fd_sc_hd__fill_2 not found. Creating black box for FILLER_0_3_3.
Warning: /content/openlane_run/30-openroad-fillinsertion/io_pad_wrapper.nl.v line 244, module sky130_ef_sc_hd__decap_12 not found. Creating black box for FILLER_0_8_15.
Reading design constraints file at '/content/openlane_ipynb/openlane/scripts/base.sdc'…
[INFO] Using clock clk…
[INFO] Setting output delay to: 2
[INFO] Setting input delay to: 2
[INFO] Setting load to: 0.033442
[INFO] Setting clock uncertainty to: 0.25
[INFO] Setting clock transition to: 0.1499999999999999944488848768742172978818416595458984375
[INFO] Setting timing derate to: 5%
Reading top-level design parasitics for the 'nom_ss_100C_1v60' corner at '/content/openlane_run/31-openroad-rcx/nom/io_pad_wrapper.nom.spef'…
%OL_CREATE_REPORT min.rpt

===========================================================================
report_checks -path_delay min (Hold)
============================================================================
======================= nom_ss_100C_1v60 Corner ===================================

Startpoint: rst_n (input port clocked by clk)
Endpoint: _41_ (removal check against rising-edge clock clk)
Path Group: asynchronous
Path Type: min

Fanout         Cap        Slew       Delay        Time   Description
---------------------------------------------------------------------------------------------
                                  0.000000    0.000000   clock clk (rise edge)
                                  0.000000    0.000000   clock network delay (propagated)
                                  2.000000    2.000000 ^ input external delay
    10    0.043645    0.315420    0.218648    2.218648 ^ rst_n (in)
                                                         rst_n (net)
                      0.315423    0.000000    2.218648 ^ _41_/RESET_B (sky130_fd_sc_hd__dfrtp_2)
                                              2.218648   data arrival time

                                  0.000000    0.000000   clock clk (rise edge)
                                  0.000000    0.000000   clock source latency
     1    0.012132    0.095756    0.063106    0.063106 ^ clk (in)
                                                         clk (net)
                      0.095759    0.000000    0.063106 ^ clkbuf_0_clk/A (sky130_fd_sc_hd__clkbuf_16)
     2    0.019921    0.067331    0.233137    0.296243 ^ clkbuf_0_clk/X (sky130_fd_sc_hd__clkbuf_16)
                                                         clknet_0_clk (net)
                      0.067347    0.000553    0.296796 ^ clkbuf_1_1__f_clk/A (sky130_fd_sc_hd__clkbuf_16)
     6    0.016827    0.063491    0.215752    0.512548 ^ clkbuf_1_1__f_clk/X (sky130_fd_sc_hd__clkbuf_16)
                                                         clknet_1_1__leaf_clk (net)
                      0.063491    0.000756    0.513304 ^ _41_/CLK (sky130_fd_sc_hd__dfrtp_2)
                                  0.250000    0.763304   clock uncertainty
                                  0.000000    0.763304   clock reconvergence pessimism
                                  0.730690    1.493994   library removal time
                                              1.493994   data required time
---------------------------------------------------------------------------------------------
                                              1.493994   data required time
                                             -2.218648   data arrival time
---------------------------------------------------------------------------------------------
                                              0.724654   slack (MET)


Startpoint: rst_n (input port clocked by clk)
Endpoint: _40_ (removal check against rising-edge clock clk)
Path Group: asynchronous
Path Type: min

Fanout         Cap        Slew       Delay        Time   Description
---------------------------------------------------------------------------------------------
                                  0.000000    0.000000   clock clk (rise edge)
                                  0.000000    0.000000   clock network delay (propagated)
                                  2.000000    2.000000 ^ input external delay
    10    0.043645    0.315420    0.219033    2.219033 ^ rst_n (in)
                                                         rst_n (net)
                      0.315427    0.000000    2.219033 ^ _40_/RESET_B (sky130_fd_sc_hd__dfrtp_2)
                                              2.219033   data arrival time

                                  0.000000    0.000000   clock clk (rise edge)
                                  0.000000    0.000000   clock source latency
     1    0.012132    0.095756    0.063106    0.063106 ^ clk (in)
                                                         clk (net)
                      0.095759    0.000000    0.063106 ^ clkbuf_0_clk/A (sky130_fd_sc_hd__clkbuf_16)
     2    0.019921    0.067331    0.233137    0.296243 ^ clkbuf_0_clk/X (sky130_fd_sc_hd__clkbuf_16)
                                                         clknet_0_clk (net)
                      0.067347    0.000553    0.296796 ^ clkbuf_1_1__f_clk/A (sky130_fd_sc_hd__clkbuf_16)
     6    0.016827    0.063491    0.215752    0.512548 ^ clkbuf_1_1__f_clk/X (sky130_fd_sc_hd__clkbuf_16)
                                                         clknet_1_1__leaf_clk (net)
                      0.063491    0.000604    0.513151 ^ _40_/CLK (sky130_fd_sc_hd__dfrtp_2)
                                  0.250000    0.763151   clock uncertainty
                                  0.000000    0.763151   clock reconvergence pessimism
                                  0.730691    1.493843   library removal time
                                              1.493843   data required time
---------------------------------------------------------------------------------------------
                                              1.493843   data required time
                                             -2.219033   data arrival time
---------------------------------------------------------------------------------------------
                                              0.725190   slack (MET)


Startpoint: rst_n (input port clocked by clk)
Endpoint: _42_ (removal check against rising-edge clock clk)
Path Group: asynchronous
Path Type: min

Fanout         Cap        Slew       Delay        Time   Description
---------------------------------------------------------------------------------------------
                                  0.000000    0.000000   clock clk (rise edge)
                                  0.000000    0.000000   clock network delay (propagated)
                                  2.000000    2.000000 ^ input external delay
    10    0.043645    0.315420    0.218929    2.218929 ^ rst_n (in)
                                                         rst_n (net)
                      0.315426    0.000000    2.218929 ^ _42_/RESET_B (sky130_fd_sc_hd__dfrtp_2)
                                              2.218929   data arrival time

                                  0.000000    0.000000   clock clk (rise edge)
                                  0.000000    0.000000   clock source latency
     1    0.012132    0.095756    0.063106    0.063106 ^ clk (in)
                                                         clk (net)
                      0.095759    0.000000    0.063106 ^ clkbuf_0_clk/A (sky130_fd_sc_hd__clkbuf_16)
     2    0.019921    0.067331    0.233137    0.296243 ^ clkbuf_0_clk/X (sky130_fd_sc_hd__clkbuf_16)
                                                         clknet_0_clk (net)
                      0.067347    0.000553    0.296796 ^ clkbuf_1_1__f_clk/A (sky130_fd_sc_hd__clkbuf_16)
     6    0.016827    0.063491    0.215752    0.512548 ^ clkbuf_1_1__f_clk/X (sky130_fd_sc_hd__clkbuf_16)
                                                         clknet_1_1__leaf_clk (net)
                      0.063491    0.000434    0.512982 ^ _42_/CLK (sky130_fd_sc_hd__dfrtp_2)
                                  0.250000    0.762982   clock uncertainty
                                  0.000000    0.762982   clock reconvergence pessimism
                                  0.730691    1.493673   library removal time
                                              1.493673   data required time
---------------------------------------------------------------------------------------------
                                              1.493673   data required time
                                             -2.218929   data arrival time
---------------------------------------------------------------------------------------------
                                              0.725256   slack (MET)


Startpoint: rst_n (input port clocked by clk)
Endpoint: _36_ (removal check against rising-edge clock clk)
Path Group: asynchronous
Path Type: min

Fanout         Cap        Slew       Delay        Time   Description
---------------------------------------------------------------------------------------------
                                  0.000000    0.000000   clock clk (rise edge)
                                  0.000000    0.000000   clock network delay (propagated)
                                  2.000000    2.000000 ^ input external delay
    10    0.043645    0.315420    0.219280    2.219280 ^ rst_n (in)
                                                         rst_n (net)
                      0.315430    0.000000    2.219280 ^ _36_/RESET_B (sky130_fd_sc_hd__dfrtp_2)
                                              2.219280   data arrival time

                                  0.000000    0.000000   clock clk (rise edge)
                                  0.000000    0.000000   clock source latency
     1    0.012132    0.095756    0.063106    0.063106 ^ clk (in)
                                                         clk (net)
                      0.095759    0.000000    0.063106 ^ clkbuf_0_clk/A (sky130_fd_sc_hd__clkbuf_16)
     2    0.019921    0.067331    0.233137    0.296243 ^ clkbuf_0_clk/X (sky130_fd_sc_hd__clkbuf_16)
                                                         clknet_0_clk (net)
                      0.067347    0.000553    0.296796 ^ clkbuf_1_1__f_clk/A (sky130_fd_sc_hd__clkbuf_16)
     6    0.016827    0.063491    0.215752    0.512548 ^ clkbuf_1_1__f_clk/X (sky130_fd_sc_hd__clkbuf_16)
                                                         clknet_1_1__leaf_clk (net)
                      0.063491    0.000610    0.513158 ^ _36_/CLK (sky130_fd_sc_hd__dfrtp_2)
                                  0.250000    0.763158   clock uncertainty
                                  0.000000    0.763158   clock reconvergence pessimism
                                  0.730692    1.493850   library removal time
                                              1.493850   data required time
---------------------------------------------------------------------------------------------
                                              1.493850   data required time
                                             -2.219280   data arrival time
---------------------------------------------------------------------------------------------
                                              0.725431   slack (MET)


Startpoint: rst_n (input port clocked by clk)
Endpoint: _45_ (removal check against rising-edge clock clk)
Path Group: asynchronous
Path Type: min

Fanout         Cap        Slew       Delay        Time   Description
---------------------------------------------------------------------------------------------
                                  0.000000    0.000000   clock clk (rise edge)
                                  0.000000    0.000000   clock network delay (propagated)
                                  2.000000    2.000000 ^ input external delay
    10    0.043645    0.315420    0.219454    2.219454 ^ rst_n (in)
                                                         rst_n (net)
                      0.315433    0.000000    2.219454 ^ _45_/RESET_B (sky130_fd_sc_hd__dfrtp_2)
                                              2.219454   data arrival time

                                  0.000000    0.000000   clock clk (rise edge)
                                  0.000000    0.000000   clock source latency
     1    0.012132    0.095756    0.063106    0.063106 ^ clk (in)
                                                         clk (net)
                      0.095759    0.000000    0.063106 ^ clkbuf_0_clk/A (sky130_fd_sc_hd__clkbuf_16)
     2    0.019921    0.067331    0.233137    0.296243 ^ clkbuf_0_clk/X (sky130_fd_sc_hd__clkbuf_16)
                                                         clknet_0_clk (net)
                      0.067347    0.000553    0.296796 ^ clkbuf_1_1__f_clk/A (sky130_fd_sc_hd__clkbuf_16)
     6    0.016827    0.063491    0.215752    0.512548 ^ clkbuf_1_1__f_clk/X (sky130_fd_sc_hd__clkbuf_16)
                                                         clknet_1_1__leaf_clk (net)
                      0.063491    0.000763    0.513310 ^ _45_/CLK (sky130_fd_sc_hd__dfrtp_2)
                                  0.250000    0.763310   clock uncertainty
                                  0.000000    0.763310   clock reconvergence pessimism
                                  0.730693    1.494003   library removal time
                                              1.494003   data required time
---------------------------------------------------------------------------------------------
                                              1.494003   data required time
                                             -2.219454   data arrival time
---------------------------------------------------------------------------------------------
                                              0.725450   slack (MET)


Startpoint: rst_n (input port clocked by clk)
Endpoint: _44_ (removal check against rising-edge clock clk)
Path Group: asynchronous
Path Type: min

Fanout         Cap        Slew       Delay        Time   Description
---------------------------------------------------------------------------------------------
                                  0.000000    0.000000   clock clk (rise edge)
                                  0.000000    0.000000   clock network delay (propagated)
                                  2.000000    2.000000 ^ input external delay
    10    0.043645    0.315420    0.219445    2.219445 ^ rst_n (in)
                                                         rst_n (net)
                      0.315433    0.000000    2.219445 ^ _44_/RESET_B (sky130_fd_sc_hd__dfrtp_2)
                                              2.219445   data arrival time

                                  0.000000    0.000000   clock clk (rise edge)
                                  0.000000    0.000000   clock source latency
     1    0.012132    0.095756    0.063106    0.063106 ^ clk (in)
                                                         clk (net)
                      0.095759    0.000000    0.063106 ^ clkbuf_0_clk/A (sky130_fd_sc_hd__clkbuf_16)
     2    0.019921    0.067331    0.233137    0.296243 ^ clkbuf_0_clk/X (sky130_fd_sc_hd__clkbuf_16)
                                                         clknet_0_clk (net)
                      0.067347    0.000553    0.296796 ^ clkbuf_1_1__f_clk/A (sky130_fd_sc_hd__clkbuf_16)
     6    0.016827    0.063491    0.215752    0.512548 ^ clkbuf_1_1__f_clk/X (sky130_fd_sc_hd__clkbuf_16)
                                                         clknet_1_1__leaf_clk (net)
                      0.063491    0.000713    0.513260 ^ _44_/CLK (sky130_fd_sc_hd__dfrtp_2)
                                  0.250000    0.763260   clock uncertainty
                                  0.000000    0.763260   clock reconvergence pessimism
                                  0.730693    1.493953   library removal time
                                              1.493953   data required time
---------------------------------------------------------------------------------------------
                                              1.493953   data required time
                                             -2.219445   data arrival time
---------------------------------------------------------------------------------------------
                                              0.725492   slack (MET)


Startpoint: rst_n (input port clocked by clk)
Endpoint: _43_ (removal check against rising-edge clock clk)
Path Group: asynchronous
Path Type: min

Fanout         Cap        Slew       Delay        Time   Description
---------------------------------------------------------------------------------------------
                                  0.000000    0.000000   clock clk (rise edge)
                                  0.000000    0.000000   clock network delay (propagated)
                                  2.000000    2.000000 ^ input external delay
    10    0.043645    0.315420    0.218460    2.218460 ^ rst_n (in)
                                                         rst_n (net)
                      0.315422    0.000000    2.218460 ^ _43_/RESET_B (sky130_fd_sc_hd__dfrtp_2)
                                              2.218460   data arrival time

                                  0.000000    0.000000   clock clk (rise edge)
                                  0.000000    0.000000   clock source latency
     1    0.012132    0.095756    0.063106    0.063106 ^ clk (in)
                                                         clk (net)
                      0.095759    0.000000    0.063106 ^ clkbuf_0_clk/A (sky130_fd_sc_hd__clkbuf_16)
     2    0.019921    0.067331    0.233137    0.296243 ^ clkbuf_0_clk/X (sky130_fd_sc_hd__clkbuf_16)
                                                         clknet_0_clk (net)
                      0.067346    0.000512    0.296755 ^ clkbuf_1_0__f_clk/A (sky130_fd_sc_hd__clkbuf_16)
     5    0.014384    0.060435    0.212391    0.509146 ^ clkbuf_1_0__f_clk/X (sky130_fd_sc_hd__clkbuf_16)
                                                         clknet_1_0__leaf_clk (net)
                      0.060435    0.000289    0.509435 ^ _43_/CLK (sky130_fd_sc_hd__dfrtp_2)
                                  0.250000    0.759435   clock uncertainty
                                  0.000000    0.759435   clock reconvergence pessimism
                                  0.729770    1.489206   library removal time
                                              1.489206   data required time
---------------------------------------------------------------------------------------------
                                              1.489206   data required time
                                             -2.218460   data arrival time
---------------------------------------------------------------------------------------------
                                              0.729255   slack (MET)


Startpoint: rst_n (input port clocked by clk)
Endpoint: _39_ (removal check against rising-edge clock clk)
Path Group: asynchronous
Path Type: min

Fanout         Cap        Slew       Delay        Time   Description
---------------------------------------------------------------------------------------------
                                  0.000000    0.000000   clock clk (rise edge)
                                  0.000000    0.000000   clock network delay (propagated)
                                  2.000000    2.000000 ^ input external delay
    10    0.043645    0.315420    0.218595    2.218595 ^ rst_n (in)
                                                         rst_n (net)
                      0.315423    0.000000    2.218595 ^ _39_/RESET_B (sky130_fd_sc_hd__dfrtp_2)
                                              2.218595   data arrival time

                                  0.000000    0.000000   clock clk (rise edge)
                                  0.000000    0.000000   clock source latency
     1    0.012132    0.095756    0.063106    0.063106 ^ clk (in)
                                                         clk (net)
                      0.095759    0.000000    0.063106 ^ clkbuf_0_clk/A (sky130_fd_sc_hd__clkbuf_16)
     2    0.019921    0.067331    0.233137    0.296243 ^ clkbuf_0_clk/X (sky130_fd_sc_hd__clkbuf_16)
                                                         clknet_0_clk (net)
                      0.067346    0.000512    0.296755 ^ clkbuf_1_0__f_clk/A (sky130_fd_sc_hd__clkbuf_16)
     5    0.014384    0.060435    0.212391    0.509146 ^ clkbuf_1_0__f_clk/X (sky130_fd_sc_hd__clkbuf_16)
                                                         clknet_1_0__leaf_clk (net)
                      0.060435    0.000294    0.509440 ^ _39_/CLK (sky130_fd_sc_hd__dfrtp_2)
                                  0.250000    0.759440   clock uncertainty
                                  0.000000    0.759440   clock reconvergence pessimism
                                  0.729771    1.489211   library removal time
                                              1.489211   data required time
---------------------------------------------------------------------------------------------
                                              1.489211   data required time
                                             -2.218595   data arrival time
---------------------------------------------------------------------------------------------
                                              0.729384   slack (MET)


Startpoint: rst_n (input port clocked by clk)
Endpoint: _37_ (removal check against rising-edge clock clk)
Path Group: asynchronous
Path Type: min

Fanout         Cap        Slew       Delay        Time   Description
---------------------------------------------------------------------------------------------
                                  0.000000    0.000000   clock clk (rise edge)
                                  0.000000    0.000000   clock network delay (propagated)
                                  2.000000    2.000000 ^ input external delay
    10    0.043645    0.315420    0.219532    2.219532 ^ rst_n (in)
                                                         rst_n (net)
                      0.315434    0.000000    2.219532 ^ _37_/RESET_B (sky130_fd_sc_hd__dfrtp_2)
                                              2.219532   data arrival time

                                  0.000000    0.000000   clock clk (rise edge)
                                  0.000000    0.000000   clock source latency
     1    0.012132    0.095756    0.063106    0.063106 ^ clk (in)
                                                         clk (net)
                      0.095759    0.000000    0.063106 ^ clkbuf_0_clk/A (sky130_fd_sc_hd__clkbuf_16)
     2    0.019921    0.067331    0.233137    0.296243 ^ clkbuf_0_clk/X (sky130_fd_sc_hd__clkbuf_16)
                                                         clknet_0_clk (net)
                      0.067346    0.000512    0.296755 ^ clkbuf_1_0__f_clk/A (sky130_fd_sc_hd__clkbuf_16)
     5    0.014384    0.060435    0.212391    0.509146 ^ clkbuf_1_0__f_clk/X (sky130_fd_sc_hd__clkbuf_16)
                                                         clknet_1_0__leaf_clk (net)
                      0.060435    0.000300    0.509447 ^ _37_/CLK (sky130_fd_sc_hd__dfrtp_2)
                                  0.250000    0.759447   clock uncertainty
                                  0.000000    0.759447   clock reconvergence pessimism
                                  0.729774    1.489221   library removal time
                                              1.489221   data required time
---------------------------------------------------------------------------------------------
                                              1.489221   data required time
                                             -2.219532   data arrival time
---------------------------------------------------------------------------------------------
                                              0.730311   slack (MET)


Startpoint: rst_n (input port clocked by clk)
Endpoint: _38_ (removal check against rising-edge clock clk)
Path Group: asynchronous
Path Type: min

Fanout         Cap        Slew       Delay        Time   Description
---------------------------------------------------------------------------------------------
                                  0.000000    0.000000   clock clk (rise edge)
                                  0.000000    0.000000   clock network delay (propagated)
                                  2.000000    2.000000 ^ input external delay
    10    0.043645    0.315420    0.219526    2.219526 ^ rst_n (in)
                                                         rst_n (net)
                      0.315434    0.000000    2.219526 ^ _38_/RESET_B (sky130_fd_sc_hd__dfrtp_2)
                                              2.219526   data arrival time

                                  0.000000    0.000000   clock clk (rise edge)
                                  0.000000    0.000000   clock source latency
     1    0.012132    0.095756    0.063106    0.063106 ^ clk (in)
                                                         clk (net)
                      0.095759    0.000000    0.063106 ^ clkbuf_0_clk/A (sky130_fd_sc_hd__clkbuf_16)
     2    0.019921    0.067331    0.233137    0.296243 ^ clkbuf_0_clk/X (sky130_fd_sc_hd__clkbuf_16)
                                                         clknet_0_clk (net)
                      0.067346    0.000512    0.296755 ^ clkbuf_1_0__f_clk/A (sky130_fd_sc_hd__clkbuf_16)
     5    0.014384    0.060435    0.212391    0.509146 ^ clkbuf_1_0__f_clk/X (sky130_fd_sc_hd__clkbuf_16)
                                                         clknet_1_0__leaf_clk (net)
                      0.060435    0.000267    0.509413 ^ _38_/CLK (sky130_fd_sc_hd__dfrtp_2)
                                  0.250000    0.759413   clock uncertainty
                                  0.000000    0.759413   clock reconvergence pessimism
                                  0.729774    1.489187   library removal time
                                              1.489187   data required time
---------------------------------------------------------------------------------------------
                                              1.489187   data required time
                                             -2.219526   data arrival time
---------------------------------------------------------------------------------------------
                                              0.730338   slack (MET)


Startpoint: _45_ (rising edge-triggered flip-flop clocked by clk)
Endpoint: _44_ (rising edge-triggered flip-flop clocked by clk)
Path Group: clk
Path Type: min

Fanout         Cap        Slew       Delay        Time   Description
---------------------------------------------------------------------------------------------
                                  0.000000    0.000000   clock clk (rise edge)
                                  0.000000    0.000000   clock source latency
     1    0.012132    0.095756    0.063106    0.063106 ^ clk (in)
                                                         clk (net)
                      0.095759    0.000000    0.063106 ^ clkbuf_0_clk/A (sky130_fd_sc_hd__clkbuf_16)
     2    0.019921    0.067331    0.233137    0.296243 ^ clkbuf_0_clk/X (sky130_fd_sc_hd__clkbuf_16)
                                                         clknet_0_clk (net)
                      0.067347    0.000553    0.296796 ^ clkbuf_1_1__f_clk/A (sky130_fd_sc_hd__clkbuf_16)
     6    0.016827    0.063491    0.215752    0.512548 ^ clkbuf_1_1__f_clk/X (sky130_fd_sc_hd__clkbuf_16)
                                                         clknet_1_1__leaf_clk (net)
                      0.063491    0.000763    0.513310 ^ _45_/CLK (sky130_fd_sc_hd__dfrtp_2)
     1    0.002341    0.066619    0.665144    1.178455 ^ _45_/Q (sky130_fd_sc_hd__dfrtp_2)
                                                         sync_ff1 (net)
                      0.066619    0.000066    1.178520 ^ _24_/B (sky130_fd_sc_hd__and2_2)
     1    0.002890    0.067678    0.257864    1.436384 ^ _24_/X (sky130_fd_sc_hd__and2_2)
                                                         _00_ (net)
                      0.067678    0.000084    1.436468 ^ _44_/D (sky130_fd_sc_hd__dfrtp_2)
                                              1.436468   data arrival time

                                  0.000000    0.000000   clock clk (rise edge)
                                  0.000000    0.000000   clock source latency
     1    0.012132    0.095756    0.063106    0.063106 ^ clk (in)
                                                         clk (net)
                      0.095759    0.000000    0.063106 ^ clkbuf_0_clk/A (sky130_fd_sc_hd__clkbuf_16)
     2    0.019921    0.067331    0.233137    0.296243 ^ clkbuf_0_clk/X (sky130_fd_sc_hd__clkbuf_16)
                                                         clknet_0_clk (net)
                      0.067347    0.000553    0.296796 ^ clkbuf_1_1__f_clk/A (sky130_fd_sc_hd__clkbuf_16)
     6    0.016827    0.063491    0.215752    0.512548 ^ clkbuf_1_1__f_clk/X (sky130_fd_sc_hd__clkbuf_16)
                                                         clknet_1_1__leaf_clk (net)
                      0.063491    0.000713    0.513260 ^ _44_/CLK (sky130_fd_sc_hd__dfrtp_2)
                                  0.250000    0.763260   clock uncertainty
                                  0.000000    0.763260   clock reconvergence pessimism
                                 -0.077437    0.685824   library hold time
                                              0.685824   data required time
---------------------------------------------------------------------------------------------
                                              0.685824   data required time
                                             -1.436468   data arrival time
---------------------------------------------------------------------------------------------
                                              0.750644   slack (MET)


Startpoint: _41_ (rising edge-triggered flip-flop clocked by clk)
Endpoint: _41_ (rising edge-triggered flip-flop clocked by clk)
Path Group: clk
Path Type: min

Fanout         Cap        Slew       Delay        Time   Description
---------------------------------------------------------------------------------------------
                                  0.000000    0.000000   clock clk (rise edge)
                                  0.000000    0.000000   clock source latency
     1    0.012132    0.095756    0.063106    0.063106 ^ clk (in)
                                                         clk (net)
                      0.095759    0.000000    0.063106 ^ clkbuf_0_clk/A (sky130_fd_sc_hd__clkbuf_16)
     2    0.019921    0.067331    0.233137    0.296243 ^ clkbuf_0_clk/X (sky130_fd_sc_hd__clkbuf_16)
                                                         clknet_0_clk (net)
                      0.067347    0.000553    0.296796 ^ clkbuf_1_1__f_clk/A (sky130_fd_sc_hd__clkbuf_16)
     6    0.016827    0.063491    0.215752    0.512548 ^ clkbuf_1_1__f_clk/X (sky130_fd_sc_hd__clkbuf_16)
                                                         clknet_1_1__leaf_clk (net)
                      0.063491    0.000756    0.513304 ^ _41_/CLK (sky130_fd_sc_hd__dfrtp_2)
     4    0.012127    0.133121    0.742083    1.255386 ^ _41_/Q (sky130_fd_sc_hd__dfrtp_2)
                                                         ie (net)
                      0.133121    0.000290    1.255676 ^ _33_/A1 (sky130_fd_sc_hd__mux2_1)
     1    0.003115    0.075963    0.260460    1.516136 ^ _33_/X (sky130_fd_sc_hd__mux2_1)
                                                         _07_ (net)
                      0.075963    0.000097    1.516233 ^ _41_/D (sky130_fd_sc_hd__dfrtp_2)
                                              1.516233   data arrival time

                                  0.000000    0.000000   clock clk (rise edge)
                                  0.000000    0.000000   clock source latency
     1    0.012132    0.095756    0.063106    0.063106 ^ clk (in)
                                                         clk (net)
                      0.095759    0.000000    0.063106 ^ clkbuf_0_clk/A (sky130_fd_sc_hd__clkbuf_16)
     2    0.019921    0.067331    0.233137    0.296243 ^ clkbuf_0_clk/X (sky130_fd_sc_hd__clkbuf_16)
                                                         clknet_0_clk (net)
                      0.067347    0.000553    0.296796 ^ clkbuf_1_1__f_clk/A (sky130_fd_sc_hd__clkbuf_16)
     6    0.016827    0.063491    0.215752    0.512548 ^ clkbuf_1_1__f_clk/X (sky130_fd_sc_hd__clkbuf_16)
                                                         clknet_1_1__leaf_clk (net)
                      0.063491    0.000756    0.513304 ^ _41_/CLK (sky130_fd_sc_hd__dfrtp_2)
                                  0.250000    0.763304   clock uncertainty
                                  0.000000    0.763304   clock reconvergence pessimism
                                 -0.079322    0.683982   library hold time
                                              0.683982   data required time
---------------------------------------------------------------------------------------------
                                              0.683982   data required time
                                             -1.516233   data arrival time
---------------------------------------------------------------------------------------------
                                              0.832251   slack (MET)


Startpoint: _41_ (rising edge-triggered flip-flop clocked by clk)
Endpoint: _45_ (rising edge-triggered flip-flop clocked by clk)
Path Group: clk
Path Type: min

Fanout         Cap        Slew       Delay        Time   Description
---------------------------------------------------------------------------------------------
                                  0.000000    0.000000   clock clk (rise edge)
                                  0.000000    0.000000   clock source latency
     1    0.012132    0.095756    0.063106    0.063106 ^ clk (in)
                                                         clk (net)
                      0.095759    0.000000    0.063106 ^ clkbuf_0_clk/A (sky130_fd_sc_hd__clkbuf_16)
     2    0.019921    0.067331    0.233137    0.296243 ^ clkbuf_0_clk/X (sky130_fd_sc_hd__clkbuf_16)
                                                         clknet_0_clk (net)
                      0.067347    0.000553    0.296796 ^ clkbuf_1_1__f_clk/A (sky130_fd_sc_hd__clkbuf_16)
     6    0.016827    0.063491    0.215752    0.512548 ^ clkbuf_1_1__f_clk/X (sky130_fd_sc_hd__clkbuf_16)
                                                         clknet_1_1__leaf_clk (net)
                      0.063491    0.000756    0.513304 ^ _41_/CLK (sky130_fd_sc_hd__dfrtp_2)
     4    0.012127    0.133121    0.742083    1.255386 ^ _41_/Q (sky130_fd_sc_hd__dfrtp_2)
                                                         ie (net)
                      0.133121    0.000341    1.255727 ^ _26_/A (sky130_fd_sc_hd__and2_2)
     1    0.002674    0.066177    0.274049    1.529777 ^ _26_/X (sky130_fd_sc_hd__and2_2)
                                                         _01_ (net)
                      0.066177    0.000079    1.529856 ^ _45_/D (sky130_fd_sc_hd__dfrtp_2)
                                              1.529856   data arrival time

                                  0.000000    0.000000   clock clk (rise edge)
                                  0.000000    0.000000   clock source latency
     1    0.012132    0.095756    0.063106    0.063106 ^ clk (in)
                                                         clk (net)
                      0.095759    0.000000    0.063106 ^ clkbuf_0_clk/A (sky130_fd_sc_hd__clkbuf_16)
     2    0.019921    0.067331    0.233137    0.296243 ^ clkbuf_0_clk/X (sky130_fd_sc_hd__clkbuf_16)
                                                         clknet_0_clk (net)
                      0.067347    0.000553    0.296796 ^ clkbuf_1_1__f_clk/A (sky130_fd_sc_hd__clkbuf_16)
     6    0.016827    0.063491    0.215752    0.512548 ^ clkbuf_1_1__f_clk/X (sky130_fd_sc_hd__clkbuf_16)
                                                         clknet_1_1__leaf_clk (net)
                      0.063491    0.000763    0.513310 ^ _45_/CLK (sky130_fd_sc_hd__dfrtp_2)
                                  0.250000    0.763310   clock uncertainty
                                  0.000000    0.763310   clock reconvergence pessimism
                                 -0.077095    0.686215   library hold time
                                              0.686215   data required time
---------------------------------------------------------------------------------------------
                                              0.686215   data required time
                                             -1.529856   data arrival time
---------------------------------------------------------------------------------------------
                                              0.843641   slack (MET)


Startpoint: _43_ (rising edge-triggered flip-flop clocked by clk)
Endpoint: _43_ (rising edge-triggered flip-flop clocked by clk)
Path Group: clk
Path Type: min

Fanout         Cap        Slew       Delay        Time   Description
---------------------------------------------------------------------------------------------
                                  0.000000    0.000000   clock clk (rise edge)
                                  0.000000    0.000000   clock source latency
     1    0.012132    0.095756    0.063106    0.063106 ^ clk (in)
                                                         clk (net)
                      0.095759    0.000000    0.063106 ^ clkbuf_0_clk/A (sky130_fd_sc_hd__clkbuf_16)
     2    0.019921    0.067331    0.233137    0.296243 ^ clkbuf_0_clk/X (sky130_fd_sc_hd__clkbuf_16)
                                                         clknet_0_clk (net)
                      0.067346    0.000512    0.296755 ^ clkbuf_1_0__f_clk/A (sky130_fd_sc_hd__clkbuf_16)
     5    0.014384    0.060435    0.212391    0.509146 ^ clkbuf_1_0__f_clk/X (sky130_fd_sc_hd__clkbuf_16)
                                                         clknet_1_0__leaf_clk (net)
                      0.060435    0.000289    0.509435 ^ _43_/CLK (sky130_fd_sc_hd__dfrtp_2)
     3    0.015502    0.157447    0.763565    1.273000 ^ _43_/Q (sky130_fd_sc_hd__dfrtp_2)
                                                         loopback_en (net)
                      0.157447    0.000518    1.273518 ^ _35_/A1 (sky130_fd_sc_hd__mux2_1)
     1    0.003745    0.083546    0.279148    1.552666 ^ _35_/X (sky130_fd_sc_hd__mux2_1)
                                                         _09_ (net)
                      0.083546    0.000118    1.552783 ^ _43_/D (sky130_fd_sc_hd__dfrtp_2)
                                              1.552783   data arrival time

                                  0.000000    0.000000   clock clk (rise edge)
                                  0.000000    0.000000   clock source latency
     1    0.012132    0.095756    0.063106    0.063106 ^ clk (in)
                                                         clk (net)
                      0.095759    0.000000    0.063106 ^ clkbuf_0_clk/A (sky130_fd_sc_hd__clkbuf_16)
     2    0.019921    0.067331    0.233137    0.296243 ^ clkbuf_0_clk/X (sky130_fd_sc_hd__clkbuf_16)
                                                         clknet_0_clk (net)
                      0.067346    0.000512    0.296755 ^ clkbuf_1_0__f_clk/A (sky130_fd_sc_hd__clkbuf_16)
     5    0.014384    0.060435    0.212391    0.509146 ^ clkbuf_1_0__f_clk/X (sky130_fd_sc_hd__clkbuf_16)
                                                         clknet_1_0__leaf_clk (net)
                      0.060435    0.000289    0.509435 ^ _43_/CLK (sky130_fd_sc_hd__dfrtp_2)
                                  0.250000    0.759435   clock uncertainty
                                  0.000000    0.759435   clock reconvergence pessimism
                                 -0.081549    0.677886   library hold time
                                              0.677886   data required time
---------------------------------------------------------------------------------------------
                                              0.677886   data required time
                                             -1.552783   data arrival time
---------------------------------------------------------------------------------------------
                                              0.874897   slack (MET)


Startpoint: _37_ (rising edge-triggered flip-flop clocked by clk)
Endpoint: _37_ (rising edge-triggered flip-flop clocked by clk)
Path Group: clk
Path Type: min

Fanout         Cap        Slew       Delay        Time   Description
---------------------------------------------------------------------------------------------
                                  0.000000    0.000000   clock clk (rise edge)
                                  0.000000    0.000000   clock source latency
     1    0.012132    0.095756    0.063106    0.063106 ^ clk (in)
                                                         clk (net)
                      0.095759    0.000000    0.063106 ^ clkbuf_0_clk/A (sky130_fd_sc_hd__clkbuf_16)
     2    0.019921    0.067331    0.233137    0.296243 ^ clkbuf_0_clk/X (sky130_fd_sc_hd__clkbuf_16)
                                                         clknet_0_clk (net)
                      0.067346    0.000512    0.296755 ^ clkbuf_1_0__f_clk/A (sky130_fd_sc_hd__clkbuf_16)
     5    0.014384    0.060435    0.212391    0.509146 ^ clkbuf_1_0__f_clk/X (sky130_fd_sc_hd__clkbuf_16)
                                                         clknet_1_0__leaf_clk (net)
                      0.060435    0.000300    0.509447 ^ _37_/CLK (sky130_fd_sc_hd__dfrtp_2)
     3    0.041390    0.331196    0.906503    1.415949 ^ _37_/Q (sky130_fd_sc_hd__dfrtp_2)
                                                         pad_pu_en (net)
                      0.331196    0.000804    1.416753 ^ _29_/A1 (sky130_fd_sc_hd__mux2_1)
     1    0.002265    0.065736    0.324887    1.741640 ^ _29_/X (sky130_fd_sc_hd__mux2_1)
                                                         _03_ (net)
                      0.065736    0.000065    1.741705 ^ _37_/D (sky130_fd_sc_hd__dfrtp_2)
                                              1.741705   data arrival time

                                  0.000000    0.000000   clock clk (rise edge)
                                  0.000000    0.000000   clock source latency
     1    0.012132    0.095756    0.063106    0.063106 ^ clk (in)
                                                         clk (net)
                      0.095759    0.000000    0.063106 ^ clkbuf_0_clk/A (sky130_fd_sc_hd__clkbuf_16)
     2    0.019921    0.067331    0.233137    0.296243 ^ clkbuf_0_clk/X (sky130_fd_sc_hd__clkbuf_16)
                                                         clknet_0_clk (net)
                      0.067346    0.000512    0.296755 ^ clkbuf_1_0__f_clk/A (sky130_fd_sc_hd__clkbuf_16)
     5    0.014384    0.060435    0.212391    0.509146 ^ clkbuf_1_0__f_clk/X (sky130_fd_sc_hd__clkbuf_16)
                                                         clknet_1_0__leaf_clk (net)
                      0.060435    0.000300    0.509447 ^ _37_/CLK (sky130_fd_sc_hd__dfrtp_2)
                                  0.250000    0.759447   clock uncertainty
                                  0.000000    0.759447   clock reconvergence pessimism
                                 -0.077496    0.681951   library hold time
                                              0.681951   data required time
---------------------------------------------------------------------------------------------
                                              0.681951   data required time
                                             -1.741705   data arrival time
---------------------------------------------------------------------------------------------
                                              1.059754   slack (MET)


Startpoint: _40_ (rising edge-triggered flip-flop clocked by clk)
Endpoint: _40_ (rising edge-triggered flip-flop clocked by clk)
Path Group: clk
Path Type: min

Fanout         Cap        Slew       Delay        Time   Description
---------------------------------------------------------------------------------------------
                                  0.000000    0.000000   clock clk (rise edge)
                                  0.000000    0.000000   clock source latency
     1    0.012132    0.095756    0.063106    0.063106 ^ clk (in)
                                                         clk (net)
                      0.095759    0.000000    0.063106 ^ clkbuf_0_clk/A (sky130_fd_sc_hd__clkbuf_16)
     2    0.019921    0.067331    0.233137    0.296243 ^ clkbuf_0_clk/X (sky130_fd_sc_hd__clkbuf_16)
                                                         clknet_0_clk (net)
                      0.067347    0.000553    0.296796 ^ clkbuf_1_1__f_clk/A (sky130_fd_sc_hd__clkbuf_16)
     6    0.016827    0.063491    0.215752    0.512548 ^ clkbuf_1_1__f_clk/X (sky130_fd_sc_hd__clkbuf_16)
                                                         clknet_1_1__leaf_clk (net)
                      0.063491    0.000604    0.513151 ^ _40_/CLK (sky130_fd_sc_hd__dfrtp_2)
     3    0.042631    0.340096    0.913868    1.427020 ^ _40_/Q (sky130_fd_sc_hd__dfrtp_2)
                                                         pad_slew[1] (net)
                      0.340096    0.000960    1.427980 ^ _32_/A1 (sky130_fd_sc_hd__mux2_1)
     1    0.002596    0.069924    0.332594    1.760575 ^ _32_/X (sky130_fd_sc_hd__mux2_1)
                                                         _06_ (net)
                      0.069924    0.000077    1.760652 ^ _40_/D (sky130_fd_sc_hd__dfrtp_2)
                                              1.760652   data arrival time

                                  0.000000    0.000000   clock clk (rise edge)
                                  0.000000    0.000000   clock source latency
     1    0.012132    0.095756    0.063106    0.063106 ^ clk (in)
                                                         clk (net)
                      0.095759    0.000000    0.063106 ^ clkbuf_0_clk/A (sky130_fd_sc_hd__clkbuf_16)
     2    0.019921    0.067331    0.233137    0.296243 ^ clkbuf_0_clk/X (sky130_fd_sc_hd__clkbuf_16)
                                                         clknet_0_clk (net)
                      0.067347    0.000553    0.296796 ^ clkbuf_1_1__f_clk/A (sky130_fd_sc_hd__clkbuf_16)
     6    0.016827    0.063491    0.215752    0.512548 ^ clkbuf_1_1__f_clk/X (sky130_fd_sc_hd__clkbuf_16)
                                                         clknet_1_1__leaf_clk (net)
                      0.063491    0.000604    0.513151 ^ _40_/CLK (sky130_fd_sc_hd__dfrtp_2)
                                  0.250000    0.763151   clock uncertainty
                                  0.000000    0.763151   clock reconvergence pessimism
                                 -0.077948    0.685204   library hold time
                                              0.685204   data required time
---------------------------------------------------------------------------------------------
                                              0.685204   data required time
                                             -1.760652   data arrival time
---------------------------------------------------------------------------------------------
                                              1.075448   slack (MET)


Startpoint: _38_ (rising edge-triggered flip-flop clocked by clk)
Endpoint: _38_ (rising edge-triggered flip-flop clocked by clk)
Path Group: clk
Path Type: min

Fanout         Cap        Slew       Delay        Time   Description
---------------------------------------------------------------------------------------------
                                  0.000000    0.000000   clock clk (rise edge)
                                  0.000000    0.000000   clock source latency
     1    0.012132    0.095756    0.063106    0.063106 ^ clk (in)
                                                         clk (net)
                      0.095759    0.000000    0.063106 ^ clkbuf_0_clk/A (sky130_fd_sc_hd__clkbuf_16)
     2    0.019921    0.067331    0.233137    0.296243 ^ clkbuf_0_clk/X (sky130_fd_sc_hd__clkbuf_16)
                                                         clknet_0_clk (net)
                      0.067346    0.000512    0.296755 ^ clkbuf_1_0__f_clk/A (sky130_fd_sc_hd__clkbuf_16)
     5    0.014384    0.060435    0.212391    0.509146 ^ clkbuf_1_0__f_clk/X (sky130_fd_sc_hd__clkbuf_16)
                                                         clknet_1_0__leaf_clk (net)
                      0.060435    0.000267    0.509413 ^ _38_/CLK (sky130_fd_sc_hd__dfrtp_2)
     3    0.042465    0.338752    0.912049    1.421462 ^ _38_/Q (sky130_fd_sc_hd__dfrtp_2)
                                                         pad_pd_en (net)
                      0.338752    0.000878    1.422340 ^ _30_/A1 (sky130_fd_sc_hd__mux2_1)
     1    0.002740    0.071559    0.334116    1.756455 ^ _30_/X (sky130_fd_sc_hd__mux2_1)
                                                         _04_ (net)
                      0.071559    0.000080    1.756535 ^ _38_/D (sky130_fd_sc_hd__dfrtp_2)
                                              1.756535   data arrival time

                                  0.000000    0.000000   clock clk (rise edge)
                                  0.000000    0.000000   clock source latency
     1    0.012132    0.095756    0.063106    0.063106 ^ clk (in)
                                                         clk (net)
                      0.095759    0.000000    0.063106 ^ clkbuf_0_clk/A (sky130_fd_sc_hd__clkbuf_16)
     2    0.019921    0.067331    0.233137    0.296243 ^ clkbuf_0_clk/X (sky130_fd_sc_hd__clkbuf_16)
                                                         clknet_0_clk (net)
                      0.067346    0.000512    0.296755 ^ clkbuf_1_0__f_clk/A (sky130_fd_sc_hd__clkbuf_16)
     5    0.014384    0.060435    0.212391    0.509146 ^ clkbuf_1_0__f_clk/X (sky130_fd_sc_hd__clkbuf_16)
                                                         clknet_1_0__leaf_clk (net)
                      0.060435    0.000267    0.509413 ^ _38_/CLK (sky130_fd_sc_hd__dfrtp_2)
                                  0.250000    0.759413   clock uncertainty
                                  0.000000    0.759413   clock reconvergence pessimism
                                 -0.078821    0.680592   library hold time
                                              0.680592   data required time
---------------------------------------------------------------------------------------------
                                              0.680592   data required time
                                             -1.756535   data arrival time
---------------------------------------------------------------------------------------------
                                              1.075943   slack (MET)


Startpoint: _36_ (rising edge-triggered flip-flop clocked by clk)
Endpoint: _36_ (rising edge-triggered flip-flop clocked by clk)
Path Group: clk
Path Type: min

Fanout         Cap        Slew       Delay        Time   Description
---------------------------------------------------------------------------------------------
                                  0.000000    0.000000   clock clk (rise edge)
                                  0.000000    0.000000   clock source latency
     1    0.012132    0.095756    0.063106    0.063106 ^ clk (in)
                                                         clk (net)
                      0.095759    0.000000    0.063106 ^ clkbuf_0_clk/A (sky130_fd_sc_hd__clkbuf_16)
     2    0.019921    0.067331    0.233137    0.296243 ^ clkbuf_0_clk/X (sky130_fd_sc_hd__clkbuf_16)
                                                         clknet_0_clk (net)
                      0.067347    0.000553    0.296796 ^ clkbuf_1_1__f_clk/A (sky130_fd_sc_hd__clkbuf_16)
     6    0.016827    0.063491    0.215752    0.512548 ^ clkbuf_1_1__f_clk/X (sky130_fd_sc_hd__clkbuf_16)
                                                         clknet_1_1__leaf_clk (net)
                      0.063491    0.000610    0.513158 ^ _36_/CLK (sky130_fd_sc_hd__dfrtp_2)
     3    0.041650    0.332958    0.909427    1.422584 ^ _36_/Q (sky130_fd_sc_hd__dfrtp_2)
                                                         pad_oe (net)
                      0.332958    0.000714    1.423298 ^ _28_/A1 (sky130_fd_sc_hd__mux2_1)
     1    0.003372    0.079055    0.340772    1.764071 ^ _28_/X (sky130_fd_sc_hd__mux2_1)
                                                         _02_ (net)
                      0.079055    0.000109    1.764179 ^ _36_/D (sky130_fd_sc_hd__dfrtp_2)
                                              1.764179   data arrival time

                                  0.000000    0.000000   clock clk (rise edge)
                                  0.000000    0.000000   clock source latency
     1    0.012132    0.095756    0.063106    0.063106 ^ clk (in)
                                                         clk (net)
                      0.095759    0.000000    0.063106 ^ clkbuf_0_clk/A (sky130_fd_sc_hd__clkbuf_16)
     2    0.019921    0.067331    0.233137    0.296243 ^ clkbuf_0_clk/X (sky130_fd_sc_hd__clkbuf_16)
                                                         clknet_0_clk (net)
                      0.067347    0.000553    0.296796 ^ clkbuf_1_1__f_clk/A (sky130_fd_sc_hd__clkbuf_16)
     6    0.016827    0.063491    0.215752    0.512548 ^ clkbuf_1_1__f_clk/X (sky130_fd_sc_hd__clkbuf_16)
                                                         clknet_1_1__leaf_clk (net)
                      0.063491    0.000610    0.513158 ^ _36_/CLK (sky130_fd_sc_hd__dfrtp_2)
                                  0.250000    0.763158   clock uncertainty
                                  0.000000    0.763158   clock reconvergence pessimism
                                 -0.080026    0.683132   library hold time
                                              0.683132   data required time
---------------------------------------------------------------------------------------------
                                              0.683132   data required time
                                             -1.764179   data arrival time
---------------------------------------------------------------------------------------------
                                              1.081047   slack (MET)


Startpoint: _42_ (rising edge-triggered flip-flop clocked by clk)
Endpoint: _42_ (rising edge-triggered flip-flop clocked by clk)
Path Group: clk
Path Type: min

Fanout         Cap        Slew       Delay        Time   Description
---------------------------------------------------------------------------------------------
                                  0.000000    0.000000   clock clk (rise edge)
                                  0.000000    0.000000   clock source latency
     1    0.012132    0.095756    0.063106    0.063106 ^ clk (in)
                                                         clk (net)
                      0.095759    0.000000    0.063106 ^ clkbuf_0_clk/A (sky130_fd_sc_hd__clkbuf_16)
     2    0.019921    0.067331    0.233137    0.296243 ^ clkbuf_0_clk/X (sky130_fd_sc_hd__clkbuf_16)
                                                         clknet_0_clk (net)
                      0.067347    0.000553    0.296796 ^ clkbuf_1_1__f_clk/A (sky130_fd_sc_hd__clkbuf_16)
     6    0.016827    0.063491    0.215752    0.512548 ^ clkbuf_1_1__f_clk/X (sky130_fd_sc_hd__clkbuf_16)
                                                         clknet_1_1__leaf_clk (net)
                      0.063491    0.000434    0.512982 ^ _42_/CLK (sky130_fd_sc_hd__dfrtp_2)
     3    0.044274    0.351316    0.923240    1.436222 ^ _42_/Q (sky130_fd_sc_hd__dfrtp_2)
                                                         pad_schmitt_en (net)
                      0.351316    0.000689    1.436910 ^ _34_/A1 (sky130_fd_sc_hd__mux2_1)
     1    0.002895    0.073352    0.340707    1.777618 ^ _34_/X (sky130_fd_sc_hd__mux2_1)
                                                         _08_ (net)
                      0.073352    0.000084    1.777702 ^ _42_/D (sky130_fd_sc_hd__dfrtp_2)
                                              1.777702   data arrival time

                                  0.000000    0.000000   clock clk (rise edge)
                                  0.000000    0.000000   clock source latency
     1    0.012132    0.095756    0.063106    0.063106 ^ clk (in)
                                                         clk (net)
                      0.095759    0.000000    0.063106 ^ clkbuf_0_clk/A (sky130_fd_sc_hd__clkbuf_16)
     2    0.019921    0.067331    0.233137    0.296243 ^ clkbuf_0_clk/X (sky130_fd_sc_hd__clkbuf_16)
                                                         clknet_0_clk (net)
                      0.067347    0.000553    0.296796 ^ clkbuf_1_1__f_clk/A (sky130_fd_sc_hd__clkbuf_16)
     6    0.016827    0.063491    0.215752    0.512548 ^ clkbuf_1_1__f_clk/X (sky130_fd_sc_hd__clkbuf_16)
                                                         clknet_1_1__leaf_clk (net)
                      0.063491    0.000434    0.512982 ^ _42_/CLK (sky130_fd_sc_hd__dfrtp_2)
                                  0.250000    0.762982   clock uncertainty
                                  0.000000    0.762982   clock reconvergence pessimism
                                 -0.078728    0.684254   library hold time
                                              0.684254   data required time
---------------------------------------------------------------------------------------------
                                              0.684254   data required time
                                             -1.777702   data arrival time
---------------------------------------------------------------------------------------------
                                              1.093448   slack (MET)


Startpoint: _39_ (rising edge-triggered flip-flop clocked by clk)
Endpoint: _39_ (rising edge-triggered flip-flop clocked by clk)
Path Group: clk
Path Type: min

Fanout         Cap        Slew       Delay        Time   Description
---------------------------------------------------------------------------------------------
                                  0.000000    0.000000   clock clk (rise edge)
                                  0.000000    0.000000   clock source latency
     1    0.012132    0.095756    0.063106    0.063106 ^ clk (in)
                                                         clk (net)
                      0.095759    0.000000    0.063106 ^ clkbuf_0_clk/A (sky130_fd_sc_hd__clkbuf_16)
     2    0.019921    0.067331    0.233137    0.296243 ^ clkbuf_0_clk/X (sky130_fd_sc_hd__clkbuf_16)
                                                         clknet_0_clk (net)
                      0.067346    0.000512    0.296755 ^ clkbuf_1_0__f_clk/A (sky130_fd_sc_hd__clkbuf_16)
     5    0.014384    0.060435    0.212391    0.509146 ^ clkbuf_1_0__f_clk/X (sky130_fd_sc_hd__clkbuf_16)
                                                         clknet_1_0__leaf_clk (net)
                      0.060435    0.000294    0.509440 ^ _39_/CLK (sky130_fd_sc_hd__dfrtp_2)
     3    0.044234    0.350968    0.921793    1.431233 ^ _39_/Q (sky130_fd_sc_hd__dfrtp_2)
                                                         pad_slew[0] (net)
                      0.350968    0.000752    1.431984 ^ _31_/A1 (sky130_fd_sc_hd__mux2_1)
     1    0.003525    0.080914    0.349288    1.781272 ^ _31_/X (sky130_fd_sc_hd__mux2_1)
                                                         _05_ (net)
                      0.080914    0.000117    1.781389 ^ _39_/D (sky130_fd_sc_hd__dfrtp_2)
                                              1.781389   data arrival time

                                  0.000000    0.000000   clock clk (rise edge)
                                  0.000000    0.000000   clock source latency
     1    0.012132    0.095756    0.063106    0.063106 ^ clk (in)
                                                         clk (net)
                      0.095759    0.000000    0.063106 ^ clkbuf_0_clk/A (sky130_fd_sc_hd__clkbuf_16)
     2    0.019921    0.067331    0.233137    0.296243 ^ clkbuf_0_clk/X (sky130_fd_sc_hd__clkbuf_16)
                                                         clknet_0_clk (net)
                      0.067346    0.000512    0.296755 ^ clkbuf_1_0__f_clk/A (sky130_fd_sc_hd__clkbuf_16)
     5    0.014384    0.060435    0.212391    0.509146 ^ clkbuf_1_0__f_clk/X (sky130_fd_sc_hd__clkbuf_16)
                                                         clknet_1_0__leaf_clk (net)
                      0.060435    0.000294    0.509440 ^ _39_/CLK (sky130_fd_sc_hd__dfrtp_2)
                                  0.250000    0.759440   clock uncertainty
                                  0.000000    0.759440   clock reconvergence pessimism
                                 -0.080950    0.678490   library hold time
                                              0.678490   data required time
---------------------------------------------------------------------------------------------
                                              0.678490   data required time
                                             -1.781389   data arrival time
---------------------------------------------------------------------------------------------
                                              1.102899   slack (MET)


Startpoint: _37_ (rising edge-triggered flip-flop clocked by clk)
Endpoint: pad_pu_en (output port clocked by clk)
Path Group: clk
Path Type: min

Fanout         Cap        Slew       Delay        Time   Description
---------------------------------------------------------------------------------------------
                                  0.000000    0.000000   clock clk (rise edge)
                                  0.000000    0.000000   clock source latency
     1    0.012132    0.095756    0.063106    0.063106 ^ clk (in)
                                                         clk (net)
                      0.095759    0.000000    0.063106 ^ clkbuf_0_clk/A (sky130_fd_sc_hd__clkbuf_16)
     2    0.019921    0.067331    0.233137    0.296243 ^ clkbuf_0_clk/X (sky130_fd_sc_hd__clkbuf_16)
                                                         clknet_0_clk (net)
                      0.067346    0.000512    0.296755 ^ clkbuf_1_0__f_clk/A (sky130_fd_sc_hd__clkbuf_16)
     5    0.014384    0.060435    0.212391    0.509146 ^ clkbuf_1_0__f_clk/X (sky130_fd_sc_hd__clkbuf_16)
                                                         clknet_1_0__leaf_clk (net)
                      0.060435    0.000300    0.509447 ^ _37_/CLK (sky130_fd_sc_hd__dfrtp_2)
     3    0.041390    0.331196    0.906503    1.415949 ^ _37_/Q (sky130_fd_sc_hd__dfrtp_2)
                                                         pad_pu_en (net)
                      0.331196    0.001028    1.416978 ^ pad_pu_en (out)
                                              1.416978   data arrival time

                                  0.000000    0.000000   clock clk (rise edge)
                                  0.000000    0.000000   clock network delay (propagated)
                                  0.250000    0.250000   clock uncertainty
                                  0.000000    0.250000   clock reconvergence pessimism
                                 -2.000000   -1.750000   output external delay
                                             -1.750000   data required time
---------------------------------------------------------------------------------------------
                                             -1.750000   data required time
                                             -1.416978   data arrival time
---------------------------------------------------------------------------------------------
                                              3.166978   slack (MET)


Startpoint: _44_ (rising edge-triggered flip-flop clocked by clk)
Endpoint: core_din (output port clocked by clk)
Path Group: clk
Path Type: min

Fanout         Cap        Slew       Delay        Time   Description
---------------------------------------------------------------------------------------------
                                  0.000000    0.000000   clock clk (rise edge)
                                  0.000000    0.000000   clock source latency
     1    0.012132    0.095756    0.063106    0.063106 ^ clk (in)
                                                         clk (net)
                      0.095759    0.000000    0.063106 ^ clkbuf_0_clk/A (sky130_fd_sc_hd__clkbuf_16)
     2    0.019921    0.067331    0.233137    0.296243 ^ clkbuf_0_clk/X (sky130_fd_sc_hd__clkbuf_16)
                                                         clknet_0_clk (net)
                      0.067347    0.000553    0.296796 ^ clkbuf_1_1__f_clk/A (sky130_fd_sc_hd__clkbuf_16)
     6    0.016827    0.063491    0.215752    0.512548 ^ clkbuf_1_1__f_clk/X (sky130_fd_sc_hd__clkbuf_16)
                                                         clknet_1_1__leaf_clk (net)
                      0.063491    0.000713    0.513260 ^ _44_/CLK (sky130_fd_sc_hd__dfrtp_2)
     2    0.041006    0.328648    0.905559    1.418819 ^ _44_/Q (sky130_fd_sc_hd__dfrtp_2)
                                                         core_din (net)
                      0.328650    0.001500    1.420319 ^ core_din (out)
                                              1.420319   data arrival time

                                  0.000000    0.000000   clock clk (rise edge)
                                  0.000000    0.000000   clock network delay (propagated)
                                  0.250000    0.250000   clock uncertainty
                                  0.000000    0.250000   clock reconvergence pessimism
                                 -2.000000   -1.750000   output external delay
                                             -1.750000   data required time
---------------------------------------------------------------------------------------------
                                             -1.750000   data required time
                                             -1.420319   data arrival time
---------------------------------------------------------------------------------------------
                                              3.170319   slack (MET)


Startpoint: _38_ (rising edge-triggered flip-flop clocked by clk)
Endpoint: pad_pd_en (output port clocked by clk)
Path Group: clk
Path Type: min

Fanout         Cap        Slew       Delay        Time   Description
---------------------------------------------------------------------------------------------
                                  0.000000    0.000000   clock clk (rise edge)
                                  0.000000    0.000000   clock source latency
     1    0.012132    0.095756    0.063106    0.063106 ^ clk (in)
                                                         clk (net)
                      0.095759    0.000000    0.063106 ^ clkbuf_0_clk/A (sky130_fd_sc_hd__clkbuf_16)
     2    0.019921    0.067331    0.233137    0.296243 ^ clkbuf_0_clk/X (sky130_fd_sc_hd__clkbuf_16)
                                                         clknet_0_clk (net)
                      0.067346    0.000512    0.296755 ^ clkbuf_1_0__f_clk/A (sky130_fd_sc_hd__clkbuf_16)
     5    0.014384    0.060435    0.212391    0.509146 ^ clkbuf_1_0__f_clk/X (sky130_fd_sc_hd__clkbuf_16)
                                                         clknet_1_0__leaf_clk (net)
                      0.060435    0.000267    0.509413 ^ _38_/CLK (sky130_fd_sc_hd__dfrtp_2)
     3    0.042465    0.338752    0.912049    1.421462 ^ _38_/Q (sky130_fd_sc_hd__dfrtp_2)
                                                         pad_pd_en (net)
                      0.338753    0.001376    1.422838 ^ pad_pd_en (out)
                                              1.422838   data arrival time

                                  0.000000    0.000000   clock clk (rise edge)
                                  0.000000    0.000000   clock network delay (propagated)
                                  0.250000    0.250000   clock uncertainty
                                  0.000000    0.250000   clock reconvergence pessimism
                                 -2.000000   -1.750000   output external delay
                                             -1.750000   data required time
---------------------------------------------------------------------------------------------
                                             -1.750000   data required time
                                             -1.422838   data arrival time
---------------------------------------------------------------------------------------------
                                              3.172838   slack (MET)


Startpoint: _36_ (rising edge-triggered flip-flop clocked by clk)
Endpoint: pad_oe (output port clocked by clk)
Path Group: clk
Path Type: min

Fanout         Cap        Slew       Delay        Time   Description
---------------------------------------------------------------------------------------------
                                  0.000000    0.000000   clock clk (rise edge)
                                  0.000000    0.000000   clock source latency
     1    0.012132    0.095756    0.063106    0.063106 ^ clk (in)
                                                         clk (net)
                      0.095759    0.000000    0.063106 ^ clkbuf_0_clk/A (sky130_fd_sc_hd__clkbuf_16)
     2    0.019921    0.067331    0.233137    0.296243 ^ clkbuf_0_clk/X (sky130_fd_sc_hd__clkbuf_16)
                                                         clknet_0_clk (net)
                      0.067347    0.000553    0.296796 ^ clkbuf_1_1__f_clk/A (sky130_fd_sc_hd__clkbuf_16)
     6    0.016827    0.063491    0.215752    0.512548 ^ clkbuf_1_1__f_clk/X (sky130_fd_sc_hd__clkbuf_16)
                                                         clknet_1_1__leaf_clk (net)
                      0.063491    0.000610    0.513158 ^ _36_/CLK (sky130_fd_sc_hd__dfrtp_2)
     3    0.041650    0.332958    0.909427    1.422584 ^ _36_/Q (sky130_fd_sc_hd__dfrtp_2)
                                                         pad_oe (net)
                      0.332958    0.000826    1.423411 ^ pad_oe (out)
                                              1.423411   data arrival time

                                  0.000000    0.000000   clock clk (rise edge)
                                  0.000000    0.000000   clock network delay (propagated)
                                  0.250000    0.250000   clock uncertainty
                                  0.000000    0.250000   clock reconvergence pessimism
                                 -2.000000   -1.750000   output external delay
                                             -1.750000   data required time
---------------------------------------------------------------------------------------------
                                             -1.750000   data required time
                                             -1.423411   data arrival time
---------------------------------------------------------------------------------------------
                                              3.173411   slack (MET)


Startpoint: _40_ (rising edge-triggered flip-flop clocked by clk)
Endpoint: pad_slew[1] (output port clocked by clk)
Path Group: clk
Path Type: min

Fanout         Cap        Slew       Delay        Time   Description
---------------------------------------------------------------------------------------------
                                  0.000000    0.000000   clock clk (rise edge)
                                  0.000000    0.000000   clock source latency
     1    0.012132    0.095756    0.063106    0.063106 ^ clk (in)
                                                         clk (net)
                      0.095759    0.000000    0.063106 ^ clkbuf_0_clk/A (sky130_fd_sc_hd__clkbuf_16)
     2    0.019921    0.067331    0.233137    0.296243 ^ clkbuf_0_clk/X (sky130_fd_sc_hd__clkbuf_16)
                                                         clknet_0_clk (net)
                      0.067347    0.000553    0.296796 ^ clkbuf_1_1__f_clk/A (sky130_fd_sc_hd__clkbuf_16)
     6    0.016827    0.063491    0.215752    0.512548 ^ clkbuf_1_1__f_clk/X (sky130_fd_sc_hd__clkbuf_16)
                                                         clknet_1_1__leaf_clk (net)
                      0.063491    0.000604    0.513151 ^ _40_/CLK (sky130_fd_sc_hd__dfrtp_2)
     3    0.042631    0.340096    0.913868    1.427020 ^ _40_/Q (sky130_fd_sc_hd__dfrtp_2)
                                                         pad_slew[1] (net)
                      0.340104    0.002080    1.429100 ^ pad_slew[1] (out)
                                              1.429100   data arrival time

                                  0.000000    0.000000   clock clk (rise edge)
                                  0.000000    0.000000   clock network delay (propagated)
                                  0.250000    0.250000   clock uncertainty
                                  0.000000    0.250000   clock reconvergence pessimism
                                 -2.000000   -1.750000   output external delay
                                             -1.750000   data required time
---------------------------------------------------------------------------------------------
                                             -1.750000   data required time
                                             -1.429100   data arrival time
---------------------------------------------------------------------------------------------
                                              3.179100   slack (MET)


Startpoint: _39_ (rising edge-triggered flip-flop clocked by clk)
Endpoint: pad_slew[0] (output port clocked by clk)
Path Group: clk
Path Type: min

Fanout         Cap        Slew       Delay        Time   Description
---------------------------------------------------------------------------------------------
                                  0.000000    0.000000   clock clk (rise edge)
                                  0.000000    0.000000   clock source latency
     1    0.012132    0.095756    0.063106    0.063106 ^ clk (in)
                                                         clk (net)
                      0.095759    0.000000    0.063106 ^ clkbuf_0_clk/A (sky130_fd_sc_hd__clkbuf_16)
     2    0.019921    0.067331    0.233137    0.296243 ^ clkbuf_0_clk/X (sky130_fd_sc_hd__clkbuf_16)
                                                         clknet_0_clk (net)
                      0.067346    0.000512    0.296755 ^ clkbuf_1_0__f_clk/A (sky130_fd_sc_hd__clkbuf_16)
     5    0.014384    0.060435    0.212391    0.509146 ^ clkbuf_1_0__f_clk/X (sky130_fd_sc_hd__clkbuf_16)
                                                         clknet_1_0__leaf_clk (net)
                      0.060435    0.000294    0.509440 ^ _39_/CLK (sky130_fd_sc_hd__dfrtp_2)
     3    0.044234    0.350968    0.921793    1.431233 ^ _39_/Q (sky130_fd_sc_hd__dfrtp_2)
                                                         pad_slew[0] (net)
                      0.350968    0.000968    1.432200 ^ pad_slew[0] (out)
                                              1.432200   data arrival time

                                  0.000000    0.000000   clock clk (rise edge)
                                  0.000000    0.000000   clock network delay (propagated)
                                  0.250000    0.250000   clock uncertainty
                                  0.000000    0.250000   clock reconvergence pessimism
                                 -2.000000   -1.750000   output external delay
                                             -1.750000   data required time
---------------------------------------------------------------------------------------------
                                             -1.750000   data required time
                                             -1.432200   data arrival time
---------------------------------------------------------------------------------------------
                                              3.182200   slack (MET)


Startpoint: _42_ (rising edge-triggered flip-flop clocked by clk)
Endpoint: pad_schmitt_en (output port clocked by clk)
Path Group: clk
Path Type: min

Fanout         Cap        Slew       Delay        Time   Description
---------------------------------------------------------------------------------------------
                                  0.000000    0.000000   clock clk (rise edge)
                                  0.000000    0.000000   clock source latency
     1    0.012132    0.095756    0.063106    0.063106 ^ clk (in)
                                                         clk (net)
                      0.095759    0.000000    0.063106 ^ clkbuf_0_clk/A (sky130_fd_sc_hd__clkbuf_16)
     2    0.019921    0.067331    0.233137    0.296243 ^ clkbuf_0_clk/X (sky130_fd_sc_hd__clkbuf_16)
                                                         clknet_0_clk (net)
                      0.067347    0.000553    0.296796 ^ clkbuf_1_1__f_clk/A (sky130_fd_sc_hd__clkbuf_16)
     6    0.016827    0.063491    0.215752    0.512548 ^ clkbuf_1_1__f_clk/X (sky130_fd_sc_hd__clkbuf_16)
                                                         clknet_1_1__leaf_clk (net)
                      0.063491    0.000434    0.512982 ^ _42_/CLK (sky130_fd_sc_hd__dfrtp_2)
     3    0.044274    0.351316    0.923240    1.436222 ^ _42_/Q (sky130_fd_sc_hd__dfrtp_2)
                                                         pad_schmitt_en (net)
                      0.351316    0.001214    1.437436 ^ pad_schmitt_en (out)
                                              1.437436   data arrival time

                                  0.000000    0.000000   clock clk (rise edge)
                                  0.000000    0.000000   clock network delay (propagated)
                                  0.250000    0.250000   clock uncertainty
                                  0.000000    0.250000   clock reconvergence pessimism
                                 -2.000000   -1.750000   output external delay
                                             -1.750000   data required time
---------------------------------------------------------------------------------------------
                                             -1.750000   data required time
                                             -1.437436   data arrival time
---------------------------------------------------------------------------------------------
                                              3.187436   slack (MET)


Startpoint: _41_ (rising edge-triggered flip-flop clocked by clk)
Endpoint: reg_rdata[5] (output port clocked by clk)
Path Group: clk
Path Type: min

Fanout         Cap        Slew       Delay        Time   Description
---------------------------------------------------------------------------------------------
                                  0.000000    0.000000   clock clk (rise edge)
                                  0.000000    0.000000   clock source latency
     1    0.012132    0.095756    0.063106    0.063106 ^ clk (in)
                                                         clk (net)
                      0.095759    0.000000    0.063106 ^ clkbuf_0_clk/A (sky130_fd_sc_hd__clkbuf_16)
     2    0.019921    0.067331    0.233137    0.296243 ^ clkbuf_0_clk/X (sky130_fd_sc_hd__clkbuf_16)
                                                         clknet_0_clk (net)
                      0.067347    0.000553    0.296796 ^ clkbuf_1_1__f_clk/A (sky130_fd_sc_hd__clkbuf_16)
     6    0.016827    0.063491    0.215752    0.512548 ^ clkbuf_1_1__f_clk/X (sky130_fd_sc_hd__clkbuf_16)
                                                         clknet_1_1__leaf_clk (net)
                      0.063491    0.000756    0.513304 ^ _41_/CLK (sky130_fd_sc_hd__dfrtp_2)
     4    0.012127    0.133121    0.742083    1.255386 ^ _41_/Q (sky130_fd_sc_hd__dfrtp_2)
                                                         ie (net)
                      0.133121    0.000157    1.255544 ^ _21_/A (sky130_fd_sc_hd__and2_2)
     1    0.034288    0.295971    0.472182    1.727726 ^ _21_/X (sky130_fd_sc_hd__and2_2)
                                                         reg_rdata[5] (net)
                      0.295971    0.000722    1.728448 ^ reg_rdata[5] (out)
                                              1.728448   data arrival time

                                  0.000000    0.000000   clock clk (rise edge)
                                  0.000000    0.000000   clock network delay (propagated)
                                  0.250000    0.250000   clock uncertainty
                                  0.000000    0.250000   clock reconvergence pessimism
                                 -2.000000   -1.750000   output external delay
                                             -1.750000   data required time
---------------------------------------------------------------------------------------------
                                             -1.750000   data required time
                                             -1.728448   data arrival time
---------------------------------------------------------------------------------------------
                                              3.478448   slack (MET)


Startpoint: _43_ (rising edge-triggered flip-flop clocked by clk)
Endpoint: reg_rdata[7] (output port clocked by clk)
Path Group: clk
Path Type: min

Fanout         Cap        Slew       Delay        Time   Description
---------------------------------------------------------------------------------------------
                                  0.000000    0.000000   clock clk (rise edge)
                                  0.000000    0.000000   clock source latency
     1    0.012132    0.095756    0.063106    0.063106 ^ clk (in)
                                                         clk (net)
                      0.095759    0.000000    0.063106 ^ clkbuf_0_clk/A (sky130_fd_sc_hd__clkbuf_16)
     2    0.019921    0.067331    0.233137    0.296243 ^ clkbuf_0_clk/X (sky130_fd_sc_hd__clkbuf_16)
                                                         clknet_0_clk (net)
                      0.067346    0.000512    0.296755 ^ clkbuf_1_0__f_clk/A (sky130_fd_sc_hd__clkbuf_16)
     5    0.014384    0.060435    0.212391    0.509146 ^ clkbuf_1_0__f_clk/X (sky130_fd_sc_hd__clkbuf_16)
                                                         clknet_1_0__leaf_clk (net)
                      0.060435    0.000289    0.509435 ^ _43_/CLK (sky130_fd_sc_hd__dfrtp_2)
     3    0.015502    0.157447    0.763565    1.273000 ^ _43_/Q (sky130_fd_sc_hd__dfrtp_2)
                                                         loopback_en (net)
                      0.157447    0.000272    1.273272 ^ _23_/A (sky130_fd_sc_hd__and2_2)
     1    0.034377    0.296607    0.483148    1.756420 ^ _23_/X (sky130_fd_sc_hd__and2_2)
                                                         reg_rdata[7] (net)
                      0.296607    0.000744    1.757163 ^ reg_rdata[7] (out)
                                              1.757163   data arrival time

                                  0.000000    0.000000   clock clk (rise edge)
                                  0.000000    0.000000   clock network delay (propagated)
                                  0.250000    0.250000   clock uncertainty
                                  0.000000    0.250000   clock reconvergence pessimism
                                 -2.000000   -1.750000   output external delay
                                             -1.750000   data required time
---------------------------------------------------------------------------------------------
                                             -1.750000   data required time
                                             -1.757163   data arrival time
---------------------------------------------------------------------------------------------
                                              3.507164   slack (MET)


Startpoint: _38_ (rising edge-triggered flip-flop clocked by clk)
Endpoint: reg_rdata[2] (output port clocked by clk)
Path Group: clk
Path Type: min

Fanout         Cap        Slew       Delay        Time   Description
---------------------------------------------------------------------------------------------
                                  0.000000    0.000000   clock clk (rise edge)
                                  0.000000    0.000000   clock source latency
     1    0.012132    0.095756    0.063106    0.063106 ^ clk (in)
                                                         clk (net)
                      0.095759    0.000000    0.063106 ^ clkbuf_0_clk/A (sky130_fd_sc_hd__clkbuf_16)
     2    0.019921    0.067331    0.233137    0.296243 ^ clkbuf_0_clk/X (sky130_fd_sc_hd__clkbuf_16)
                                                         clknet_0_clk (net)
                      0.067346    0.000512    0.296755 ^ clkbuf_1_0__f_clk/A (sky130_fd_sc_hd__clkbuf_16)
     5    0.014384    0.060435    0.212391    0.509146 ^ clkbuf_1_0__f_clk/X (sky130_fd_sc_hd__clkbuf_16)
                                                         clknet_1_0__leaf_clk (net)
                      0.060435    0.000267    0.509413 ^ _38_/CLK (sky130_fd_sc_hd__dfrtp_2)
     3    0.042465    0.338752    0.912049    1.421462 ^ _38_/Q (sky130_fd_sc_hd__dfrtp_2)
                                                         pad_pd_en (net)
                      0.338752    0.000431    1.421893 ^ _18_/A (sky130_fd_sc_hd__and2_2)
     1    0.036356    0.311919    0.568881    1.990773 ^ _18_/X (sky130_fd_sc_hd__and2_2)
                                                         reg_rdata[2] (net)
                      0.311919    0.001138    1.991912 ^ reg_rdata[2] (out)
                                              1.991912   data arrival time

                                  0.000000    0.000000   clock clk (rise edge)
                                  0.000000    0.000000   clock network delay (propagated)
                                  0.250000    0.250000   clock uncertainty
                                  0.000000    0.250000   clock reconvergence pessimism
                                 -2.000000   -1.750000   output external delay
                                             -1.750000   data required time
---------------------------------------------------------------------------------------------
                                             -1.750000   data required time
                                             -1.991912   data arrival time
---------------------------------------------------------------------------------------------
                                              3.741912   slack (MET)


Startpoint: _44_ (rising edge-triggered flip-flop clocked by clk)
Endpoint: reg_rdata[1] (output port clocked by clk)
Path Group: clk
Path Type: min

Fanout         Cap        Slew       Delay        Time   Description
---------------------------------------------------------------------------------------------
                                  0.000000    0.000000   clock clk (rise edge)
                                  0.000000    0.000000   clock source latency
     1    0.012132    0.095756    0.063106    0.063106 ^ clk (in)
                                                         clk (net)
                      0.095759    0.000000    0.063106 ^ clkbuf_0_clk/A (sky130_fd_sc_hd__clkbuf_16)
     2    0.019921    0.067331    0.233137    0.296243 ^ clkbuf_0_clk/X (sky130_fd_sc_hd__clkbuf_16)
                                                         clknet_0_clk (net)
                      0.067347    0.000553    0.296796 ^ clkbuf_1_1__f_clk/A (sky130_fd_sc_hd__clkbuf_16)
     6    0.016827    0.063491    0.215752    0.512548 ^ clkbuf_1_1__f_clk/X (sky130_fd_sc_hd__clkbuf_16)
                                                         clknet_1_1__leaf_clk (net)
                      0.063491    0.000713    0.513260 ^ _44_/CLK (sky130_fd_sc_hd__dfrtp_2)
     2    0.041006    0.328648    0.905559    1.418819 ^ _44_/Q (sky130_fd_sc_hd__dfrtp_2)
                                                         core_din (net)
                      0.328648    0.000810    1.419629 ^ _17_/B2 (sky130_fd_sc_hd__a22o_2)
     1    0.037455    0.318198    0.572576    1.992205 ^ _17_/X (sky130_fd_sc_hd__a22o_2)
                                                         reg_rdata[1] (net)
                      0.318199    0.001353    1.993559 ^ reg_rdata[1] (out)
                                              1.993559   data arrival time

                                  0.000000    0.000000   clock clk (rise edge)
                                  0.000000    0.000000   clock network delay (propagated)
                                  0.250000    0.250000   clock uncertainty
                                  0.000000    0.250000   clock reconvergence pessimism
                                 -2.000000   -1.750000   output external delay
                                             -1.750000   data required time
---------------------------------------------------------------------------------------------
                                             -1.750000   data required time
                                             -1.993559   data arrival time
---------------------------------------------------------------------------------------------
                                              3.743558   slack (MET)


Startpoint: _40_ (rising edge-triggered flip-flop clocked by clk)
Endpoint: reg_rdata[4] (output port clocked by clk)
Path Group: clk
Path Type: min

Fanout         Cap        Slew       Delay        Time   Description
---------------------------------------------------------------------------------------------
                                  0.000000    0.000000   clock clk (rise edge)
                                  0.000000    0.000000   clock source latency
     1    0.012132    0.095756    0.063106    0.063106 ^ clk (in)
                                                         clk (net)
                      0.095759    0.000000    0.063106 ^ clkbuf_0_clk/A (sky130_fd_sc_hd__clkbuf_16)
     2    0.019921    0.067331    0.233137    0.296243 ^ clkbuf_0_clk/X (sky130_fd_sc_hd__clkbuf_16)
                                                         clknet_0_clk (net)
                      0.067347    0.000553    0.296796 ^ clkbuf_1_1__f_clk/A (sky130_fd_sc_hd__clkbuf_16)
     6    0.016827    0.063491    0.215752    0.512548 ^ clkbuf_1_1__f_clk/X (sky130_fd_sc_hd__clkbuf_16)
                                                         clknet_1_1__leaf_clk (net)
                      0.063491    0.000604    0.513151 ^ _40_/CLK (sky130_fd_sc_hd__dfrtp_2)
     3    0.042631    0.340096    0.913868    1.427020 ^ _40_/Q (sky130_fd_sc_hd__dfrtp_2)
                                                         pad_slew[1] (net)
                      0.340097    0.001358    1.428378 ^ _20_/A (sky130_fd_sc_hd__and2_2)
     1    0.036666    0.314190    0.571383    1.999760 ^ _20_/X (sky130_fd_sc_hd__and2_2)
                                                         reg_rdata[4] (net)
                      0.314190    0.000798    2.000558 ^ reg_rdata[4] (out)
                                              2.000558   data arrival time

                                  0.000000    0.000000   clock clk (rise edge)
                                  0.000000    0.000000   clock network delay (propagated)
                                  0.250000    0.250000   clock uncertainty
                                  0.000000    0.250000   clock reconvergence pessimism
                                 -2.000000   -1.750000   output external delay
                                             -1.750000   data required time
---------------------------------------------------------------------------------------------
                                             -1.750000   data required time
                                             -2.000558   data arrival time
---------------------------------------------------------------------------------------------
                                              3.750558   slack (MET)


Startpoint: _42_ (rising edge-triggered flip-flop clocked by clk)
Endpoint: reg_rdata[6] (output port clocked by clk)
Path Group: clk
Path Type: min

Fanout         Cap        Slew       Delay        Time   Description
---------------------------------------------------------------------------------------------
                                  0.000000    0.000000   clock clk (rise edge)
                                  0.000000    0.000000   clock source latency
     1    0.012132    0.095756    0.063106    0.063106 ^ clk (in)
                                                         clk (net)
                      0.095759    0.000000    0.063106 ^ clkbuf_0_clk/A (sky130_fd_sc_hd__clkbuf_16)
     2    0.019921    0.067331    0.233137    0.296243 ^ clkbuf_0_clk/X (sky130_fd_sc_hd__clkbuf_16)
                                                         clknet_0_clk (net)
                      0.067347    0.000553    0.296796 ^ clkbuf_1_1__f_clk/A (sky130_fd_sc_hd__clkbuf_16)
     6    0.016827    0.063491    0.215752    0.512548 ^ clkbuf_1_1__f_clk/X (sky130_fd_sc_hd__clkbuf_16)
                                                         clknet_1_1__leaf_clk (net)
                      0.063491    0.000434    0.512982 ^ _42_/CLK (sky130_fd_sc_hd__dfrtp_2)
     3    0.044274    0.351316    0.923240    1.436222 ^ _42_/Q (sky130_fd_sc_hd__dfrtp_2)
                                                         pad_schmitt_en (net)
                      0.351316    0.000733    1.436955 ^ _22_/A (sky130_fd_sc_hd__and2_2)
     1    0.034944    0.301280    0.566185    2.003140 ^ _22_/X (sky130_fd_sc_hd__and2_2)
                                                         reg_rdata[6] (net)
                      0.301280    0.000899    2.004039 ^ reg_rdata[6] (out)
                                              2.004039   data arrival time

                                  0.000000    0.000000   clock clk (rise edge)
                                  0.000000    0.000000   clock network delay (propagated)
                                  0.250000    0.250000   clock uncertainty
                                  0.000000    0.250000   clock reconvergence pessimism
                                 -2.000000   -1.750000   output external delay
                                             -1.750000   data required time
---------------------------------------------------------------------------------------------
                                             -1.750000   data required time
                                             -2.004039   data arrival time
---------------------------------------------------------------------------------------------
                                              3.754039   slack (MET)


Startpoint: _39_ (rising edge-triggered flip-flop clocked by clk)
Endpoint: reg_rdata[3] (output port clocked by clk)
Path Group: clk
Path Type: min

Fanout         Cap        Slew       Delay        Time   Description
---------------------------------------------------------------------------------------------
                                  0.000000    0.000000   clock clk (rise edge)
                                  0.000000    0.000000   clock source latency
     1    0.012132    0.095756    0.063106    0.063106 ^ clk (in)
                                                         clk (net)
                      0.095759    0.000000    0.063106 ^ clkbuf_0_clk/A (sky130_fd_sc_hd__clkbuf_16)
     2    0.019921    0.067331    0.233137    0.296243 ^ clkbuf_0_clk/X (sky130_fd_sc_hd__clkbuf_16)
                                                         clknet_0_clk (net)
                      0.067346    0.000512    0.296755 ^ clkbuf_1_0__f_clk/A (sky130_fd_sc_hd__clkbuf_16)
     5    0.014384    0.060435    0.212391    0.509146 ^ clkbuf_1_0__f_clk/X (sky130_fd_sc_hd__clkbuf_16)
                                                         clknet_1_0__leaf_clk (net)
                      0.060435    0.000294    0.509440 ^ _39_/CLK (sky130_fd_sc_hd__dfrtp_2)
     3    0.044234    0.350968    0.921793    1.431233 ^ _39_/Q (sky130_fd_sc_hd__dfrtp_2)
                                                         pad_slew[0] (net)
                      0.350968    0.000484    1.431717 ^ _19_/A (sky130_fd_sc_hd__and2_2)
     1    0.036407    0.312388    0.573952    2.005669 ^ _19_/X (sky130_fd_sc_hd__and2_2)
                                                         reg_rdata[3] (net)
                      0.312389    0.001336    2.007005 ^ reg_rdata[3] (out)
                                              2.007005   data arrival time

                                  0.000000    0.000000   clock clk (rise edge)
                                  0.000000    0.000000   clock network delay (propagated)
                                  0.250000    0.250000   clock uncertainty
                                  0.000000    0.250000   clock reconvergence pessimism
                                 -2.000000   -1.750000   output external delay
                                             -1.750000   data required time
---------------------------------------------------------------------------------------------
                                             -1.750000   data required time
                                             -2.007005   data arrival time
---------------------------------------------------------------------------------------------
                                              3.757005   slack (MET)


Startpoint: _36_ (rising edge-triggered flip-flop clocked by clk)
Endpoint: reg_rdata[0] (output port clocked by clk)
Path Group: clk
Path Type: min

Fanout         Cap        Slew       Delay        Time   Description
---------------------------------------------------------------------------------------------
                                  0.000000    0.000000   clock clk (rise edge)
                                  0.000000    0.000000   clock source latency
     1    0.012132    0.095756    0.063106    0.063106 ^ clk (in)
                                                         clk (net)
                      0.095759    0.000000    0.063106 ^ clkbuf_0_clk/A (sky130_fd_sc_hd__clkbuf_16)
     2    0.019921    0.067331    0.233137    0.296243 ^ clkbuf_0_clk/X (sky130_fd_sc_hd__clkbuf_16)
                                                         clknet_0_clk (net)
                      0.067347    0.000553    0.296796 ^ clkbuf_1_1__f_clk/A (sky130_fd_sc_hd__clkbuf_16)
     6    0.016827    0.063491    0.215752    0.512548 ^ clkbuf_1_1__f_clk/X (sky130_fd_sc_hd__clkbuf_16)
                                                         clknet_1_1__leaf_clk (net)
                      0.063491    0.000610    0.513158 ^ _36_/CLK (sky130_fd_sc_hd__dfrtp_2)
     3    0.041650    0.332958    0.909427    1.422584 ^ _36_/Q (sky130_fd_sc_hd__dfrtp_2)
                                                         pad_oe (net)
                      0.332958    0.000671    1.423256 ^ _16_/A1 (sky130_fd_sc_hd__a22o_2)
     1    0.037766    0.320599    0.599676    2.022932 ^ _16_/X (sky130_fd_sc_hd__a22o_2)
                                                         reg_rdata[0] (net)
                      0.320601    0.001400    2.024333 ^ reg_rdata[0] (out)
                                              2.024333   data arrival time

                                  0.000000    0.000000   clock clk (rise edge)
                                  0.000000    0.000000   clock network delay (propagated)
                                  0.250000    0.250000   clock uncertainty
                                  0.000000    0.250000   clock reconvergence pessimism
                                 -2.000000   -1.750000   output external delay
                                             -1.750000   data required time
---------------------------------------------------------------------------------------------
                                             -1.750000   data required time
                                             -2.024333   data arrival time
---------------------------------------------------------------------------------------------
                                              3.774333   slack (MET)


Startpoint: core_dout (input port clocked by clk)
Endpoint: pad_dout (output port clocked by clk)
Path Group: clk
Path Type: min

Fanout         Cap        Slew       Delay        Time   Description
---------------------------------------------------------------------------------------------
                                  0.000000    0.000000   clock clk (rise edge)
                                  0.000000    0.000000   clock network delay (propagated)
                                  2.000000    2.000000 v input external delay
     2    0.005947    0.030877    0.019088    2.019088 v core_dout (in)
                                                         core_dout (net)
                      0.030878    0.000000    2.019088 v _46_/A (sky130_fd_sc_hd__buf_2)
     1    0.034635    0.167583    0.327741    2.346829 v _46_/X (sky130_fd_sc_hd__buf_2)
                                                         pad_dout (net)
                      0.167584    0.000771    2.347601 v pad_dout (out)
                                              2.347601   data arrival time

                                  0.000000    0.000000   clock clk (rise edge)
                                  0.000000    0.000000   clock network delay (propagated)
                                  0.250000    0.250000   clock uncertainty
                                  0.000000    0.250000   clock reconvergence pessimism
                                 -2.000000   -1.750000   output external delay
                                             -1.750000   data required time
---------------------------------------------------------------------------------------------
                                             -1.750000   data required time
                                             -2.347601   data arrival time
---------------------------------------------------------------------------------------------
                                              4.097600   slack (MET)



%OL_END_REPORT
%OL_CREATE_REPORT max.rpt

===========================================================================
report_checks -path_delay max (Setup)
============================================================================
======================= nom_ss_100C_1v60 Corner ===================================

Startpoint: reg_addr[1] (input port clocked by clk)
Endpoint: reg_rdata[0] (output port clocked by clk)
Path Group: clk
Path Type: max

Fanout         Cap        Slew       Delay        Time   Description
---------------------------------------------------------------------------------------------
                                  0.000000    0.000000   clock clk (rise edge)
                                  0.000000    0.000000   clock network delay (propagated)
                                  2.000000    2.000000 ^ input external delay
     3    0.009666    0.078845    0.050687    2.050687 ^ reg_addr[1] (in)
                                                         reg_addr[1] (net)
                      0.078845    0.000000    2.050687 ^ _15_/A_N (sky130_fd_sc_hd__and2b_2)
     2    0.006027    0.085036    0.463472    2.514159 v _15_/X (sky130_fd_sc_hd__and2b_2)
                                                         _11_ (net)
                      0.085036    0.000165    2.514323 v _16_/B1 (sky130_fd_sc_hd__a22o_2)
     1    0.037766    0.210997    0.549982    3.064306 v _16_/X (sky130_fd_sc_hd__a22o_2)
                                                         reg_rdata[0] (net)
                      0.211003    0.001400    3.065706 v reg_rdata[0] (out)
                                              3.065706   data arrival time

                                 10.000000   10.000000   clock clk (rise edge)
                                  0.000000   10.000000   clock network delay (propagated)
                                 -0.250000    9.750000   clock uncertainty
                                  0.000000    9.750000   clock reconvergence pessimism
                                 -2.000000    7.750000   output external delay
                                              7.750000   data required time
---------------------------------------------------------------------------------------------
                                              7.750000   data required time
                                             -3.065706   data arrival time
---------------------------------------------------------------------------------------------
                                              4.684294   slack (MET)


Startpoint: reg_addr[1] (input port clocked by clk)
Endpoint: reg_rdata[1] (output port clocked by clk)
Path Group: clk
Path Type: max

Fanout         Cap        Slew       Delay        Time   Description
---------------------------------------------------------------------------------------------
                                  0.000000    0.000000   clock clk (rise edge)
                                  0.000000    0.000000   clock network delay (propagated)
                                  2.000000    2.000000 ^ input external delay
     3    0.009666    0.078845    0.050687    2.050687 ^ reg_addr[1] (in)
                                                         reg_addr[1] (net)
                      0.078845    0.000000    2.050687 ^ _15_/A_N (sky130_fd_sc_hd__and2b_2)
     2    0.006027    0.085036    0.463472    2.514159 v _15_/X (sky130_fd_sc_hd__and2b_2)
                                                         _11_ (net)
                      0.085036    0.000175    2.514334 v _17_/B1 (sky130_fd_sc_hd__a22o_2)
     1    0.037455    0.209721    0.548850    3.063184 v _17_/X (sky130_fd_sc_hd__a22o_2)
                                                         reg_rdata[1] (net)
                      0.209727    0.001353    3.064536 v reg_rdata[1] (out)
                                              3.064536   data arrival time

                                 10.000000   10.000000   clock clk (rise edge)
                                  0.000000   10.000000   clock network delay (propagated)
                                 -0.250000    9.750000   clock uncertainty
                                  0.000000    9.750000   clock reconvergence pessimism
                                 -2.000000    7.750000   output external delay
                                              7.750000   data required time
---------------------------------------------------------------------------------------------
                                              7.750000   data required time
                                             -3.064536   data arrival time
---------------------------------------------------------------------------------------------
                                              4.685464   slack (MET)


Startpoint: reg_addr[1] (input port clocked by clk)
Endpoint: reg_rdata[4] (output port clocked by clk)
Path Group: clk
Path Type: max

Fanout         Cap        Slew       Delay        Time   Description
---------------------------------------------------------------------------------------------
                                  0.000000    0.000000   clock clk (rise edge)
                                  0.000000    0.000000   clock network delay (propagated)
                                  2.000000    2.000000 v input external delay
     3    0.009125    0.043773    0.028728    2.028728 v reg_addr[1] (in)
                                                         reg_addr[1] (net)
                      0.043774    0.000000    2.028728 v _14_/A (sky130_fd_sc_hd__nor2_2)
     8    0.021958    0.411979    0.381613    2.410341 ^ _14_/Y (sky130_fd_sc_hd__nor2_2)
                                                         _10_ (net)
                      0.411981    0.000732    2.411073 ^ _20_/B (sky130_fd_sc_hd__and2_2)
     1    0.036666    0.314673    0.592929    3.004002 ^ _20_/X (sky130_fd_sc_hd__and2_2)
                                                         reg_rdata[4] (net)
                      0.314673    0.000798    3.004800 ^ reg_rdata[4] (out)
                                              3.004800   data arrival time

                                 10.000000   10.000000   clock clk (rise edge)
                                  0.000000   10.000000   clock network delay (propagated)
                                 -0.250000    9.750000   clock uncertainty
                                  0.000000    9.750000   clock reconvergence pessimism
                                 -2.000000    7.750000   output external delay
                                              7.750000   data required time
---------------------------------------------------------------------------------------------
                                              7.750000   data required time
                                             -3.004800   data arrival time
---------------------------------------------------------------------------------------------
                                              4.745200   slack (MET)


Startpoint: reg_addr[1] (input port clocked by clk)
Endpoint: reg_rdata[3] (output port clocked by clk)
Path Group: clk
Path Type: max

Fanout         Cap        Slew       Delay        Time   Description
---------------------------------------------------------------------------------------------
                                  0.000000    0.000000   clock clk (rise edge)
                                  0.000000    0.000000   clock network delay (propagated)
                                  2.000000    2.000000 v input external delay
     3    0.009125    0.043773    0.028728    2.028728 v reg_addr[1] (in)
                                                         reg_addr[1] (net)
                      0.043774    0.000000    2.028728 v _14_/A (sky130_fd_sc_hd__nor2_2)
     8    0.021958    0.411979    0.381613    2.410341 ^ _14_/Y (sky130_fd_sc_hd__nor2_2)
                                                         _10_ (net)
                      0.411981    0.000847    2.411188 ^ _19_/B (sky130_fd_sc_hd__and2_2)
     1    0.036407    0.312835    0.591111    3.002300 ^ _19_/X (sky130_fd_sc_hd__and2_2)
                                                         reg_rdata[3] (net)
                      0.312836    0.001336    3.003636 ^ reg_rdata[3] (out)
                                              3.003636   data arrival time

                                 10.000000   10.000000   clock clk (rise edge)
                                  0.000000   10.000000   clock network delay (propagated)
                                 -0.250000    9.750000   clock uncertainty
                                  0.000000    9.750000   clock reconvergence pessimism
                                 -2.000000    7.750000   output external delay
                                              7.750000   data required time
---------------------------------------------------------------------------------------------
                                              7.750000   data required time
                                             -3.003636   data arrival time
---------------------------------------------------------------------------------------------
                                              4.746364   slack (MET)


Startpoint: reg_addr[1] (input port clocked by clk)
Endpoint: reg_rdata[2] (output port clocked by clk)
Path Group: clk
Path Type: max

Fanout         Cap        Slew       Delay        Time   Description
---------------------------------------------------------------------------------------------
                                  0.000000    0.000000   clock clk (rise edge)
                                  0.000000    0.000000   clock network delay (propagated)
                                  2.000000    2.000000 v input external delay
     3    0.009125    0.043773    0.028728    2.028728 v reg_addr[1] (in)
                                                         reg_addr[1] (net)
                      0.043774    0.000000    2.028728 v _14_/A (sky130_fd_sc_hd__nor2_2)
     8    0.021958    0.411979    0.381613    2.410341 ^ _14_/Y (sky130_fd_sc_hd__nor2_2)
                                                         _10_ (net)
                      0.411979    0.000356    2.410697 ^ _18_/B (sky130_fd_sc_hd__and2_2)
     1    0.036356    0.312407    0.590958    3.001655 ^ _18_/X (sky130_fd_sc_hd__and2_2)
                                                         reg_rdata[2] (net)
                      0.312407    0.001138    3.002794 ^ reg_rdata[2] (out)
                                              3.002794   data arrival time

                                 10.000000   10.000000   clock clk (rise edge)
                                  0.000000   10.000000   clock network delay (propagated)
                                 -0.250000    9.750000   clock uncertainty
                                  0.000000    9.750000   clock reconvergence pessimism
                                 -2.000000    7.750000   output external delay
                                              7.750000   data required time
---------------------------------------------------------------------------------------------
                                              7.750000   data required time
                                             -3.002794   data arrival time
---------------------------------------------------------------------------------------------
                                              4.747206   slack (MET)


Startpoint: reg_addr[1] (input port clocked by clk)
Endpoint: reg_rdata[6] (output port clocked by clk)
Path Group: clk
Path Type: max

Fanout         Cap        Slew       Delay        Time   Description
---------------------------------------------------------------------------------------------
                                  0.000000    0.000000   clock clk (rise edge)
                                  0.000000    0.000000   clock network delay (propagated)
                                  2.000000    2.000000 v input external delay
     3    0.009125    0.043773    0.028728    2.028728 v reg_addr[1] (in)
                                                         reg_addr[1] (net)
                      0.043774    0.000000    2.028728 v _14_/A (sky130_fd_sc_hd__nor2_2)
     8    0.021958    0.411979    0.381613    2.410341 ^ _14_/Y (sky130_fd_sc_hd__nor2_2)
                                                         _10_ (net)
                      0.411981    0.000860    2.411201 ^ _22_/B (sky130_fd_sc_hd__and2_2)
     1    0.034944    0.301707    0.583164    2.994365 ^ _22_/X (sky130_fd_sc_hd__and2_2)
                                                         reg_rdata[6] (net)
                      0.301707    0.000899    2.995264 ^ reg_rdata[6] (out)
                                              2.995264   data arrival time

                                 10.000000   10.000000   clock clk (rise edge)
                                  0.000000   10.000000   clock network delay (propagated)
                                 -0.250000    9.750000   clock uncertainty
                                  0.000000    9.750000   clock reconvergence pessimism
                                 -2.000000    7.750000   output external delay
                                              7.750000   data required time
---------------------------------------------------------------------------------------------
                                              7.750000   data required time
                                             -2.995264   data arrival time
---------------------------------------------------------------------------------------------
                                              4.754736   slack (MET)


Startpoint: reg_addr[1] (input port clocked by clk)
Endpoint: reg_rdata[7] (output port clocked by clk)
Path Group: clk
Path Type: max

Fanout         Cap        Slew       Delay        Time   Description
---------------------------------------------------------------------------------------------
                                  0.000000    0.000000   clock clk (rise edge)
                                  0.000000    0.000000   clock network delay (propagated)
                                  2.000000    2.000000 v input external delay
     3    0.009125    0.043773    0.028728    2.028728 v reg_addr[1] (in)
                                                         reg_addr[1] (net)
                      0.043774    0.000000    2.028728 v _14_/A (sky130_fd_sc_hd__nor2_2)
     8    0.021958    0.411979    0.381613    2.410341 ^ _14_/Y (sky130_fd_sc_hd__nor2_2)
                                                         _10_ (net)
                      0.411981    0.000804    2.411145 ^ _23_/B (sky130_fd_sc_hd__and2_2)
     1    0.034377    0.297400    0.580076    2.991221 ^ _23_/X (sky130_fd_sc_hd__and2_2)
                                                         reg_rdata[7] (net)
                      0.297400    0.000744    2.991964 ^ reg_rdata[7] (out)
                                              2.991964   data arrival time

                                 10.000000   10.000000   clock clk (rise edge)
                                  0.000000   10.000000   clock network delay (propagated)
                                 -0.250000    9.750000   clock uncertainty
                                  0.000000    9.750000   clock reconvergence pessimism
                                 -2.000000    7.750000   output external delay
                                              7.750000   data required time
---------------------------------------------------------------------------------------------
                                              7.750000   data required time
                                             -2.991964   data arrival time
---------------------------------------------------------------------------------------------
                                              4.758036   slack (MET)


Startpoint: reg_addr[1] (input port clocked by clk)
Endpoint: reg_rdata[5] (output port clocked by clk)
Path Group: clk
Path Type: max

Fanout         Cap        Slew       Delay        Time   Description
---------------------------------------------------------------------------------------------
                                  0.000000    0.000000   clock clk (rise edge)
                                  0.000000    0.000000   clock network delay (propagated)
                                  2.000000    2.000000 v input external delay
     3    0.009125    0.043773    0.028728    2.028728 v reg_addr[1] (in)
                                                         reg_addr[1] (net)
                      0.043774    0.000000    2.028728 v _14_/A (sky130_fd_sc_hd__nor2_2)
     8    0.021958    0.411979    0.381613    2.410341 ^ _14_/Y (sky130_fd_sc_hd__nor2_2)
                                                         _10_ (net)
                      0.411981    0.000858    2.411199 ^ _21_/B (sky130_fd_sc_hd__and2_2)
     1    0.034288    0.296720    0.579587    2.990785 ^ _21_/X (sky130_fd_sc_hd__and2_2)
                                                         reg_rdata[5] (net)
                      0.296720    0.000722    2.991507 ^ reg_rdata[5] (out)
                                              2.991507   data arrival time

                                 10.000000   10.000000   clock clk (rise edge)
                                  0.000000   10.000000   clock network delay (propagated)
                                 -0.250000    9.750000   clock uncertainty
                                  0.000000    9.750000   clock reconvergence pessimism
                                 -2.000000    7.750000   output external delay
                                              7.750000   data required time
---------------------------------------------------------------------------------------------
                                              7.750000   data required time
                                             -2.991507   data arrival time
---------------------------------------------------------------------------------------------
                                              4.758492   slack (MET)


Startpoint: core_dout (input port clocked by clk)
Endpoint: pad_dout (output port clocked by clk)
Path Group: clk
Path Type: max

Fanout         Cap        Slew       Delay        Time   Description
---------------------------------------------------------------------------------------------
                                  0.000000    0.000000   clock clk (rise edge)
                                  0.000000    0.000000   clock network delay (propagated)
                                  2.000000    2.000000 ^ input external delay
     2    0.006204    0.055337    0.033556    2.033556 ^ core_dout (in)
                                                         core_dout (net)
                      0.055337    0.000000    2.033556 ^ _46_/A (sky130_fd_sc_hd__buf_2)
     1    0.034635    0.274868    0.338656    2.372213 ^ _46_/X (sky130_fd_sc_hd__buf_2)
                                                         pad_dout (net)
                      0.274868    0.000772    2.372984 ^ pad_dout (out)
                                              2.372984   data arrival time

                                 10.000000   10.000000   clock clk (rise edge)
                                  0.000000   10.000000   clock network delay (propagated)
                                 -0.250000    9.750000   clock uncertainty
                                  0.000000    9.750000   clock reconvergence pessimism
                                 -2.000000    7.750000   output external delay
                                              7.750000   data required time
---------------------------------------------------------------------------------------------
                                              7.750000   data required time
                                             -2.372984   data arrival time
---------------------------------------------------------------------------------------------
                                              5.377016   slack (MET)


Startpoint: reg_addr[1] (input port clocked by clk)
Endpoint: _43_ (rising edge-triggered flip-flop clocked by clk)
Path Group: clk
Path Type: max

Fanout         Cap        Slew       Delay        Time   Description
---------------------------------------------------------------------------------------------
                                  0.000000    0.000000   clock clk (rise edge)
                                  0.000000    0.000000   clock network delay (propagated)
                                  2.000000    2.000000 v input external delay
     3    0.009125    0.043773    0.028709    2.028709 v reg_addr[1] (in)
                                                         reg_addr[1] (net)
                      0.043774    0.000000    2.028709 v _27_/A (sky130_fd_sc_hd__or3b_2)
     8    0.037145    0.336333    1.333489    3.362198 v _27_/X (sky130_fd_sc_hd__or3b_2)
                                                         _13_ (net)
                      0.336333    0.000720    3.362918 v _35_/S (sky130_fd_sc_hd__mux2_1)
     1    0.003730    0.119779    0.811872    4.174790 v _35_/X (sky130_fd_sc_hd__mux2_1)
                                                         _09_ (net)
                      0.119779    0.000117    4.174907 v _43_/D (sky130_fd_sc_hd__dfrtp_2)
                                              4.174907   data arrival time

                                 10.000000   10.000000   clock clk (rise edge)
                                  0.000000   10.000000   clock source latency
     1    0.012132    0.095756    0.063106   10.063107 ^ clk (in)
                                                         clk (net)
                      0.095759    0.000000   10.063107 ^ clkbuf_0_clk/A (sky130_fd_sc_hd__clkbuf_16)
     2    0.019921    0.067331    0.233137   10.296244 ^ clkbuf_0_clk/X (sky130_fd_sc_hd__clkbuf_16)
                                                         clknet_0_clk (net)
                      0.067346    0.000512   10.296756 ^ clkbuf_1_0__f_clk/A (sky130_fd_sc_hd__clkbuf_16)
     5    0.014384    0.060435    0.212391   10.509147 ^ clkbuf_1_0__f_clk/X (sky130_fd_sc_hd__clkbuf_16)
                                                         clknet_1_0__leaf_clk (net)
                      0.060435    0.000289   10.509436 ^ _43_/CLK (sky130_fd_sc_hd__dfrtp_2)
                                 -0.250000   10.259436   clock uncertainty
                                  0.000000   10.259436   clock reconvergence pessimism
                                 -0.299959    9.959477   library setup time
                                              9.959477   data required time
---------------------------------------------------------------------------------------------
                                              9.959477   data required time
                                             -4.174907   data arrival time
---------------------------------------------------------------------------------------------
                                              5.784570   slack (MET)


Startpoint: reg_addr[1] (input port clocked by clk)
Endpoint: _39_ (rising edge-triggered flip-flop clocked by clk)
Path Group: clk
Path Type: max

Fanout         Cap        Slew       Delay        Time   Description
---------------------------------------------------------------------------------------------
                                  0.000000    0.000000   clock clk (rise edge)
                                  0.000000    0.000000   clock network delay (propagated)
                                  2.000000    2.000000 v input external delay
     3    0.009125    0.043773    0.028709    2.028709 v reg_addr[1] (in)
                                                         reg_addr[1] (net)
                      0.043774    0.000000    2.028709 v _27_/A (sky130_fd_sc_hd__or3b_2)
     8    0.037145    0.336333    1.333489    3.362198 v _27_/X (sky130_fd_sc_hd__or3b_2)
                                                         _13_ (net)
                      0.336333    0.000796    3.362995 v _31_/S (sky130_fd_sc_hd__mux2_1)
     1    0.003510    0.117281    0.808063    4.171058 v _31_/X (sky130_fd_sc_hd__mux2_1)
                                                         _05_ (net)
                      0.117281    0.000116    4.171174 v _39_/D (sky130_fd_sc_hd__dfrtp_2)
                                              4.171174   data arrival time

                                 10.000000   10.000000   clock clk (rise edge)
                                  0.000000   10.000000   clock source latency
     1    0.012132    0.095756    0.063106   10.063107 ^ clk (in)
                                                         clk (net)
                      0.095759    0.000000   10.063107 ^ clkbuf_0_clk/A (sky130_fd_sc_hd__clkbuf_16)
     2    0.019921    0.067331    0.233137   10.296244 ^ clkbuf_0_clk/X (sky130_fd_sc_hd__clkbuf_16)
                                                         clknet_0_clk (net)
                      0.067346    0.000512   10.296756 ^ clkbuf_1_0__f_clk/A (sky130_fd_sc_hd__clkbuf_16)
     5    0.014384    0.060435    0.212391   10.509147 ^ clkbuf_1_0__f_clk/X (sky130_fd_sc_hd__clkbuf_16)
                                                         clknet_1_0__leaf_clk (net)
                      0.060435    0.000293   10.509439 ^ _39_/CLK (sky130_fd_sc_hd__dfrtp_2)
                                 -0.250000   10.259439   clock uncertainty
                                  0.000000   10.259439   clock reconvergence pessimism
                                 -0.298915    9.960526   library setup time
                                              9.960526   data required time
---------------------------------------------------------------------------------------------
                                              9.960526   data required time
                                             -4.171174   data arrival time
---------------------------------------------------------------------------------------------
                                              5.789351   slack (MET)


Startpoint: reg_addr[1] (input port clocked by clk)
Endpoint: _36_ (rising edge-triggered flip-flop clocked by clk)
Path Group: clk
Path Type: max

Fanout         Cap        Slew       Delay        Time   Description
---------------------------------------------------------------------------------------------
                                  0.000000    0.000000   clock clk (rise edge)
                                  0.000000    0.000000   clock network delay (propagated)
                                  2.000000    2.000000 v input external delay
     3    0.009125    0.043773    0.028709    2.028709 v reg_addr[1] (in)
                                                         reg_addr[1] (net)
                      0.043774    0.000000    2.028709 v _27_/A (sky130_fd_sc_hd__or3b_2)
     8    0.037145    0.336333    1.333489    3.362198 v _27_/X (sky130_fd_sc_hd__or3b_2)
                                                         _13_ (net)
                      0.336333    0.001292    3.363491 v _28_/S (sky130_fd_sc_hd__mux2_1)
     1    0.003357    0.115620    0.805428    4.168918 v _28_/X (sky130_fd_sc_hd__mux2_1)
                                                         _02_ (net)
                      0.115620    0.000108    4.169026 v _36_/D (sky130_fd_sc_hd__dfrtp_2)
                                              4.169026   data arrival time

                                 10.000000   10.000000   clock clk (rise edge)
                                  0.000000   10.000000   clock source latency
     1    0.012132    0.095756    0.063106   10.063107 ^ clk (in)
                                                         clk (net)
                      0.095759    0.000000   10.063107 ^ clkbuf_0_clk/A (sky130_fd_sc_hd__clkbuf_16)
     2    0.019921    0.067331    0.233137   10.296244 ^ clkbuf_0_clk/X (sky130_fd_sc_hd__clkbuf_16)
                                                         clknet_0_clk (net)
                      0.067347    0.000552   10.296796 ^ clkbuf_1_1__f_clk/A (sky130_fd_sc_hd__clkbuf_16)
     6    0.016827    0.063491    0.215752   10.512547 ^ clkbuf_1_1__f_clk/X (sky130_fd_sc_hd__clkbuf_16)
                                                         clknet_1_1__leaf_clk (net)
                      0.063491    0.000610   10.513158 ^ _36_/CLK (sky130_fd_sc_hd__dfrtp_2)
                                 -0.250000   10.263158   clock uncertainty
                                  0.000000   10.263158   clock reconvergence pessimism
                                 -0.297405    9.965752   library setup time
                                              9.965752   data required time
---------------------------------------------------------------------------------------------
                                              9.965752   data required time
                                             -4.169026   data arrival time
---------------------------------------------------------------------------------------------
                                              5.796726   slack (MET)


Startpoint: reg_addr[1] (input port clocked by clk)
Endpoint: _41_ (rising edge-triggered flip-flop clocked by clk)
Path Group: clk
Path Type: max

Fanout         Cap        Slew       Delay        Time   Description
---------------------------------------------------------------------------------------------
                                  0.000000    0.000000   clock clk (rise edge)
                                  0.000000    0.000000   clock network delay (propagated)
                                  2.000000    2.000000 v input external delay
     3    0.009125    0.043773    0.028709    2.028709 v reg_addr[1] (in)
                                                         reg_addr[1] (net)
                      0.043774    0.000000    2.028709 v _27_/A (sky130_fd_sc_hd__or3b_2)
     8    0.037145    0.336333    1.333489    3.362198 v _27_/X (sky130_fd_sc_hd__or3b_2)
                                                         _13_ (net)
                      0.336333    0.001064    3.363262 v _33_/S (sky130_fd_sc_hd__mux2_1)
     1    0.003100    0.112979    0.800985    4.164248 v _33_/X (sky130_fd_sc_hd__mux2_1)
                                                         _07_ (net)
                      0.112979    0.000097    4.164344 v _41_/D (sky130_fd_sc_hd__dfrtp_2)
                                              4.164344   data arrival time

                                 10.000000   10.000000   clock clk (rise edge)
                                  0.000000   10.000000   clock source latency
     1    0.012132    0.095756    0.063106   10.063107 ^ clk (in)
                                                         clk (net)
                      0.095759    0.000000   10.063107 ^ clkbuf_0_clk/A (sky130_fd_sc_hd__clkbuf_16)
     2    0.019921    0.067331    0.233137   10.296244 ^ clkbuf_0_clk/X (sky130_fd_sc_hd__clkbuf_16)
                                                         clknet_0_clk (net)
                      0.067347    0.000552   10.296796 ^ clkbuf_1_1__f_clk/A (sky130_fd_sc_hd__clkbuf_16)
     6    0.016827    0.063491    0.215752   10.512547 ^ clkbuf_1_1__f_clk/X (sky130_fd_sc_hd__clkbuf_16)
                                                         clknet_1_1__leaf_clk (net)
                      0.063491    0.000757   10.513305 ^ _41_/CLK (sky130_fd_sc_hd__dfrtp_2)
                                 -0.250000   10.263305   clock uncertainty
                                  0.000000   10.263305   clock reconvergence pessimism
                                 -0.296302    9.967003   library setup time
                                              9.967003   data required time
---------------------------------------------------------------------------------------------
                                              9.967003   data required time
                                             -4.164344   data arrival time
---------------------------------------------------------------------------------------------
                                              5.802658   slack (MET)


Startpoint: reg_addr[1] (input port clocked by clk)
Endpoint: _38_ (rising edge-triggered flip-flop clocked by clk)
Path Group: clk
Path Type: max

Fanout         Cap        Slew       Delay        Time   Description
---------------------------------------------------------------------------------------------
                                  0.000000    0.000000   clock clk (rise edge)
                                  0.000000    0.000000   clock network delay (propagated)
                                  2.000000    2.000000 v input external delay
     3    0.009125    0.043773    0.028709    2.028709 v reg_addr[1] (in)
                                                         reg_addr[1] (net)
                      0.043774    0.000000    2.028709 v _27_/A (sky130_fd_sc_hd__or3b_2)
     8    0.037145    0.336333    1.333489    3.362198 v _27_/X (sky130_fd_sc_hd__or3b_2)
                                                         _13_ (net)
                      0.336333    0.000606    3.362804 v _30_/S (sky130_fd_sc_hd__mux2_1)
     1    0.002725    0.109093    0.794501    4.157305 v _30_/X (sky130_fd_sc_hd__mux2_1)
                                                         _04_ (net)
                      0.109093    0.000079    4.157385 v _38_/D (sky130_fd_sc_hd__dfrtp_2)
                                              4.157385   data arrival time

                                 10.000000   10.000000   clock clk (rise edge)
                                  0.000000   10.000000   clock source latency
     1    0.012132    0.095756    0.063106   10.063107 ^ clk (in)
                                                         clk (net)
                      0.095759    0.000000   10.063107 ^ clkbuf_0_clk/A (sky130_fd_sc_hd__clkbuf_16)
     2    0.019921    0.067331    0.233137   10.296244 ^ clkbuf_0_clk/X (sky130_fd_sc_hd__clkbuf_16)
                                                         clknet_0_clk (net)
                      0.067346    0.000512   10.296756 ^ clkbuf_1_0__f_clk/A (sky130_fd_sc_hd__clkbuf_16)
     5    0.014384    0.060435    0.212391   10.509147 ^ clkbuf_1_0__f_clk/X (sky130_fd_sc_hd__clkbuf_16)
                                                         clknet_1_0__leaf_clk (net)
                      0.060435    0.000266   10.509413 ^ _38_/CLK (sky130_fd_sc_hd__dfrtp_2)
                                 -0.250000   10.259413   clock uncertainty
                                  0.000000   10.259413   clock reconvergence pessimism
                                 -0.295493    9.963920   library setup time
                                              9.963920   data required time
---------------------------------------------------------------------------------------------
                                              9.963920   data required time
                                             -4.157385   data arrival time
---------------------------------------------------------------------------------------------
                                              5.806535   slack (MET)


Startpoint: reg_addr[1] (input port clocked by clk)
Endpoint: _42_ (rising edge-triggered flip-flop clocked by clk)
Path Group: clk
Path Type: max

Fanout         Cap        Slew       Delay        Time   Description
---------------------------------------------------------------------------------------------
                                  0.000000    0.000000   clock clk (rise edge)
                                  0.000000    0.000000   clock network delay (propagated)
                                  2.000000    2.000000 v input external delay
     3    0.009125    0.043773    0.028709    2.028709 v reg_addr[1] (in)
                                                         reg_addr[1] (net)
                      0.043774    0.000000    2.028709 v _27_/A (sky130_fd_sc_hd__or3b_2)
     8    0.037145    0.336333    1.333489    3.362198 v _27_/X (sky130_fd_sc_hd__or3b_2)
                                                         _13_ (net)
                      0.336333    0.001248    3.363446 v _34_/S (sky130_fd_sc_hd__mux2_1)
     1    0.002880    0.110836    0.797183    4.160629 v _34_/X (sky130_fd_sc_hd__mux2_1)
                                                         _08_ (net)
                      0.110836    0.000083    4.160713 v _42_/D (sky130_fd_sc_hd__dfrtp_2)
                                              4.160713   data arrival time

                                 10.000000   10.000000   clock clk (rise edge)
                                  0.000000   10.000000   clock source latency
     1    0.012132    0.095756    0.063106   10.063107 ^ clk (in)
                                                         clk (net)
                      0.095759    0.000000   10.063107 ^ clkbuf_0_clk/A (sky130_fd_sc_hd__clkbuf_16)
     2    0.019921    0.067331    0.233137   10.296244 ^ clkbuf_0_clk/X (sky130_fd_sc_hd__clkbuf_16)
                                                         clknet_0_clk (net)
                      0.067347    0.000552   10.296796 ^ clkbuf_1_1__f_clk/A (sky130_fd_sc_hd__clkbuf_16)
     6    0.016827    0.063491    0.215752   10.512547 ^ clkbuf_1_1__f_clk/X (sky130_fd_sc_hd__clkbuf_16)
                                                         clknet_1_1__leaf_clk (net)
                      0.063491    0.000434   10.512982 ^ _42_/CLK (sky130_fd_sc_hd__dfrtp_2)
                                 -0.250000   10.262981   clock uncertainty
                                  0.000000   10.262981   clock reconvergence pessimism
                                 -0.295406    9.967575   library setup time
                                              9.967575   data required time
---------------------------------------------------------------------------------------------
                                              9.967575   data required time
                                             -4.160713   data arrival time
---------------------------------------------------------------------------------------------
                                              5.806863   slack (MET)


Startpoint: reg_addr[1] (input port clocked by clk)
Endpoint: _40_ (rising edge-triggered flip-flop clocked by clk)
Path Group: clk
Path Type: max

Fanout         Cap        Slew       Delay        Time   Description
---------------------------------------------------------------------------------------------
                                  0.000000    0.000000   clock clk (rise edge)
                                  0.000000    0.000000   clock network delay (propagated)
                                  2.000000    2.000000 v input external delay
     3    0.009125    0.043773    0.028709    2.028709 v reg_addr[1] (in)
                                                         reg_addr[1] (net)
                      0.043774    0.000000    2.028709 v _27_/A (sky130_fd_sc_hd__or3b_2)
     8    0.037145    0.336333    1.333489    3.362198 v _27_/X (sky130_fd_sc_hd__or3b_2)
                                                         _13_ (net)
                      0.336333    0.001109    3.363308 v _32_/S (sky130_fd_sc_hd__mux2_1)
     1    0.002581    0.107668    0.792000    4.155308 v _32_/X (sky130_fd_sc_hd__mux2_1)
                                                         _06_ (net)
                      0.107668    0.000076    4.155385 v _40_/D (sky130_fd_sc_hd__dfrtp_2)
                                              4.155385   data arrival time

                                 10.000000   10.000000   clock clk (rise edge)
                                  0.000000   10.000000   clock source latency
     1    0.012132    0.095756    0.063106   10.063107 ^ clk (in)
                                                         clk (net)
                      0.095759    0.000000   10.063107 ^ clkbuf_0_clk/A (sky130_fd_sc_hd__clkbuf_16)
     2    0.019921    0.067331    0.233137   10.296244 ^ clkbuf_0_clk/X (sky130_fd_sc_hd__clkbuf_16)
                                                         clknet_0_clk (net)
                      0.067347    0.000552   10.296796 ^ clkbuf_1_1__f_clk/A (sky130_fd_sc_hd__clkbuf_16)
     6    0.016827    0.063491    0.215752   10.512547 ^ clkbuf_1_1__f_clk/X (sky130_fd_sc_hd__clkbuf_16)
                                                         clknet_1_1__leaf_clk (net)
                      0.063491    0.000604   10.513151 ^ _40_/CLK (sky130_fd_sc_hd__dfrtp_2)
                                 -0.250000   10.263151   clock uncertainty
                                  0.000000   10.263151   clock reconvergence pessimism
                                 -0.294082    9.969069   library setup time
                                              9.969069   data required time
---------------------------------------------------------------------------------------------
                                              9.969069   data required time
                                             -4.155385   data arrival time
---------------------------------------------------------------------------------------------
                                              5.813685   slack (MET)


Startpoint: reg_addr[1] (input port clocked by clk)
Endpoint: _37_ (rising edge-triggered flip-flop clocked by clk)
Path Group: clk
Path Type: max

Fanout         Cap        Slew       Delay        Time   Description
---------------------------------------------------------------------------------------------
                                  0.000000    0.000000   clock clk (rise edge)
                                  0.000000    0.000000   clock network delay (propagated)
                                  2.000000    2.000000 v input external delay
     3    0.009125    0.043773    0.028709    2.028709 v reg_addr[1] (in)
                                                         reg_addr[1] (net)
                      0.043774    0.000000    2.028709 v _27_/A (sky130_fd_sc_hd__or3b_2)
     8    0.037145    0.336333    1.333489    3.362198 v _27_/X (sky130_fd_sc_hd__or3b_2)
                                                         _13_ (net)
                      0.336333    0.000497    3.362695 v _29_/S (sky130_fd_sc_hd__mux2_1)
     1    0.002250    0.104720    0.786275    4.148970 v _29_/X (sky130_fd_sc_hd__mux2_1)
                                                         _03_ (net)
                      0.104720    0.000065    4.149035 v _37_/D (sky130_fd_sc_hd__dfrtp_2)
                                              4.149035   data arrival time

                                 10.000000   10.000000   clock clk (rise edge)
                                  0.000000   10.000000   clock source latency
     1    0.012132    0.095756    0.063106   10.063107 ^ clk (in)
                                                         clk (net)
                      0.095759    0.000000   10.063107 ^ clkbuf_0_clk/A (sky130_fd_sc_hd__clkbuf_16)
     2    0.019921    0.067331    0.233137   10.296244 ^ clkbuf_0_clk/X (sky130_fd_sc_hd__clkbuf_16)
                                                         clknet_0_clk (net)
                      0.067346    0.000512   10.296756 ^ clkbuf_1_0__f_clk/A (sky130_fd_sc_hd__clkbuf_16)
     5    0.014384    0.060435    0.212391   10.509147 ^ clkbuf_1_0__f_clk/X (sky130_fd_sc_hd__clkbuf_16)
                                                         clknet_1_0__leaf_clk (net)
                      0.060435    0.000300   10.509447 ^ _37_/CLK (sky130_fd_sc_hd__dfrtp_2)
                                 -0.250000   10.259447   clock uncertainty
                                  0.000000   10.259447   clock reconvergence pessimism
                                 -0.293666    9.965781   library setup time
                                              9.965781   data required time
---------------------------------------------------------------------------------------------
                                              9.965781   data required time
                                             -4.149035   data arrival time
---------------------------------------------------------------------------------------------
                                              5.816747   slack (MET)


Startpoint: _42_ (rising edge-triggered flip-flop clocked by clk)
Endpoint: pad_schmitt_en (output port clocked by clk)
Path Group: clk
Path Type: max

Fanout         Cap        Slew       Delay        Time   Description
---------------------------------------------------------------------------------------------
                                  0.000000    0.000000   clock clk (rise edge)
                                  0.000000    0.000000   clock source latency
     1    0.012132    0.095756    0.063106    0.063106 ^ clk (in)
                                                         clk (net)
                      0.095759    0.000000    0.063106 ^ clkbuf_0_clk/A (sky130_fd_sc_hd__clkbuf_16)
     2    0.019921    0.067331    0.233137    0.296243 ^ clkbuf_0_clk/X (sky130_fd_sc_hd__clkbuf_16)
                                                         clknet_0_clk (net)
                      0.067347    0.000553    0.296796 ^ clkbuf_1_1__f_clk/A (sky130_fd_sc_hd__clkbuf_16)
     6    0.016827    0.063491    0.215752    0.512548 ^ clkbuf_1_1__f_clk/X (sky130_fd_sc_hd__clkbuf_16)
                                                         clknet_1_1__leaf_clk (net)
                      0.063491    0.000434    0.512982 ^ _42_/CLK (sky130_fd_sc_hd__dfrtp_2)
     3    0.044101    0.249231    0.994458    1.507440 v _42_/Q (sky130_fd_sc_hd__dfrtp_2)
                                                         pad_schmitt_en (net)
                      0.249234    0.001212    1.508652 v pad_schmitt_en (out)
                                              1.508652   data arrival time

                                 10.000000   10.000000   clock clk (rise edge)
                                  0.000000   10.000000   clock network delay (propagated)
                                 -0.250000    9.750000   clock uncertainty
                                  0.000000    9.750000   clock reconvergence pessimism
                                 -2.000000    7.750000   output external delay
                                              7.750000   data required time
---------------------------------------------------------------------------------------------
                                              7.750000   data required time
                                             -1.508652   data arrival time
---------------------------------------------------------------------------------------------
                                              6.241348   slack (MET)


Startpoint: _39_ (rising edge-triggered flip-flop clocked by clk)
Endpoint: pad_slew[0] (output port clocked by clk)
Path Group: clk
Path Type: max

Fanout         Cap        Slew       Delay        Time   Description
---------------------------------------------------------------------------------------------
                                  0.000000    0.000000   clock clk (rise edge)
                                  0.000000    0.000000   clock source latency
     1    0.012132    0.095756    0.063106    0.063106 ^ clk (in)
                                                         clk (net)
                      0.095759    0.000000    0.063106 ^ clkbuf_0_clk/A (sky130_fd_sc_hd__clkbuf_16)
     2    0.019921    0.067331    0.233137    0.296243 ^ clkbuf_0_clk/X (sky130_fd_sc_hd__clkbuf_16)
                                                         clknet_0_clk (net)
                      0.067346    0.000512    0.296755 ^ clkbuf_1_0__f_clk/A (sky130_fd_sc_hd__clkbuf_16)
     5    0.014384    0.060435    0.212391    0.509146 ^ clkbuf_1_0__f_clk/X (sky130_fd_sc_hd__clkbuf_16)
                                                         clknet_1_0__leaf_clk (net)
                      0.060435    0.000294    0.509440 ^ _39_/CLK (sky130_fd_sc_hd__dfrtp_2)
     3    0.044061    0.248953    0.993050    1.502490 v _39_/Q (sky130_fd_sc_hd__dfrtp_2)
                                                         pad_slew[0] (net)
                      0.248954    0.000965    1.503455 v pad_slew[0] (out)
                                              1.503455   data arrival time

                                 10.000000   10.000000   clock clk (rise edge)
                                  0.000000   10.000000   clock network delay (propagated)
                                 -0.250000    9.750000   clock uncertainty
                                  0.000000    9.750000   clock reconvergence pessimism
                                 -2.000000    7.750000   output external delay
                                              7.750000   data required time
---------------------------------------------------------------------------------------------
                                              7.750000   data required time
                                             -1.503455   data arrival time
---------------------------------------------------------------------------------------------
                                              6.246545   slack (MET)


Startpoint: _40_ (rising edge-triggered flip-flop clocked by clk)
Endpoint: pad_slew[1] (output port clocked by clk)
Path Group: clk
Path Type: max

Fanout         Cap        Slew       Delay        Time   Description
---------------------------------------------------------------------------------------------
                                  0.000000    0.000000   clock clk (rise edge)
                                  0.000000    0.000000   clock source latency
     1    0.012132    0.095756    0.063106    0.063106 ^ clk (in)
                                                         clk (net)
                      0.095759    0.000000    0.063106 ^ clkbuf_0_clk/A (sky130_fd_sc_hd__clkbuf_16)
     2    0.019921    0.067331    0.233137    0.296243 ^ clkbuf_0_clk/X (sky130_fd_sc_hd__clkbuf_16)
                                                         clknet_0_clk (net)
                      0.067347    0.000553    0.296796 ^ clkbuf_1_1__f_clk/A (sky130_fd_sc_hd__clkbuf_16)
     6    0.016827    0.063491    0.215752    0.512548 ^ clkbuf_1_1__f_clk/X (sky130_fd_sc_hd__clkbuf_16)
                                                         clknet_1_1__leaf_clk (net)
                      0.063491    0.000604    0.513151 ^ _40_/CLK (sky130_fd_sc_hd__dfrtp_2)
     3    0.042458    0.242647    0.987388    1.500540 v _40_/Q (sky130_fd_sc_hd__dfrtp_2)
                                                         pad_slew[1] (net)
                      0.242663    0.002075    1.502615 v pad_slew[1] (out)
                                              1.502615   data arrival time

                                 10.000000   10.000000   clock clk (rise edge)
                                  0.000000   10.000000   clock network delay (propagated)
                                 -0.250000    9.750000   clock uncertainty
                                  0.000000    9.750000   clock reconvergence pessimism
                                 -2.000000    7.750000   output external delay
                                              7.750000   data required time
---------------------------------------------------------------------------------------------
                                              7.750000   data required time
                                             -1.502615   data arrival time
---------------------------------------------------------------------------------------------
                                              6.247385   slack (MET)


Startpoint: _36_ (rising edge-triggered flip-flop clocked by clk)
Endpoint: pad_oe (output port clocked by clk)
Path Group: clk
Path Type: max

Fanout         Cap        Slew       Delay        Time   Description
---------------------------------------------------------------------------------------------
                                  0.000000    0.000000   clock clk (rise edge)
                                  0.000000    0.000000   clock source latency
     1    0.012132    0.095756    0.063106    0.063106 ^ clk (in)
                                                         clk (net)
                      0.095759    0.000000    0.063106 ^ clkbuf_0_clk/A (sky130_fd_sc_hd__clkbuf_16)
     2    0.019921    0.067331    0.233137    0.296243 ^ clkbuf_0_clk/X (sky130_fd_sc_hd__clkbuf_16)
                                                         clknet_0_clk (net)
                      0.067347    0.000553    0.296796 ^ clkbuf_1_1__f_clk/A (sky130_fd_sc_hd__clkbuf_16)
     6    0.016827    0.063491    0.215752    0.512548 ^ clkbuf_1_1__f_clk/X (sky130_fd_sc_hd__clkbuf_16)
                                                         clknet_1_1__leaf_clk (net)
                      0.063491    0.000610    0.513158 ^ _36_/CLK (sky130_fd_sc_hd__dfrtp_2)
     3    0.041381    0.237581    0.984003    1.497161 v _36_/Q (sky130_fd_sc_hd__dfrtp_2)
                                                         pad_oe (net)
                      0.237581    0.000822    1.497983 v pad_oe (out)
                                              1.497983   data arrival time

                                 10.000000   10.000000   clock clk (rise edge)
                                  0.000000   10.000000   clock network delay (propagated)
                                 -0.250000    9.750000   clock uncertainty
                                  0.000000    9.750000   clock reconvergence pessimism
                                 -2.000000    7.750000   output external delay
                                              7.750000   data required time
---------------------------------------------------------------------------------------------
                                              7.750000   data required time
                                             -1.497983   data arrival time
---------------------------------------------------------------------------------------------
                                              6.252017   slack (MET)


Startpoint: _38_ (rising edge-triggered flip-flop clocked by clk)
Endpoint: pad_pd_en (output port clocked by clk)
Path Group: clk
Path Type: max

Fanout         Cap        Slew       Delay        Time   Description
---------------------------------------------------------------------------------------------
                                  0.000000    0.000000   clock clk (rise edge)
                                  0.000000    0.000000   clock source latency
     1    0.012132    0.095756    0.063106    0.063106 ^ clk (in)
                                                         clk (net)
                      0.095759    0.000000    0.063106 ^ clkbuf_0_clk/A (sky130_fd_sc_hd__clkbuf_16)
     2    0.019921    0.067331    0.233137    0.296243 ^ clkbuf_0_clk/X (sky130_fd_sc_hd__clkbuf_16)
                                                         clknet_0_clk (net)
                      0.067346    0.000512    0.296755 ^ clkbuf_1_0__f_clk/A (sky130_fd_sc_hd__clkbuf_16)
     5    0.014384    0.060435    0.212391    0.509146 ^ clkbuf_1_0__f_clk/X (sky130_fd_sc_hd__clkbuf_16)
                                                         clknet_1_0__leaf_clk (net)
                      0.060435    0.000267    0.509413 ^ _38_/CLK (sky130_fd_sc_hd__dfrtp_2)
     3    0.042292    0.241639    0.985801    1.495214 v _38_/Q (sky130_fd_sc_hd__dfrtp_2)
                                                         pad_pd_en (net)
                      0.241644    0.001373    1.496587 v pad_pd_en (out)
                                              1.496587   data arrival time

                                 10.000000   10.000000   clock clk (rise edge)
                                  0.000000   10.000000   clock network delay (propagated)
                                 -0.250000    9.750000   clock uncertainty
                                  0.000000    9.750000   clock reconvergence pessimism
                                 -2.000000    7.750000   output external delay
                                              7.750000   data required time
---------------------------------------------------------------------------------------------
                                              7.750000   data required time
                                             -1.496587   data arrival time
---------------------------------------------------------------------------------------------
                                              6.253413   slack (MET)


Startpoint: _44_ (rising edge-triggered flip-flop clocked by clk)
Endpoint: core_din (output port clocked by clk)
Path Group: clk
Path Type: max

Fanout         Cap        Slew       Delay        Time   Description
---------------------------------------------------------------------------------------------
                                  0.000000    0.000000   clock clk (rise edge)
                                  0.000000    0.000000   clock source latency
     1    0.012132    0.095756    0.063106    0.063106 ^ clk (in)
                                                         clk (net)
                      0.095759    0.000000    0.063106 ^ clkbuf_0_clk/A (sky130_fd_sc_hd__clkbuf_16)
     2    0.019921    0.067331    0.233137    0.296243 ^ clkbuf_0_clk/X (sky130_fd_sc_hd__clkbuf_16)
                                                         clknet_0_clk (net)
                      0.067347    0.000553    0.296796 ^ clkbuf_1_1__f_clk/A (sky130_fd_sc_hd__clkbuf_16)
     6    0.016827    0.063491    0.215752    0.512548 ^ clkbuf_1_1__f_clk/X (sky130_fd_sc_hd__clkbuf_16)
                                                         clknet_1_1__leaf_clk (net)
                      0.063491    0.000713    0.513260 ^ _44_/CLK (sky130_fd_sc_hd__dfrtp_2)
     2    0.040722    0.235079    0.980969    1.494229 v _44_/Q (sky130_fd_sc_hd__dfrtp_2)
                                                         core_din (net)
                      0.235085    0.001494    1.495724 v core_din (out)
                                              1.495724   data arrival time

                                 10.000000   10.000000   clock clk (rise edge)
                                  0.000000   10.000000   clock network delay (propagated)
                                 -0.250000    9.750000   clock uncertainty
                                  0.000000    9.750000   clock reconvergence pessimism
                                 -2.000000    7.750000   output external delay
                                              7.750000   data required time
---------------------------------------------------------------------------------------------
                                              7.750000   data required time
                                             -1.495724   data arrival time
---------------------------------------------------------------------------------------------
                                              6.254276   slack (MET)


Startpoint: _37_ (rising edge-triggered flip-flop clocked by clk)
Endpoint: pad_pu_en (output port clocked by clk)
Path Group: clk
Path Type: max

Fanout         Cap        Slew       Delay        Time   Description
---------------------------------------------------------------------------------------------
                                  0.000000    0.000000   clock clk (rise edge)
                                  0.000000    0.000000   clock source latency
     1    0.012132    0.095756    0.063106    0.063106 ^ clk (in)
                                                         clk (net)
                      0.095759    0.000000    0.063106 ^ clkbuf_0_clk/A (sky130_fd_sc_hd__clkbuf_16)
     2    0.019921    0.067331    0.233137    0.296243 ^ clkbuf_0_clk/X (sky130_fd_sc_hd__clkbuf_16)
                                                         clknet_0_clk (net)
                      0.067346    0.000512    0.296755 ^ clkbuf_1_0__f_clk/A (sky130_fd_sc_hd__clkbuf_16)
     5    0.014384    0.060435    0.212391    0.509146 ^ clkbuf_1_0__f_clk/X (sky130_fd_sc_hd__clkbuf_16)
                                                         clknet_1_0__leaf_clk (net)
                      0.060435    0.000300    0.509447 ^ _37_/CLK (sky130_fd_sc_hd__dfrtp_2)
     3    0.041121    0.236567    0.981414    1.490860 v _37_/Q (sky130_fd_sc_hd__dfrtp_2)
                                                         pad_pu_en (net)
                      0.236569    0.001023    1.491884 v pad_pu_en (out)
                                              1.491884   data arrival time

                                 10.000000   10.000000   clock clk (rise edge)
                                  0.000000   10.000000   clock network delay (propagated)
                                 -0.250000    9.750000   clock uncertainty
                                  0.000000    9.750000   clock reconvergence pessimism
                                 -2.000000    7.750000   output external delay
                                              7.750000   data required time
---------------------------------------------------------------------------------------------
                                              7.750000   data required time
                                             -1.491884   data arrival time
---------------------------------------------------------------------------------------------
                                              6.258116   slack (MET)


Startpoint: core_dout (input port clocked by clk)
Endpoint: _45_ (rising edge-triggered flip-flop clocked by clk)
Path Group: clk
Path Type: max

Fanout         Cap        Slew       Delay        Time   Description
---------------------------------------------------------------------------------------------
                                  0.000000    0.000000   clock clk (rise edge)
                                  0.000000    0.000000   clock network delay (propagated)
                                  2.000000    2.000000 v input external delay
     2    0.005947    0.030877    0.019109    2.019109 v core_dout (in)
                                                         core_dout (net)
                      0.030878    0.000000    2.019109 v _25_/A1 (sky130_fd_sc_hd__mux2_1)
     1    0.001648    0.099637    0.618064    2.637173 v _25_/X (sky130_fd_sc_hd__mux2_1)
                                                         _12_ (net)
                      0.099637    0.000046    2.637219 v _26_/B (sky130_fd_sc_hd__and2_2)
     1    0.002659    0.069403    0.403037    3.040256 v _26_/X (sky130_fd_sc_hd__and2_2)
                                                         _01_ (net)
                      0.069403    0.000079    3.040334 v _45_/D (sky130_fd_sc_hd__dfrtp_2)
                                              3.040334   data arrival time

                                 10.000000   10.000000   clock clk (rise edge)
                                  0.000000   10.000000   clock source latency
     1    0.012132    0.095756    0.063106   10.063107 ^ clk (in)
                                                         clk (net)
                      0.095759    0.000000   10.063107 ^ clkbuf_0_clk/A (sky130_fd_sc_hd__clkbuf_16)
     2    0.019921    0.067331    0.233137   10.296244 ^ clkbuf_0_clk/X (sky130_fd_sc_hd__clkbuf_16)
                                                         clknet_0_clk (net)
                      0.067347    0.000552   10.296796 ^ clkbuf_1_1__f_clk/A (sky130_fd_sc_hd__clkbuf_16)
     6    0.016827    0.063491    0.215752   10.512547 ^ clkbuf_1_1__f_clk/X (sky130_fd_sc_hd__clkbuf_16)
                                                         clknet_1_1__leaf_clk (net)
                      0.063491    0.000763   10.513310 ^ _45_/CLK (sky130_fd_sc_hd__dfrtp_2)
                                 -0.250000   10.263310   clock uncertainty
                                  0.000000   10.263310   clock reconvergence pessimism
                                 -0.278094    9.985216   library setup time
                                              9.985216   data required time
---------------------------------------------------------------------------------------------
                                              9.985216   data required time
                                             -3.040334   data arrival time
---------------------------------------------------------------------------------------------
                                              6.944882   slack (MET)


Startpoint: _41_ (rising edge-triggered flip-flop clocked by clk)
Endpoint: _44_ (rising edge-triggered flip-flop clocked by clk)
Path Group: clk
Path Type: max

Fanout         Cap        Slew       Delay        Time   Description
---------------------------------------------------------------------------------------------
                                  0.000000    0.000000   clock clk (rise edge)
                                  0.000000    0.000000   clock source latency
     1    0.012132    0.095756    0.063106    0.063106 ^ clk (in)
                                                         clk (net)
                      0.095759    0.000000    0.063106 ^ clkbuf_0_clk/A (sky130_fd_sc_hd__clkbuf_16)
     2    0.019921    0.067331    0.233137    0.296243 ^ clkbuf_0_clk/X (sky130_fd_sc_hd__clkbuf_16)
                                                         clknet_0_clk (net)
                      0.067347    0.000553    0.296796 ^ clkbuf_1_1__f_clk/A (sky130_fd_sc_hd__clkbuf_16)
     6    0.016827    0.063491    0.215752    0.512548 ^ clkbuf_1_1__f_clk/X (sky130_fd_sc_hd__clkbuf_16)
                                                         clknet_1_1__leaf_clk (net)
                      0.063491    0.000756    0.513304 ^ _41_/CLK (sky130_fd_sc_hd__dfrtp_2)
     4    0.011866    0.117377    0.853596    1.366900 v _41_/Q (sky130_fd_sc_hd__dfrtp_2)
                                                         ie (net)
                      0.117377    0.000248    1.367148 v _24_/A (sky130_fd_sc_hd__and2_2)
     1    0.002875    0.070338    0.368332    1.735480 v _24_/X (sky130_fd_sc_hd__and2_2)
                                                         _00_ (net)
                      0.070338    0.000084    1.735564 v _44_/D (sky130_fd_sc_hd__dfrtp_2)
                                              1.735564   data arrival time

                                 10.000000   10.000000   clock clk (rise edge)
                                  0.000000   10.000000   clock source latency
     1    0.012132    0.095756    0.063106   10.063107 ^ clk (in)
                                                         clk (net)
                      0.095759    0.000000   10.063107 ^ clkbuf_0_clk/A (sky130_fd_sc_hd__clkbuf_16)
     2    0.019921    0.067331    0.233137   10.296244 ^ clkbuf_0_clk/X (sky130_fd_sc_hd__clkbuf_16)
                                                         clknet_0_clk (net)
                      0.067347    0.000552   10.296796 ^ clkbuf_1_1__f_clk/A (sky130_fd_sc_hd__clkbuf_16)
     6    0.016827    0.063491    0.215752   10.512547 ^ clkbuf_1_1__f_clk/X (sky130_fd_sc_hd__clkbuf_16)
                                                         clknet_1_1__leaf_clk (net)
                      0.063491    0.000713   10.513261 ^ _44_/CLK (sky130_fd_sc_hd__dfrtp_2)
                                 -0.250000   10.263261   clock uncertainty
                                  0.000000   10.263261   clock reconvergence pessimism
                                 -0.278484    9.984776   library setup time
                                              9.984776   data required time
---------------------------------------------------------------------------------------------
                                              9.984776   data required time
                                             -1.735564   data arrival time
---------------------------------------------------------------------------------------------
                                              8.249213   slack (MET)


Startpoint: rst_n (input port clocked by clk)
Endpoint: _38_ (recovery check against rising-edge clock clk)
Path Group: asynchronous
Path Type: max

Fanout         Cap        Slew       Delay        Time   Description
---------------------------------------------------------------------------------------------
                                  0.000000    0.000000   clock clk (rise edge)
                                  0.000000    0.000000   clock network delay (propagated)
                                  2.000000    2.000000 ^ input external delay
    10    0.043645    0.315420    0.219526    2.219526 ^ rst_n (in)
                                                         rst_n (net)
                      0.315434    0.000000    2.219526 ^ _38_/RESET_B (sky130_fd_sc_hd__dfrtp_2)
                                              2.219526   data arrival time

                                 10.000000   10.000000   clock clk (rise edge)
                                  0.000000   10.000000   clock source latency
     1    0.012132    0.095756    0.063106   10.063107 ^ clk (in)
                                                         clk (net)
                      0.095759    0.000000   10.063107 ^ clkbuf_0_clk/A (sky130_fd_sc_hd__clkbuf_16)
     2    0.019921    0.067331    0.233137   10.296244 ^ clkbuf_0_clk/X (sky130_fd_sc_hd__clkbuf_16)
                                                         clknet_0_clk (net)
                      0.067346    0.000512   10.296756 ^ clkbuf_1_0__f_clk/A (sky130_fd_sc_hd__clkbuf_16)
     5    0.014384    0.060435    0.212391   10.509147 ^ clkbuf_1_0__f_clk/X (sky130_fd_sc_hd__clkbuf_16)
                                                         clknet_1_0__leaf_clk (net)
                      0.060435    0.000266   10.509413 ^ _38_/CLK (sky130_fd_sc_hd__dfrtp_2)
                                 -0.250000   10.259413   clock uncertainty
                                  0.000000   10.259413   clock reconvergence pessimism
                                  0.336381   10.595794   library recovery time
                                             10.595794   data required time
---------------------------------------------------------------------------------------------
                                             10.595794   data required time
                                             -2.219526   data arrival time
---------------------------------------------------------------------------------------------
                                              8.376268   slack (MET)


Startpoint: rst_n (input port clocked by clk)
Endpoint: _37_ (recovery check against rising-edge clock clk)
Path Group: asynchronous
Path Type: max

Fanout         Cap        Slew       Delay        Time   Description
---------------------------------------------------------------------------------------------
                                  0.000000    0.000000   clock clk (rise edge)
                                  0.000000    0.000000   clock network delay (propagated)
                                  2.000000    2.000000 ^ input external delay
    10    0.043645    0.315420    0.219532    2.219532 ^ rst_n (in)
                                                         rst_n (net)
                      0.315434    0.000000    2.219532 ^ _37_/RESET_B (sky130_fd_sc_hd__dfrtp_2)
                                              2.219532   data arrival time

                                 10.000000   10.000000   clock clk (rise edge)
                                  0.000000   10.000000   clock source latency
     1    0.012132    0.095756    0.063106   10.063107 ^ clk (in)
                                                         clk (net)
                      0.095759    0.000000   10.063107 ^ clkbuf_0_clk/A (sky130_fd_sc_hd__clkbuf_16)
     2    0.019921    0.067331    0.233137   10.296244 ^ clkbuf_0_clk/X (sky130_fd_sc_hd__clkbuf_16)
                                                         clknet_0_clk (net)
                      0.067346    0.000512   10.296756 ^ clkbuf_1_0__f_clk/A (sky130_fd_sc_hd__clkbuf_16)
     5    0.014384    0.060435    0.212391   10.509147 ^ clkbuf_1_0__f_clk/X (sky130_fd_sc_hd__clkbuf_16)
                                                         clknet_1_0__leaf_clk (net)
                      0.060435    0.000300   10.509447 ^ _37_/CLK (sky130_fd_sc_hd__dfrtp_2)
                                 -0.250000   10.259447   clock uncertainty
                                  0.000000   10.259447   clock reconvergence pessimism
                                  0.336380   10.595828   library recovery time
                                             10.595828   data required time
---------------------------------------------------------------------------------------------
                                             10.595828   data required time
                                             -2.219532   data arrival time
---------------------------------------------------------------------------------------------
                                              8.376296   slack (MET)


Startpoint: rst_n (input port clocked by clk)
Endpoint: _39_ (recovery check against rising-edge clock clk)
Path Group: asynchronous
Path Type: max

Fanout         Cap        Slew       Delay        Time   Description
---------------------------------------------------------------------------------------------
                                  0.000000    0.000000   clock clk (rise edge)
                                  0.000000    0.000000   clock network delay (propagated)
                                  2.000000    2.000000 ^ input external delay
    10    0.043645    0.315420    0.218595    2.218595 ^ rst_n (in)
                                                         rst_n (net)
                      0.315423    0.000000    2.218595 ^ _39_/RESET_B (sky130_fd_sc_hd__dfrtp_2)
                                              2.218595   data arrival time

                                 10.000000   10.000000   clock clk (rise edge)
                                  0.000000   10.000000   clock source latency
     1    0.012132    0.095756    0.063106   10.063107 ^ clk (in)
                                                         clk (net)
                      0.095759    0.000000   10.063107 ^ clkbuf_0_clk/A (sky130_fd_sc_hd__clkbuf_16)
     2    0.019921    0.067331    0.233137   10.296244 ^ clkbuf_0_clk/X (sky130_fd_sc_hd__clkbuf_16)
                                                         clknet_0_clk (net)
                      0.067346    0.000512   10.296756 ^ clkbuf_1_0__f_clk/A (sky130_fd_sc_hd__clkbuf_16)
     5    0.014384    0.060435    0.212391   10.509147 ^ clkbuf_1_0__f_clk/X (sky130_fd_sc_hd__clkbuf_16)
                                                         clknet_1_0__leaf_clk (net)
                      0.060435    0.000293   10.509439 ^ _39_/CLK (sky130_fd_sc_hd__dfrtp_2)
                                 -0.250000   10.259439   clock uncertainty
                                  0.000000   10.259439   clock reconvergence pessimism
                                  0.336385   10.595825   library recovery time
                                             10.595825   data required time
---------------------------------------------------------------------------------------------
                                             10.595825   data required time
                                             -2.218595   data arrival time
---------------------------------------------------------------------------------------------
                                              8.377230   slack (MET)


Startpoint: rst_n (input port clocked by clk)
Endpoint: _43_ (recovery check against rising-edge clock clk)
Path Group: asynchronous
Path Type: max

Fanout         Cap        Slew       Delay        Time   Description
---------------------------------------------------------------------------------------------
                                  0.000000    0.000000   clock clk (rise edge)
                                  0.000000    0.000000   clock network delay (propagated)
                                  2.000000    2.000000 ^ input external delay
    10    0.043645    0.315420    0.218460    2.218460 ^ rst_n (in)
                                                         rst_n (net)
                      0.315422    0.000000    2.218460 ^ _43_/RESET_B (sky130_fd_sc_hd__dfrtp_2)
                                              2.218460   data arrival time

                                 10.000000   10.000000   clock clk (rise edge)
                                  0.000000   10.000000   clock source latency
     1    0.012132    0.095756    0.063106   10.063107 ^ clk (in)
                                                         clk (net)
                      0.095759    0.000000   10.063107 ^ clkbuf_0_clk/A (sky130_fd_sc_hd__clkbuf_16)
     2    0.019921    0.067331    0.233137   10.296244 ^ clkbuf_0_clk/X (sky130_fd_sc_hd__clkbuf_16)
                                                         clknet_0_clk (net)
                      0.067346    0.000512   10.296756 ^ clkbuf_1_0__f_clk/A (sky130_fd_sc_hd__clkbuf_16)
     5    0.014384    0.060435    0.212391   10.509147 ^ clkbuf_1_0__f_clk/X (sky130_fd_sc_hd__clkbuf_16)
                                                         clknet_1_0__leaf_clk (net)
                      0.060435    0.000289   10.509436 ^ _43_/CLK (sky130_fd_sc_hd__dfrtp_2)
                                 -0.250000   10.259436   clock uncertainty
                                  0.000000   10.259436   clock reconvergence pessimism
                                  0.336386   10.595821   library recovery time
                                             10.595821   data required time
---------------------------------------------------------------------------------------------
                                             10.595821   data required time
                                             -2.218460   data arrival time
---------------------------------------------------------------------------------------------
                                              8.377361   slack (MET)


Startpoint: rst_n (input port clocked by clk)
Endpoint: _44_ (recovery check against rising-edge clock clk)
Path Group: asynchronous
Path Type: max

Fanout         Cap        Slew       Delay        Time   Description
---------------------------------------------------------------------------------------------
                                  0.000000    0.000000   clock clk (rise edge)
                                  0.000000    0.000000   clock network delay (propagated)
                                  2.000000    2.000000 ^ input external delay
    10    0.043645    0.315420    0.219445    2.219445 ^ rst_n (in)
                                                         rst_n (net)
                      0.315433    0.000000    2.219445 ^ _44_/RESET_B (sky130_fd_sc_hd__dfrtp_2)
                                              2.219445   data arrival time

                                 10.000000   10.000000   clock clk (rise edge)
                                  0.000000   10.000000   clock source latency
     1    0.012132    0.095756    0.063106   10.063107 ^ clk (in)
                                                         clk (net)
                      0.095759    0.000000   10.063107 ^ clkbuf_0_clk/A (sky130_fd_sc_hd__clkbuf_16)
     2    0.019921    0.067331    0.233137   10.296244 ^ clkbuf_0_clk/X (sky130_fd_sc_hd__clkbuf_16)
                                                         clknet_0_clk (net)
                      0.067347    0.000552   10.296796 ^ clkbuf_1_1__f_clk/A (sky130_fd_sc_hd__clkbuf_16)
     6    0.016827    0.063491    0.215752   10.512547 ^ clkbuf_1_1__f_clk/X (sky130_fd_sc_hd__clkbuf_16)
                                                         clknet_1_1__leaf_clk (net)
                      0.063491    0.000713   10.513261 ^ _44_/CLK (sky130_fd_sc_hd__dfrtp_2)
                                 -0.250000   10.263261   clock uncertainty
                                  0.000000   10.263261   clock reconvergence pessimism
                                  0.337425   10.600686   library recovery time
                                             10.600686   data required time
---------------------------------------------------------------------------------------------
                                             10.600686   data required time
                                             -2.219445   data arrival time
---------------------------------------------------------------------------------------------
                                              8.381241   slack (MET)


Startpoint: rst_n (input port clocked by clk)
Endpoint: _45_ (recovery check against rising-edge clock clk)
Path Group: asynchronous
Path Type: max

Fanout         Cap        Slew       Delay        Time   Description
---------------------------------------------------------------------------------------------
                                  0.000000    0.000000   clock clk (rise edge)
                                  0.000000    0.000000   clock network delay (propagated)
                                  2.000000    2.000000 ^ input external delay
    10    0.043645    0.315420    0.219454    2.219454 ^ rst_n (in)
                                                         rst_n (net)
                      0.315433    0.000000    2.219454 ^ _45_/RESET_B (sky130_fd_sc_hd__dfrtp_2)
                                              2.219454   data arrival time

                                 10.000000   10.000000   clock clk (rise edge)
                                  0.000000   10.000000   clock source latency
     1    0.012132    0.095756    0.063106   10.063107 ^ clk (in)
                                                         clk (net)
                      0.095759    0.000000   10.063107 ^ clkbuf_0_clk/A (sky130_fd_sc_hd__clkbuf_16)
     2    0.019921    0.067331    0.233137   10.296244 ^ clkbuf_0_clk/X (sky130_fd_sc_hd__clkbuf_16)
                                                         clknet_0_clk (net)
                      0.067347    0.000552   10.296796 ^ clkbuf_1_1__f_clk/A (sky130_fd_sc_hd__clkbuf_16)
     6    0.016827    0.063491    0.215752   10.512547 ^ clkbuf_1_1__f_clk/X (sky130_fd_sc_hd__clkbuf_16)
                                                         clknet_1_1__leaf_clk (net)
                      0.063491    0.000763   10.513310 ^ _45_/CLK (sky130_fd_sc_hd__dfrtp_2)
                                 -0.250000   10.263310   clock uncertainty
                                  0.000000   10.263310   clock reconvergence pessimism
                                  0.337425   10.600736   library recovery time
                                             10.600736   data required time
---------------------------------------------------------------------------------------------
                                             10.600736   data required time
                                             -2.219454   data arrival time
---------------------------------------------------------------------------------------------
                                              8.381282   slack (MET)


Startpoint: rst_n (input port clocked by clk)
Endpoint: _36_ (recovery check against rising-edge clock clk)
Path Group: asynchronous
Path Type: max

Fanout         Cap        Slew       Delay        Time   Description
---------------------------------------------------------------------------------------------
                                  0.000000    0.000000   clock clk (rise edge)
                                  0.000000    0.000000   clock network delay (propagated)
                                  2.000000    2.000000 ^ input external delay
    10    0.043645    0.315420    0.219280    2.219280 ^ rst_n (in)
                                                         rst_n (net)
                      0.315430    0.000000    2.219280 ^ _36_/RESET_B (sky130_fd_sc_hd__dfrtp_2)
                                              2.219280   data arrival time

                                 10.000000   10.000000   clock clk (rise edge)
                                  0.000000   10.000000   clock source latency
     1    0.012132    0.095756    0.063106   10.063107 ^ clk (in)
                                                         clk (net)
                      0.095759    0.000000   10.063107 ^ clkbuf_0_clk/A (sky130_fd_sc_hd__clkbuf_16)
     2    0.019921    0.067331    0.233137   10.296244 ^ clkbuf_0_clk/X (sky130_fd_sc_hd__clkbuf_16)
                                                         clknet_0_clk (net)
                      0.067347    0.000552   10.296796 ^ clkbuf_1_1__f_clk/A (sky130_fd_sc_hd__clkbuf_16)
     6    0.016827    0.063491    0.215752   10.512547 ^ clkbuf_1_1__f_clk/X (sky130_fd_sc_hd__clkbuf_16)
                                                         clknet_1_1__leaf_clk (net)
                      0.063491    0.000610   10.513158 ^ _36_/CLK (sky130_fd_sc_hd__dfrtp_2)
                                 -0.250000   10.263158   clock uncertainty
                                  0.000000   10.263158   clock reconvergence pessimism
                                  0.337426   10.600584   library recovery time
                                             10.600584   data required time
---------------------------------------------------------------------------------------------
                                             10.600584   data required time
                                             -2.219280   data arrival time
---------------------------------------------------------------------------------------------
                                              8.381303   slack (MET)


Startpoint: rst_n (input port clocked by clk)
Endpoint: _42_ (recovery check against rising-edge clock clk)
Path Group: asynchronous
Path Type: max

Fanout         Cap        Slew       Delay        Time   Description
---------------------------------------------------------------------------------------------
                                  0.000000    0.000000   clock clk (rise edge)
                                  0.000000    0.000000   clock network delay (propagated)
                                  2.000000    2.000000 ^ input external delay
    10    0.043645    0.315420    0.218929    2.218929 ^ rst_n (in)
                                                         rst_n (net)
                      0.315426    0.000000    2.218929 ^ _42_/RESET_B (sky130_fd_sc_hd__dfrtp_2)
                                              2.218929   data arrival time

                                 10.000000   10.000000   clock clk (rise edge)
                                  0.000000   10.000000   clock source latency
     1    0.012132    0.095756    0.063106   10.063107 ^ clk (in)
                                                         clk (net)
                      0.095759    0.000000   10.063107 ^ clkbuf_0_clk/A (sky130_fd_sc_hd__clkbuf_16)
     2    0.019921    0.067331    0.233137   10.296244 ^ clkbuf_0_clk/X (sky130_fd_sc_hd__clkbuf_16)
                                                         clknet_0_clk (net)
                      0.067347    0.000552   10.296796 ^ clkbuf_1_1__f_clk/A (sky130_fd_sc_hd__clkbuf_16)
     6    0.016827    0.063491    0.215752   10.512547 ^ clkbuf_1_1__f_clk/X (sky130_fd_sc_hd__clkbuf_16)
                                                         clknet_1_1__leaf_clk (net)
                      0.063491    0.000434   10.512982 ^ _42_/CLK (sky130_fd_sc_hd__dfrtp_2)
                                 -0.250000   10.262981   clock uncertainty
                                  0.000000   10.262981   clock reconvergence pessimism
                                  0.337428   10.600410   library recovery time
                                             10.600410   data required time
---------------------------------------------------------------------------------------------
                                             10.600410   data required time
                                             -2.218929   data arrival time
---------------------------------------------------------------------------------------------
                                              8.381480   slack (MET)


Startpoint: rst_n (input port clocked by clk)
Endpoint: _40_ (recovery check against rising-edge clock clk)
Path Group: asynchronous
Path Type: max

Fanout         Cap        Slew       Delay        Time   Description
---------------------------------------------------------------------------------------------
                                  0.000000    0.000000   clock clk (rise edge)
                                  0.000000    0.000000   clock network delay (propagated)
                                  2.000000    2.000000 ^ input external delay
    10    0.043645    0.315420    0.219033    2.219033 ^ rst_n (in)
                                                         rst_n (net)
                      0.315427    0.000000    2.219033 ^ _40_/RESET_B (sky130_fd_sc_hd__dfrtp_2)
                                              2.219033   data arrival time

                                 10.000000   10.000000   clock clk (rise edge)
                                  0.000000   10.000000   clock source latency
     1    0.012132    0.095756    0.063106   10.063107 ^ clk (in)
                                                         clk (net)
                      0.095759    0.000000   10.063107 ^ clkbuf_0_clk/A (sky130_fd_sc_hd__clkbuf_16)
     2    0.019921    0.067331    0.233137   10.296244 ^ clkbuf_0_clk/X (sky130_fd_sc_hd__clkbuf_16)
                                                         clknet_0_clk (net)
                      0.067347    0.000552   10.296796 ^ clkbuf_1_1__f_clk/A (sky130_fd_sc_hd__clkbuf_16)
     6    0.016827    0.063491    0.215752   10.512547 ^ clkbuf_1_1__f_clk/X (sky130_fd_sc_hd__clkbuf_16)
                                                         clknet_1_1__leaf_clk (net)
                      0.063491    0.000604   10.513151 ^ _40_/CLK (sky130_fd_sc_hd__dfrtp_2)
                                 -0.250000   10.263151   clock uncertainty
                                  0.000000   10.263151   clock reconvergence pessimism
                                  0.337427   10.600578   library recovery time
                                             10.600578   data required time
---------------------------------------------------------------------------------------------
                                             10.600578   data required time
                                             -2.219033   data arrival time
---------------------------------------------------------------------------------------------
                                              8.381545   slack (MET)


Startpoint: rst_n (input port clocked by clk)
Endpoint: _41_ (recovery check against rising-edge clock clk)
Path Group: asynchronous
Path Type: max

Fanout         Cap        Slew       Delay        Time   Description
---------------------------------------------------------------------------------------------
                                  0.000000    0.000000   clock clk (rise edge)
                                  0.000000    0.000000   clock network delay (propagated)
                                  2.000000    2.000000 ^ input external delay
    10    0.043645    0.315420    0.218648    2.218648 ^ rst_n (in)
                                                         rst_n (net)
                      0.315423    0.000000    2.218648 ^ _41_/RESET_B (sky130_fd_sc_hd__dfrtp_2)
                                              2.218648   data arrival time

                                 10.000000   10.000000   clock clk (rise edge)
                                  0.000000   10.000000   clock source latency
     1    0.012132    0.095756    0.063106   10.063107 ^ clk (in)
                                                         clk (net)
                      0.095759    0.000000   10.063107 ^ clkbuf_0_clk/A (sky130_fd_sc_hd__clkbuf_16)
     2    0.019921    0.067331    0.233137   10.296244 ^ clkbuf_0_clk/X (sky130_fd_sc_hd__clkbuf_16)
                                                         clknet_0_clk (net)
                      0.067347    0.000552   10.296796 ^ clkbuf_1_1__f_clk/A (sky130_fd_sc_hd__clkbuf_16)
     6    0.016827    0.063491    0.215752   10.512547 ^ clkbuf_1_1__f_clk/X (sky130_fd_sc_hd__clkbuf_16)
                                                         clknet_1_1__leaf_clk (net)
                      0.063491    0.000757   10.513305 ^ _41_/CLK (sky130_fd_sc_hd__dfrtp_2)
                                 -0.250000   10.263305   clock uncertainty
                                  0.000000   10.263305   clock reconvergence pessimism
                                  0.337429   10.600733   library recovery time
                                             10.600733   data required time
---------------------------------------------------------------------------------------------
                                             10.600733   data required time
                                             -2.218648   data arrival time
---------------------------------------------------------------------------------------------
                                              8.382085   slack (MET)



%OL_END_REPORT
%OL_CREATE_REPORT checks.rpt

===========================================================================
report_checks -unconstrained
===========================================================================
======================= nom_ss_100C_1v60 Corner ===================================

Startpoint: rst_n (input port clocked by clk)
Endpoint: _38_ (recovery check against rising-edge clock clk)
Path Group: asynchronous
Path Type: max

Fanout         Cap        Slew       Delay        Time   Description
---------------------------------------------------------------------------------------------
                                  0.000000    0.000000   clock clk (rise edge)
                                  0.000000    0.000000   clock network delay (propagated)
                                  2.000000    2.000000 ^ input external delay
    10    0.043645    0.315420    0.219526    2.219526 ^ rst_n (in)
                                                         rst_n (net)
                      0.315434    0.000000    2.219526 ^ _38_/RESET_B (sky130_fd_sc_hd__dfrtp_2)
                                              2.219526   data arrival time

                                 10.000000   10.000000   clock clk (rise edge)
                                  0.000000   10.000000   clock source latency
     1    0.012132    0.095756    0.063106   10.063107 ^ clk (in)
                                                         clk (net)
                      0.095759    0.000000   10.063107 ^ clkbuf_0_clk/A (sky130_fd_sc_hd__clkbuf_16)
     2    0.019921    0.067331    0.233137   10.296244 ^ clkbuf_0_clk/X (sky130_fd_sc_hd__clkbuf_16)
                                                         clknet_0_clk (net)
                      0.067346    0.000512   10.296756 ^ clkbuf_1_0__f_clk/A (sky130_fd_sc_hd__clkbuf_16)
     5    0.014384    0.060435    0.212391   10.509147 ^ clkbuf_1_0__f_clk/X (sky130_fd_sc_hd__clkbuf_16)
                                                         clknet_1_0__leaf_clk (net)
                      0.060435    0.000266   10.509413 ^ _38_/CLK (sky130_fd_sc_hd__dfrtp_2)
                                 -0.250000   10.259413   clock uncertainty
                                  0.000000   10.259413   clock reconvergence pessimism
                                  0.336381   10.595794   library recovery time
                                             10.595794   data required time
---------------------------------------------------------------------------------------------
                                             10.595794   data required time
                                             -2.219526   data arrival time
---------------------------------------------------------------------------------------------
                                              8.376268   slack (MET)


Startpoint: reg_addr[1] (input port clocked by clk)
Endpoint: reg_rdata[0] (output port clocked by clk)
Path Group: clk
Path Type: max

Fanout         Cap        Slew       Delay        Time   Description
---------------------------------------------------------------------------------------------
                                  0.000000    0.000000   clock clk (rise edge)
                                  0.000000    0.000000   clock network delay (propagated)
                                  2.000000    2.000000 ^ input external delay
     3    0.009666    0.078845    0.050687    2.050687 ^ reg_addr[1] (in)
                                                         reg_addr[1] (net)
                      0.078845    0.000000    2.050687 ^ _15_/A_N (sky130_fd_sc_hd__and2b_2)
     2    0.006027    0.085036    0.463472    2.514159 v _15_/X (sky130_fd_sc_hd__and2b_2)
                                                         _11_ (net)
                      0.085036    0.000165    2.514323 v _16_/B1 (sky130_fd_sc_hd__a22o_2)
     1    0.037766    0.210997    0.549982    3.064306 v _16_/X (sky130_fd_sc_hd__a22o_2)
                                                         reg_rdata[0] (net)
                      0.211003    0.001400    3.065706 v reg_rdata[0] (out)
                                              3.065706   data arrival time

                                 10.000000   10.000000   clock clk (rise edge)
                                  0.000000   10.000000   clock network delay (propagated)
                                 -0.250000    9.750000   clock uncertainty
                                  0.000000    9.750000   clock reconvergence pessimism
                                 -2.000000    7.750000   output external delay
                                              7.750000   data required time
---------------------------------------------------------------------------------------------
                                              7.750000   data required time
                                             -3.065706   data arrival time
---------------------------------------------------------------------------------------------
                                              4.684294   slack (MET)




===========================================================================
report_checks --slack_max -0.01
============================================================================
======================= nom_ss_100C_1v60 Corner ===================================

No paths found.


===========================================================================
 report_check_types -max_slew -max_cap -max_fanout -violators
============================================================================
======================= nom_ss_100C_1v60 Corner ===================================



===========================================================================
report_parasitic_annotation -report_unannotated
============================================================================
Found 1 unannotated drivers.
 clkload0/X
Found 0 partially unannotated drivers.

===========================================================================
max slew violation count 0
%OL_METRIC_I design__max_slew_violation__count__corner:nom_ss_100C_1v60 0
max fanout violation count 0
%OL_METRIC_I design__max_fanout_violation__count__corner:nom_ss_100C_1v60 0
max cap violation count 0
%OL_METRIC_I design__max_cap_violation__count__corner:nom_ss_100C_1v60 0
============================================================================

===========================================================================
check_setup -verbose -unconstrained_endpoints -multiple_clock -no_clock -no_input_delay -loops -generated_clocks
===========================================================================
%OL_END_REPORT
%OL_CREATE_REPORT power.rpt

===========================================================================
 report_power
============================================================================
======================= nom_ss_100C_1v60 Corner ===================================

Group                    Internal    Switching      Leakage        Total
                            Power        Power        Power        Power (Watts)
------------------------------------------------------------------------
Sequential           3.745126e-05 1.260063e-05 1.948112e-07 5.024670e-05  40.4%
Combinational        5.143828e-06 7.085736e-06 1.372043e-07 1.236677e-05   9.9%
Clock                4.853952e-05 1.309002e-05 6.793681e-08 6.169748e-05  49.6%
Macro                0.000000e+00 0.000000e+00 0.000000e+00 0.000000e+00   0.0%
Pad                  0.000000e+00 0.000000e+00 0.000000e+00 0.000000e+00   0.0%
------------------------------------------------------------------------
Total                9.113461e-05 3.277639e-05 3.999523e-07 1.243110e-04 100.0%
                            73.3%        26.4%         0.3%
%OL_METRIC_F power__internal__total 9.113461419474334e-5
%OL_METRIC_F power__switching__total 3.277639189036563e-5
%OL_METRIC_F power__leakage__total 3.999522846243053e-7
%OL_METRIC_F power__total 0.00012431097275111824

%OL_END_REPORT
%OL_CREATE_REPORT skew.min.rpt

===========================================================================
Clock Skew (Hold)
============================================================================
%OL_METRIC_F clock__skew__worst_hold__corner:nom_ss_100C_1v60 -0.003874956021289193
======================= nom_ss_100C_1v60 Corner ===================================

Clock clk
Latency      CRPR       Skew
_43_/CLK ^
0.509435
_45_/CLK ^
0.513310   0.000000    -0.003875

%OL_END_REPORT
%OL_CREATE_REPORT skew.max.rpt

===========================================================================
Clock Skew (Setup)
============================================================================
%OL_METRIC_F clock__skew__worst_setup__corner:nom_ss_100C_1v60 -0.003874956021289193
======================= nom_ss_100C_1v60 Corner ===================================

Clock clk
Latency      CRPR       Skew
_43_/CLK ^
0.509435
_45_/CLK ^
0.513310   0.000000    -0.003875

%OL_END_REPORT
%OL_CREATE_REPORT ws.min.rpt

===========================================================================
Worst Slack (Hold)
============================================================================
%OL_METRIC_F timing__hold__ws__corner:nom_ss_100C_1v60 0.7246543570315256
nom_ss_100C_1v60: 0.7246543570315256
%OL_END_REPORT
%OL_CREATE_REPORT ws.max.rpt

===========================================================================
Worst Slack (Setup)
============================================================================
%OL_METRIC_F timing__setup__ws__corner:nom_ss_100C_1v60 4.684293974186648
nom_ss_100C_1v60: 4.684293974186648
%OL_END_REPORT
%OL_CREATE_REPORT tns.min.rpt

===========================================================================
Total Negative Slack (Hold)
============================================================================
%OL_METRIC_F timing__hold__tns__corner:nom_ss_100C_1v60 0.0
nom_ss_100C_1v60: 0.0
%OL_END_REPORT
%OL_CREATE_REPORT tns.max.rpt

===========================================================================
Total Negative Slack (Setup)
============================================================================
%OL_METRIC_F timing__setup__tns__corner:nom_ss_100C_1v60 0.0
nom_ss_100C_1v60: 0.0
%OL_END_REPORT
%OL_CREATE_REPORT wns.min.rpt

===========================================================================
Worst Negative Slack (Hold)
============================================================================
%OL_METRIC_F timing__hold__wns__corner:nom_ss_100C_1v60 0
nom_ss_100C_1v60: 0
%OL_END_REPORT
%OL_CREATE_REPORT wns.max.rpt

===========================================================================
Worst Negative Slack (Setup)
============================================================================
%OL_METRIC_F timing__setup__wns__corner:nom_ss_100C_1v60 0.0
nom_ss_100C_1v60: 0.0
%OL_END_REPORT
%OL_CREATE_REPORT violator_list.rpt

===========================================================================
Violator List
============================================================================
%OL_METRIC_I timing__hold_vio__count__corner:nom_ss_100C_1v60 0
%OL_METRIC_F timing__hold_r2r__ws__corner:nom_ss_100C_1v60 0.750644
%OL_METRIC_I timing__hold_r2r_vio__count__corner:nom_ss_100C_1v60 0
%OL_METRIC_I timing__setup_vio__count__corner:nom_ss_100C_1v60 0
%OL_METRIC_F timing__setup_r2r__ws__corner:nom_ss_100C_1v60 8.249213
%OL_METRIC_I timing__setup_r2r_vio__count__corner:nom_ss_100C_1v60 0
%OL_END_REPORT
%OL_CREATE_REPORT unpropagated.rpt
%OL_END_REPORT
Writing SDF files for all corners…
Removing Clock latencies before writing libs…
Writing timing models for all corners…
Writing timing models for the nom_ss_100C_1v60 corner to /content/openlane_run/32-openroad-stapostpnr/nom_ss_100C_1v60/io_pad_wrapper__nom_ss_100C_1v60.lib…
