
===========================================================================
report_checks -path_delay min (Hold)
============================================================================
======================= max_ss_100C_1v60 Corner ===================================

Startpoint: rst_n (input port clocked by clk)
Endpoint: _41_ (removal check against rising-edge clock clk)
Path Group: asynchronous
Path Type: min

Fanout         Cap        Slew       Delay        Time   Description
---------------------------------------------------------------------------------------------
                                  0.000000    0.000000   clock clk (rise edge)
                                  0.000000    0.000000   clock network delay (propagated)
                                  2.000000    2.000000 ^ input external delay
    10    0.044863    0.324076    0.224561    2.224560 ^ rst_n (in)
                                                         rst_n (net)
                      0.324083    0.000000    2.224560 ^ _41_/RESET_B (sky130_fd_sc_hd__dfrtp_2)
                                              2.224560   data arrival time

                                  0.000000    0.000000   clock clk (rise edge)
                                  0.000000    0.000000   clock source latency
     1    0.012465    0.098057    0.064910    0.064910 ^ clk (in)
                                                         clk (net)
                      0.098064    0.000000    0.064910 ^ clkbuf_0_clk/A (sky130_fd_sc_hd__clkbuf_16)
     2    0.020459    0.068008    0.234707    0.299617 ^ clkbuf_0_clk/X (sky130_fd_sc_hd__clkbuf_16)
                                                         clknet_0_clk (net)
                      0.068028    0.001275    0.300893 ^ clkbuf_1_1__f_clk/A (sky130_fd_sc_hd__clkbuf_16)
     6    0.017448    0.064293    0.216628    0.517521 ^ clkbuf_1_1__f_clk/X (sky130_fd_sc_hd__clkbuf_16)
                                                         clknet_1_1__leaf_clk (net)
                      0.064314    0.001868    0.519389 ^ _41_/CLK (sky130_fd_sc_hd__dfrtp_2)
                                  0.250000    0.769389   clock uncertainty
                                  0.000000    0.769389   clock reconvergence pessimism
                                  0.733592    1.502981   library removal time
                                              1.502981   data required time
---------------------------------------------------------------------------------------------
                                              1.502981   data required time
                                             -2.224560   data arrival time
---------------------------------------------------------------------------------------------
                                              0.721579   slack (MET)


Startpoint: rst_n (input port clocked by clk)
Endpoint: _40_ (removal check against rising-edge clock clk)
Path Group: asynchronous
Path Type: min

Fanout         Cap        Slew       Delay        Time   Description
---------------------------------------------------------------------------------------------
                                  0.000000    0.000000   clock clk (rise edge)
                                  0.000000    0.000000   clock network delay (propagated)
                                  2.000000    2.000000 ^ input external delay
    10    0.044863    0.324076    0.225242    2.225242 ^ rst_n (in)
                                                         rst_n (net)
                      0.324093    0.000000    2.225242 ^ _40_/RESET_B (sky130_fd_sc_hd__dfrtp_2)
                                              2.225242   data arrival time

                                  0.000000    0.000000   clock clk (rise edge)
                                  0.000000    0.000000   clock source latency
     1    0.012465    0.098057    0.064910    0.064910 ^ clk (in)
                                                         clk (net)
                      0.098064    0.000000    0.064910 ^ clkbuf_0_clk/A (sky130_fd_sc_hd__clkbuf_16)
     2    0.020459    0.068008    0.234707    0.299617 ^ clkbuf_0_clk/X (sky130_fd_sc_hd__clkbuf_16)
                                                         clknet_0_clk (net)
                      0.068028    0.001275    0.300893 ^ clkbuf_1_1__f_clk/A (sky130_fd_sc_hd__clkbuf_16)
     6    0.017448    0.064293    0.216628    0.517521 ^ clkbuf_1_1__f_clk/X (sky130_fd_sc_hd__clkbuf_16)
                                                         clknet_1_1__leaf_clk (net)
                      0.064294    0.001550    0.519071 ^ _40_/CLK (sky130_fd_sc_hd__dfrtp_2)
                                  0.250000    0.769071   clock uncertainty
                                  0.000000    0.769071   clock reconvergence pessimism
                                  0.733589    1.502660   library removal time
                                              1.502660   data required time
---------------------------------------------------------------------------------------------
                                              1.502660   data required time
                                             -2.225242   data arrival time
---------------------------------------------------------------------------------------------
                                              0.722582   slack (MET)


Startpoint: rst_n (input port clocked by clk)
Endpoint: _42_ (removal check against rising-edge clock clk)
Path Group: asynchronous
Path Type: min

Fanout         Cap        Slew       Delay        Time   Description
---------------------------------------------------------------------------------------------
                                  0.000000    0.000000   clock clk (rise edge)
                                  0.000000    0.000000   clock network delay (propagated)
                                  2.000000    2.000000 ^ input external delay
    10    0.044863    0.324076    0.224898    2.224898 ^ rst_n (in)
                                                         rst_n (net)
                      0.324087    0.000000    2.224898 ^ _42_/RESET_B (sky130_fd_sc_hd__dfrtp_2)
                                              2.224898   data arrival time

                                  0.000000    0.000000   clock clk (rise edge)
                                  0.000000    0.000000   clock source latency
     1    0.012465    0.098057    0.064910    0.064910 ^ clk (in)
                                                         clk (net)
                      0.098064    0.000000    0.064910 ^ clkbuf_0_clk/A (sky130_fd_sc_hd__clkbuf_16)
     2    0.020459    0.068008    0.234707    0.299617 ^ clkbuf_0_clk/X (sky130_fd_sc_hd__clkbuf_16)
                                                         clknet_0_clk (net)
                      0.068028    0.001275    0.300893 ^ clkbuf_1_1__f_clk/A (sky130_fd_sc_hd__clkbuf_16)
     6    0.017448    0.064293    0.216628    0.517521 ^ clkbuf_1_1__f_clk/X (sky130_fd_sc_hd__clkbuf_16)
                                                         clknet_1_1__leaf_clk (net)
                      0.064293    0.001073    0.518594 ^ _42_/CLK (sky130_fd_sc_hd__dfrtp_2)
                                  0.250000    0.768594   clock uncertainty
                                  0.000000    0.768594   clock reconvergence pessimism
                                  0.733587    1.502182   library removal time
                                              1.502182   data required time
---------------------------------------------------------------------------------------------
                                              1.502182   data required time
                                             -2.224898   data arrival time
---------------------------------------------------------------------------------------------
                                              0.722716   slack (MET)


Startpoint: rst_n (input port clocked by clk)
Endpoint: _36_ (removal check against rising-edge clock clk)
Path Group: asynchronous
Path Type: min

Fanout         Cap        Slew       Delay        Time   Description
---------------------------------------------------------------------------------------------
                                  0.000000    0.000000   clock clk (rise edge)
                                  0.000000    0.000000   clock network delay (propagated)
                                  2.000000    2.000000 ^ input external delay
    10    0.044863    0.324076    0.225537    2.225537 ^ rst_n (in)
                                                         rst_n (net)
                      0.324098    0.000000    2.225537 ^ _36_/RESET_B (sky130_fd_sc_hd__dfrtp_2)
                                              2.225537   data arrival time

                                  0.000000    0.000000   clock clk (rise edge)
                                  0.000000    0.000000   clock source latency
     1    0.012465    0.098057    0.064910    0.064910 ^ clk (in)
                                                         clk (net)
                      0.098064    0.000000    0.064910 ^ clkbuf_0_clk/A (sky130_fd_sc_hd__clkbuf_16)
     2    0.020459    0.068008    0.234707    0.299617 ^ clkbuf_0_clk/X (sky130_fd_sc_hd__clkbuf_16)
                                                         clknet_0_clk (net)
                      0.068028    0.001275    0.300893 ^ clkbuf_1_1__f_clk/A (sky130_fd_sc_hd__clkbuf_16)
     6    0.017448    0.064293    0.216628    0.517521 ^ clkbuf_1_1__f_clk/X (sky130_fd_sc_hd__clkbuf_16)
                                                         clknet_1_1__leaf_clk (net)
                      0.064294    0.001557    0.519078 ^ _36_/CLK (sky130_fd_sc_hd__dfrtp_2)
                                  0.250000    0.769078   clock uncertainty
                                  0.000000    0.769078   clock reconvergence pessimism
                                  0.733591    1.502669   library removal time
                                              1.502669   data required time
---------------------------------------------------------------------------------------------
                                              1.502669   data required time
                                             -2.225537   data arrival time
---------------------------------------------------------------------------------------------
                                              0.722868   slack (MET)


Startpoint: rst_n (input port clocked by clk)
Endpoint: _45_ (removal check against rising-edge clock clk)
Path Group: asynchronous
Path Type: min

Fanout         Cap        Slew       Delay        Time   Description
---------------------------------------------------------------------------------------------
                                  0.000000    0.000000   clock clk (rise edge)
                                  0.000000    0.000000   clock network delay (propagated)
                                  2.000000    2.000000 ^ input external delay
    10    0.044863    0.324076    0.225943    2.225943 ^ rst_n (in)
                                                         rst_n (net)
                      0.324107    0.000000    2.225943 ^ _45_/RESET_B (sky130_fd_sc_hd__dfrtp_2)
                                              2.225943   data arrival time

                                  0.000000    0.000000   clock clk (rise edge)
                                  0.000000    0.000000   clock source latency
     1    0.012465    0.098057    0.064910    0.064910 ^ clk (in)
                                                         clk (net)
                      0.098064    0.000000    0.064910 ^ clkbuf_0_clk/A (sky130_fd_sc_hd__clkbuf_16)
     2    0.020459    0.068008    0.234707    0.299617 ^ clkbuf_0_clk/X (sky130_fd_sc_hd__clkbuf_16)
                                                         clknet_0_clk (net)
                      0.068028    0.001275    0.300893 ^ clkbuf_1_1__f_clk/A (sky130_fd_sc_hd__clkbuf_16)
     6    0.017448    0.064293    0.216628    0.517521 ^ clkbuf_1_1__f_clk/X (sky130_fd_sc_hd__clkbuf_16)
                                                         clknet_1_1__leaf_clk (net)
                      0.064315    0.001876    0.519397 ^ _45_/CLK (sky130_fd_sc_hd__dfrtp_2)
                                  0.250000    0.769397   clock uncertainty
                                  0.000000    0.769397   clock reconvergence pessimism
                                  0.733600    1.502997   library removal time
                                              1.502997   data required time
---------------------------------------------------------------------------------------------
                                              1.502997   data required time
                                             -2.225943   data arrival time
---------------------------------------------------------------------------------------------
                                              0.722946   slack (MET)


Startpoint: rst_n (input port clocked by clk)
Endpoint: _44_ (removal check against rising-edge clock clk)
Path Group: asynchronous
Path Type: min

Fanout         Cap        Slew       Delay        Time   Description
---------------------------------------------------------------------------------------------
                                  0.000000    0.000000   clock clk (rise edge)
                                  0.000000    0.000000   clock network delay (propagated)
                                  2.000000    2.000000 ^ input external delay
    10    0.044863    0.324076    0.225933    2.225933 ^ rst_n (in)
                                                         rst_n (net)
                      0.324107    0.000000    2.225933 ^ _44_/RESET_B (sky130_fd_sc_hd__dfrtp_2)
                                              2.225933   data arrival time

                                  0.000000    0.000000   clock clk (rise edge)
                                  0.000000    0.000000   clock source latency
     1    0.012465    0.098057    0.064910    0.064910 ^ clk (in)
                                                         clk (net)
                      0.098064    0.000000    0.064910 ^ clkbuf_0_clk/A (sky130_fd_sc_hd__clkbuf_16)
     2    0.020459    0.068008    0.234707    0.299617 ^ clkbuf_0_clk/X (sky130_fd_sc_hd__clkbuf_16)
                                                         clknet_0_clk (net)
                      0.068028    0.001275    0.300893 ^ clkbuf_1_1__f_clk/A (sky130_fd_sc_hd__clkbuf_16)
     6    0.017448    0.064293    0.216628    0.517521 ^ clkbuf_1_1__f_clk/X (sky130_fd_sc_hd__clkbuf_16)
                                                         clknet_1_1__leaf_clk (net)
                      0.064313    0.001793    0.519314 ^ _44_/CLK (sky130_fd_sc_hd__dfrtp_2)
                                  0.250000    0.769314   clock uncertainty
                                  0.000000    0.769314   clock reconvergence pessimism
                                  0.733599    1.502913   library removal time
                                              1.502913   data required time
---------------------------------------------------------------------------------------------
                                              1.502913   data required time
                                             -2.225933   data arrival time
---------------------------------------------------------------------------------------------
                                              0.723020   slack (MET)


Startpoint: rst_n (input port clocked by clk)
Endpoint: _43_ (removal check against rising-edge clock clk)
Path Group: asynchronous
Path Type: min

Fanout         Cap        Slew       Delay        Time   Description
---------------------------------------------------------------------------------------------
                                  0.000000    0.000000   clock clk (rise edge)
                                  0.000000    0.000000   clock network delay (propagated)
                                  2.000000    2.000000 ^ input external delay
    10    0.044863    0.324076    0.224337    2.224337 ^ rst_n (in)
                                                         rst_n (net)
                      0.324081    0.000000    2.224337 ^ _43_/RESET_B (sky130_fd_sc_hd__dfrtp_2)
                                              2.224337   data arrival time

                                  0.000000    0.000000   clock clk (rise edge)
                                  0.000000    0.000000   clock source latency
     1    0.012465    0.098057    0.064910    0.064910 ^ clk (in)
                                                         clk (net)
                      0.098064    0.000000    0.064910 ^ clkbuf_0_clk/A (sky130_fd_sc_hd__clkbuf_16)
     2    0.020459    0.068008    0.234707    0.299617 ^ clkbuf_0_clk/X (sky130_fd_sc_hd__clkbuf_16)
                                                         clknet_0_clk (net)
                      0.068028    0.001227    0.300844 ^ clkbuf_1_0__f_clk/A (sky130_fd_sc_hd__clkbuf_16)
     5    0.014705    0.060847    0.213055    0.513899 ^ clkbuf_1_0__f_clk/X (sky130_fd_sc_hd__clkbuf_16)
                                                         clknet_1_0__leaf_clk (net)
                      0.060847    0.000673    0.514572 ^ _43_/CLK (sky130_fd_sc_hd__dfrtp_2)
                                  0.250000    0.764572   clock uncertainty
                                  0.000000    0.764572   clock reconvergence pessimism
                                  0.732549    1.497121   library removal time
                                              1.497121   data required time
---------------------------------------------------------------------------------------------
                                              1.497121   data required time
                                             -2.224337   data arrival time
---------------------------------------------------------------------------------------------
                                              0.727216   slack (MET)


Startpoint: rst_n (input port clocked by clk)
Endpoint: _39_ (removal check against rising-edge clock clk)
Path Group: asynchronous
Path Type: min

Fanout         Cap        Slew       Delay        Time   Description
---------------------------------------------------------------------------------------------
                                  0.000000    0.000000   clock clk (rise edge)
                                  0.000000    0.000000   clock network delay (propagated)
                                  2.000000    2.000000 ^ input external delay
    10    0.044863    0.324076    0.224498    2.224499 ^ rst_n (in)
                                                         rst_n (net)
                      0.324082    0.000000    2.224499 ^ _39_/RESET_B (sky130_fd_sc_hd__dfrtp_2)
                                              2.224499   data arrival time

                                  0.000000    0.000000   clock clk (rise edge)
                                  0.000000    0.000000   clock source latency
     1    0.012465    0.098057    0.064910    0.064910 ^ clk (in)
                                                         clk (net)
                      0.098064    0.000000    0.064910 ^ clkbuf_0_clk/A (sky130_fd_sc_hd__clkbuf_16)
     2    0.020459    0.068008    0.234707    0.299617 ^ clkbuf_0_clk/X (sky130_fd_sc_hd__clkbuf_16)
                                                         clknet_0_clk (net)
                      0.068028    0.001227    0.300844 ^ clkbuf_1_0__f_clk/A (sky130_fd_sc_hd__clkbuf_16)
     5    0.014705    0.060847    0.213055    0.513899 ^ clkbuf_1_0__f_clk/X (sky130_fd_sc_hd__clkbuf_16)
                                                         clknet_1_0__leaf_clk (net)
                      0.060847    0.000664    0.514563 ^ _39_/CLK (sky130_fd_sc_hd__dfrtp_2)
                                  0.250000    0.764563   clock uncertainty
                                  0.000000    0.764563   clock reconvergence pessimism
                                  0.732550    1.497113   library removal time
                                              1.497113   data required time
---------------------------------------------------------------------------------------------
                                              1.497113   data required time
                                             -2.224499   data arrival time
---------------------------------------------------------------------------------------------
                                              0.727385   slack (MET)


Startpoint: rst_n (input port clocked by clk)
Endpoint: _37_ (removal check against rising-edge clock clk)
Path Group: asynchronous
Path Type: min

Fanout         Cap        Slew       Delay        Time   Description
---------------------------------------------------------------------------------------------
                                  0.000000    0.000000   clock clk (rise edge)
                                  0.000000    0.000000   clock network delay (propagated)
                                  2.000000    2.000000 ^ input external delay
    10    0.044863    0.324076    0.226036    2.226036 ^ rst_n (in)
                                                         rst_n (net)
                      0.324109    0.000000    2.226036 ^ _37_/RESET_B (sky130_fd_sc_hd__dfrtp_2)
                                              2.226036   data arrival time

                                  0.000000    0.000000   clock clk (rise edge)
                                  0.000000    0.000000   clock source latency
     1    0.012465    0.098057    0.064910    0.064910 ^ clk (in)
                                                         clk (net)
                      0.098064    0.000000    0.064910 ^ clkbuf_0_clk/A (sky130_fd_sc_hd__clkbuf_16)
     2    0.020459    0.068008    0.234707    0.299617 ^ clkbuf_0_clk/X (sky130_fd_sc_hd__clkbuf_16)
                                                         clknet_0_clk (net)
                      0.068028    0.001227    0.300844 ^ clkbuf_1_0__f_clk/A (sky130_fd_sc_hd__clkbuf_16)
     5    0.014705    0.060847    0.213055    0.513899 ^ clkbuf_1_0__f_clk/X (sky130_fd_sc_hd__clkbuf_16)
                                                         clknet_1_0__leaf_clk (net)
                      0.060847    0.000690    0.514589 ^ _37_/CLK (sky130_fd_sc_hd__dfrtp_2)
                                  0.250000    0.764589   clock uncertainty
                                  0.000000    0.764589   clock reconvergence pessimism
                                  0.732558    1.497147   library removal time
                                              1.497147   data required time
---------------------------------------------------------------------------------------------
                                              1.497147   data required time
                                             -2.226036   data arrival time
---------------------------------------------------------------------------------------------
                                              0.728889   slack (MET)


Startpoint: rst_n (input port clocked by clk)
Endpoint: _38_ (removal check against rising-edge clock clk)
Path Group: asynchronous
Path Type: min

Fanout         Cap        Slew       Delay        Time   Description
---------------------------------------------------------------------------------------------
                                  0.000000    0.000000   clock clk (rise edge)
                                  0.000000    0.000000   clock network delay (propagated)
                                  2.000000    2.000000 ^ input external delay
    10    0.044863    0.324076    0.226028    2.226028 ^ rst_n (in)
                                                         rst_n (net)
                      0.324109    0.000000    2.226028 ^ _38_/RESET_B (sky130_fd_sc_hd__dfrtp_2)
                                              2.226028   data arrival time

                                  0.000000    0.000000   clock clk (rise edge)
                                  0.000000    0.000000   clock source latency
     1    0.012465    0.098057    0.064910    0.064910 ^ clk (in)
                                                         clk (net)
                      0.098064    0.000000    0.064910 ^ clkbuf_0_clk/A (sky130_fd_sc_hd__clkbuf_16)
     2    0.020459    0.068008    0.234707    0.299617 ^ clkbuf_0_clk/X (sky130_fd_sc_hd__clkbuf_16)
                                                         clknet_0_clk (net)
                      0.068028    0.001227    0.300844 ^ clkbuf_1_0__f_clk/A (sky130_fd_sc_hd__clkbuf_16)
     5    0.014705    0.060847    0.213055    0.513899 ^ clkbuf_1_0__f_clk/X (sky130_fd_sc_hd__clkbuf_16)
                                                         clknet_1_0__leaf_clk (net)
                      0.060847    0.000627    0.514526 ^ _38_/CLK (sky130_fd_sc_hd__dfrtp_2)
                                  0.250000    0.764526   clock uncertainty
                                  0.000000    0.764526   clock reconvergence pessimism
                                  0.732558    1.497084   library removal time
                                              1.497084   data required time
---------------------------------------------------------------------------------------------
                                              1.497084   data required time
                                             -2.226028   data arrival time
---------------------------------------------------------------------------------------------
                                              0.728943   slack (MET)


Startpoint: _45_ (rising edge-triggered flip-flop clocked by clk)
Endpoint: _44_ (rising edge-triggered flip-flop clocked by clk)
Path Group: clk
Path Type: min

Fanout         Cap        Slew       Delay        Time   Description
---------------------------------------------------------------------------------------------
                                  0.000000    0.000000   clock clk (rise edge)
                                  0.000000    0.000000   clock source latency
     1    0.012465    0.098057    0.064910    0.064910 ^ clk (in)
                                                         clk (net)
                      0.098064    0.000000    0.064910 ^ clkbuf_0_clk/A (sky130_fd_sc_hd__clkbuf_16)
     2    0.020459    0.068008    0.234707    0.299617 ^ clkbuf_0_clk/X (sky130_fd_sc_hd__clkbuf_16)
                                                         clknet_0_clk (net)
                      0.068028    0.001275    0.300893 ^ clkbuf_1_1__f_clk/A (sky130_fd_sc_hd__clkbuf_16)
     6    0.017448    0.064293    0.216628    0.517521 ^ clkbuf_1_1__f_clk/X (sky130_fd_sc_hd__clkbuf_16)
                                                         clknet_1_1__leaf_clk (net)
                      0.064315    0.001876    0.519397 ^ _45_/CLK (sky130_fd_sc_hd__dfrtp_2)
     1    0.002442    0.067293    0.666519    1.185915 ^ _45_/Q (sky130_fd_sc_hd__dfrtp_2)
                                                         sync_ff1 (net)
                      0.067293    0.000146    1.186062 ^ _24_/B (sky130_fd_sc_hd__and2_2)
     1    0.003014    0.068530    0.259202    1.445264 ^ _24_/X (sky130_fd_sc_hd__and2_2)
                                                         _00_ (net)
                      0.068530    0.000186    1.445449 ^ _44_/D (sky130_fd_sc_hd__dfrtp_2)
                                              1.445449   data arrival time

                                  0.000000    0.000000   clock clk (rise edge)
                                  0.000000    0.000000   clock source latency
     1    0.012465    0.098057    0.064910    0.064910 ^ clk (in)
                                                         clk (net)
                      0.098064    0.000000    0.064910 ^ clkbuf_0_clk/A (sky130_fd_sc_hd__clkbuf_16)
     2    0.020459    0.068008    0.234707    0.299617 ^ clkbuf_0_clk/X (sky130_fd_sc_hd__clkbuf_16)
                                                         clknet_0_clk (net)
                      0.068028    0.001275    0.300893 ^ clkbuf_1_1__f_clk/A (sky130_fd_sc_hd__clkbuf_16)
     6    0.017448    0.064293    0.216628    0.517521 ^ clkbuf_1_1__f_clk/X (sky130_fd_sc_hd__clkbuf_16)
                                                         clknet_1_1__leaf_clk (net)
                      0.064313    0.001793    0.519314 ^ _44_/CLK (sky130_fd_sc_hd__dfrtp_2)
                                  0.250000    0.769314   clock uncertainty
                                  0.000000    0.769314   clock reconvergence pessimism
                                 -0.077495    0.691818   library hold time
                                              0.691818   data required time
---------------------------------------------------------------------------------------------
                                              0.691818   data required time
                                             -1.445449   data arrival time
---------------------------------------------------------------------------------------------
                                              0.753631   slack (MET)


Startpoint: _41_ (rising edge-triggered flip-flop clocked by clk)
Endpoint: _41_ (rising edge-triggered flip-flop clocked by clk)
Path Group: clk
Path Type: min

Fanout         Cap        Slew       Delay        Time   Description
---------------------------------------------------------------------------------------------
                                  0.000000    0.000000   clock clk (rise edge)
                                  0.000000    0.000000   clock source latency
     1    0.012465    0.098057    0.064910    0.064910 ^ clk (in)
                                                         clk (net)
                      0.098064    0.000000    0.064910 ^ clkbuf_0_clk/A (sky130_fd_sc_hd__clkbuf_16)
     2    0.020459    0.068008    0.234707    0.299617 ^ clkbuf_0_clk/X (sky130_fd_sc_hd__clkbuf_16)
                                                         clknet_0_clk (net)
                      0.068028    0.001275    0.300893 ^ clkbuf_1_1__f_clk/A (sky130_fd_sc_hd__clkbuf_16)
     6    0.017448    0.064293    0.216628    0.517521 ^ clkbuf_1_1__f_clk/X (sky130_fd_sc_hd__clkbuf_16)
                                                         clknet_1_1__leaf_clk (net)
                      0.064314    0.001868    0.519389 ^ _41_/CLK (sky130_fd_sc_hd__dfrtp_2)
     4    0.012744    0.137609    0.746485    1.265873 ^ _41_/Q (sky130_fd_sc_hd__dfrtp_2)
                                                         ie (net)
                      0.137610    0.000650    1.266523 ^ _33_/A1 (sky130_fd_sc_hd__mux2_1)
     1    0.003294    0.078112    0.264707    1.531230 ^ _33_/X (sky130_fd_sc_hd__mux2_1)
                                                         _07_ (net)
                      0.078112    0.000210    1.531440 ^ _41_/D (sky130_fd_sc_hd__dfrtp_2)
                                              1.531440   data arrival time

                                  0.000000    0.000000   clock clk (rise edge)
                                  0.000000    0.000000   clock source latency
     1    0.012465    0.098057    0.064910    0.064910 ^ clk (in)
                                                         clk (net)
                      0.098064    0.000000    0.064910 ^ clkbuf_0_clk/A (sky130_fd_sc_hd__clkbuf_16)
     2    0.020459    0.068008    0.234707    0.299617 ^ clkbuf_0_clk/X (sky130_fd_sc_hd__clkbuf_16)
                                                         clknet_0_clk (net)
                      0.068028    0.001275    0.300893 ^ clkbuf_1_1__f_clk/A (sky130_fd_sc_hd__clkbuf_16)
     6    0.017448    0.064293    0.216628    0.517521 ^ clkbuf_1_1__f_clk/X (sky130_fd_sc_hd__clkbuf_16)
                                                         clknet_1_1__leaf_clk (net)
                      0.064314    0.001868    0.519389 ^ _41_/CLK (sky130_fd_sc_hd__dfrtp_2)
                                  0.250000    0.769389   clock uncertainty
                                  0.000000    0.769389   clock reconvergence pessimism
                                 -0.079676    0.689713   library hold time
                                              0.689713   data required time
---------------------------------------------------------------------------------------------
                                              0.689713   data required time
                                             -1.531440   data arrival time
---------------------------------------------------------------------------------------------
                                              0.841727   slack (MET)


Startpoint: _41_ (rising edge-triggered flip-flop clocked by clk)
Endpoint: _45_ (rising edge-triggered flip-flop clocked by clk)
Path Group: clk
Path Type: min

Fanout         Cap        Slew       Delay        Time   Description
---------------------------------------------------------------------------------------------
                                  0.000000    0.000000   clock clk (rise edge)
                                  0.000000    0.000000   clock source latency
     1    0.012465    0.098057    0.064910    0.064910 ^ clk (in)
                                                         clk (net)
                      0.098064    0.000000    0.064910 ^ clkbuf_0_clk/A (sky130_fd_sc_hd__clkbuf_16)
     2    0.020459    0.068008    0.234707    0.299617 ^ clkbuf_0_clk/X (sky130_fd_sc_hd__clkbuf_16)
                                                         clknet_0_clk (net)
                      0.068028    0.001275    0.300893 ^ clkbuf_1_1__f_clk/A (sky130_fd_sc_hd__clkbuf_16)
     6    0.017448    0.064293    0.216628    0.517521 ^ clkbuf_1_1__f_clk/X (sky130_fd_sc_hd__clkbuf_16)
                                                         clknet_1_1__leaf_clk (net)
                      0.064314    0.001868    0.519389 ^ _41_/CLK (sky130_fd_sc_hd__dfrtp_2)
     4    0.012744    0.137609    0.746485    1.265873 ^ _41_/Q (sky130_fd_sc_hd__dfrtp_2)
                                                         ie (net)
                      0.137610    0.000697    1.266570 ^ _26_/A (sky130_fd_sc_hd__and2_2)
     1    0.002792    0.066990    0.277013    1.543583 ^ _26_/X (sky130_fd_sc_hd__and2_2)
                                                         _01_ (net)
                      0.066990    0.000180    1.543762 ^ _45_/D (sky130_fd_sc_hd__dfrtp_2)
                                              1.543762   data arrival time

                                  0.000000    0.000000   clock clk (rise edge)
                                  0.000000    0.000000   clock source latency
     1    0.012465    0.098057    0.064910    0.064910 ^ clk (in)
                                                         clk (net)
                      0.098064    0.000000    0.064910 ^ clkbuf_0_clk/A (sky130_fd_sc_hd__clkbuf_16)
     2    0.020459    0.068008    0.234707    0.299617 ^ clkbuf_0_clk/X (sky130_fd_sc_hd__clkbuf_16)
                                                         clknet_0_clk (net)
                      0.068028    0.001275    0.300893 ^ clkbuf_1_1__f_clk/A (sky130_fd_sc_hd__clkbuf_16)
     6    0.017448    0.064293    0.216628    0.517521 ^ clkbuf_1_1__f_clk/X (sky130_fd_sc_hd__clkbuf_16)
                                                         clknet_1_1__leaf_clk (net)
                      0.064315    0.001876    0.519397 ^ _45_/CLK (sky130_fd_sc_hd__dfrtp_2)
                                  0.250000    0.769397   clock uncertainty
                                  0.000000    0.769397   clock reconvergence pessimism
                                 -0.077145    0.692252   library hold time
                                              0.692252   data required time
---------------------------------------------------------------------------------------------
                                              0.692252   data required time
                                             -1.543762   data arrival time
---------------------------------------------------------------------------------------------
                                              0.851510   slack (MET)


Startpoint: _43_ (rising edge-triggered flip-flop clocked by clk)
Endpoint: _43_ (rising edge-triggered flip-flop clocked by clk)
Path Group: clk
Path Type: min

Fanout         Cap        Slew       Delay        Time   Description
---------------------------------------------------------------------------------------------
                                  0.000000    0.000000   clock clk (rise edge)
                                  0.000000    0.000000   clock source latency
     1    0.012465    0.098057    0.064910    0.064910 ^ clk (in)
                                                         clk (net)
                      0.098064    0.000000    0.064910 ^ clkbuf_0_clk/A (sky130_fd_sc_hd__clkbuf_16)
     2    0.020459    0.068008    0.234707    0.299617 ^ clkbuf_0_clk/X (sky130_fd_sc_hd__clkbuf_16)
                                                         clknet_0_clk (net)
                      0.068028    0.001227    0.300844 ^ clkbuf_1_0__f_clk/A (sky130_fd_sc_hd__clkbuf_16)
     5    0.014705    0.060847    0.213055    0.513899 ^ clkbuf_1_0__f_clk/X (sky130_fd_sc_hd__clkbuf_16)
                                                         clknet_1_0__leaf_clk (net)
                      0.060847    0.000673    0.514572 ^ _43_/CLK (sky130_fd_sc_hd__dfrtp_2)
     3    0.016344    0.163864    0.769068    1.283640 ^ _43_/Q (sky130_fd_sc_hd__dfrtp_2)
                                                         loopback_en (net)
                      0.163869    0.001134    1.284775 ^ _35_/A1 (sky130_fd_sc_hd__mux2_1)
     1    0.003878    0.085155    0.283602    1.568377 ^ _35_/X (sky130_fd_sc_hd__mux2_1)
                                                         _09_ (net)
                      0.085155    0.000233    1.568610 ^ _43_/D (sky130_fd_sc_hd__dfrtp_2)
                                              1.568610   data arrival time

                                  0.000000    0.000000   clock clk (rise edge)
                                  0.000000    0.000000   clock source latency
     1    0.012465    0.098057    0.064910    0.064910 ^ clk (in)
                                                         clk (net)
                      0.098064    0.000000    0.064910 ^ clkbuf_0_clk/A (sky130_fd_sc_hd__clkbuf_16)
     2    0.020459    0.068008    0.234707    0.299617 ^ clkbuf_0_clk/X (sky130_fd_sc_hd__clkbuf_16)
                                                         clknet_0_clk (net)
                      0.068028    0.001227    0.300844 ^ clkbuf_1_0__f_clk/A (sky130_fd_sc_hd__clkbuf_16)
     5    0.014705    0.060847    0.213055    0.513899 ^ clkbuf_1_0__f_clk/X (sky130_fd_sc_hd__clkbuf_16)
                                                         clknet_1_0__leaf_clk (net)
                      0.060847    0.000673    0.514572 ^ _43_/CLK (sky130_fd_sc_hd__dfrtp_2)
                                  0.250000    0.764572   clock uncertainty
                                  0.000000    0.764572   clock reconvergence pessimism
                                 -0.081848    0.682725   library hold time
                                              0.682725   data required time
---------------------------------------------------------------------------------------------
                                              0.682725   data required time
                                             -1.568610   data arrival time
---------------------------------------------------------------------------------------------
                                              0.885886   slack (MET)


Startpoint: _37_ (rising edge-triggered flip-flop clocked by clk)
Endpoint: _37_ (rising edge-triggered flip-flop clocked by clk)
Path Group: clk
Path Type: min

Fanout         Cap        Slew       Delay        Time   Description
---------------------------------------------------------------------------------------------
                                  0.000000    0.000000   clock clk (rise edge)
                                  0.000000    0.000000   clock source latency
     1    0.012465    0.098057    0.064910    0.064910 ^ clk (in)
                                                         clk (net)
                      0.098064    0.000000    0.064910 ^ clkbuf_0_clk/A (sky130_fd_sc_hd__clkbuf_16)
     2    0.020459    0.068008    0.234707    0.299617 ^ clkbuf_0_clk/X (sky130_fd_sc_hd__clkbuf_16)
                                                         clknet_0_clk (net)
                      0.068028    0.001227    0.300844 ^ clkbuf_1_0__f_clk/A (sky130_fd_sc_hd__clkbuf_16)
     5    0.014705    0.060847    0.213055    0.513899 ^ clkbuf_1_0__f_clk/X (sky130_fd_sc_hd__clkbuf_16)
                                                         clknet_1_0__leaf_clk (net)
                      0.060847    0.000690    0.514589 ^ _37_/CLK (sky130_fd_sc_hd__dfrtp_2)
     3    0.041755    0.334059    0.907792    1.422381 ^ _37_/Q (sky130_fd_sc_hd__dfrtp_2)
                                                         pad_pu_en (net)
                      0.334066    0.001972    1.424353 ^ _29_/A1 (sky130_fd_sc_hd__mux2_1)
     1    0.002309    0.066153    0.326480    1.750833 ^ _29_/X (sky130_fd_sc_hd__mux2_1)
                                                         _03_ (net)
                      0.066153    0.000160    1.750993 ^ _37_/D (sky130_fd_sc_hd__dfrtp_2)
                                              1.750993   data arrival time

                                  0.000000    0.000000   clock clk (rise edge)
                                  0.000000    0.000000   clock source latency
     1    0.012465    0.098057    0.064910    0.064910 ^ clk (in)
                                                         clk (net)
                      0.098064    0.000000    0.064910 ^ clkbuf_0_clk/A (sky130_fd_sc_hd__clkbuf_16)
     2    0.020459    0.068008    0.234707    0.299617 ^ clkbuf_0_clk/X (sky130_fd_sc_hd__clkbuf_16)
                                                         clknet_0_clk (net)
                      0.068028    0.001227    0.300844 ^ clkbuf_1_0__f_clk/A (sky130_fd_sc_hd__clkbuf_16)
     5    0.014705    0.060847    0.213055    0.513899 ^ clkbuf_1_0__f_clk/X (sky130_fd_sc_hd__clkbuf_16)
                                                         clknet_1_0__leaf_clk (net)
                      0.060847    0.000690    0.514589 ^ _37_/CLK (sky130_fd_sc_hd__dfrtp_2)
                                  0.250000    0.764589   clock uncertainty
                                  0.000000    0.764589   clock reconvergence pessimism
                                 -0.077523    0.687066   library hold time
                                              0.687066   data required time
---------------------------------------------------------------------------------------------
                                              0.687066   data required time
                                             -1.750993   data arrival time
---------------------------------------------------------------------------------------------
                                              1.063927   slack (MET)


Startpoint: _40_ (rising edge-triggered flip-flop clocked by clk)
Endpoint: _40_ (rising edge-triggered flip-flop clocked by clk)
Path Group: clk
Path Type: min

Fanout         Cap        Slew       Delay        Time   Description
---------------------------------------------------------------------------------------------
                                  0.000000    0.000000   clock clk (rise edge)
                                  0.000000    0.000000   clock source latency
     1    0.012465    0.098057    0.064910    0.064910 ^ clk (in)
                                                         clk (net)
                      0.098064    0.000000    0.064910 ^ clkbuf_0_clk/A (sky130_fd_sc_hd__clkbuf_16)
     2    0.020459    0.068008    0.234707    0.299617 ^ clkbuf_0_clk/X (sky130_fd_sc_hd__clkbuf_16)
                                                         clknet_0_clk (net)
                      0.068028    0.001275    0.300893 ^ clkbuf_1_1__f_clk/A (sky130_fd_sc_hd__clkbuf_16)
     6    0.017448    0.064293    0.216628    0.517521 ^ clkbuf_1_1__f_clk/X (sky130_fd_sc_hd__clkbuf_16)
                                                         clknet_1_1__leaf_clk (net)
                      0.064294    0.001550    0.519071 ^ _40_/CLK (sky130_fd_sc_hd__dfrtp_2)
     3    0.043208    0.344635    0.915821    1.434892 ^ _40_/Q (sky130_fd_sc_hd__dfrtp_2)
                                                         pad_slew[1] (net)
                      0.344648    0.002515    1.437407 ^ _32_/A1 (sky130_fd_sc_hd__mux2_1)
     1    0.002684    0.070911    0.335378    1.772785 ^ _32_/X (sky130_fd_sc_hd__mux2_1)
                                                         _06_ (net)
                      0.070911    0.000195    1.772980 ^ _40_/D (sky130_fd_sc_hd__dfrtp_2)
                                              1.772980   data arrival time

                                  0.000000    0.000000   clock clk (rise edge)
                                  0.000000    0.000000   clock source latency
     1    0.012465    0.098057    0.064910    0.064910 ^ clk (in)
                                                         clk (net)
                      0.098064    0.000000    0.064910 ^ clkbuf_0_clk/A (sky130_fd_sc_hd__clkbuf_16)
     2    0.020459    0.068008    0.234707    0.299617 ^ clkbuf_0_clk/X (sky130_fd_sc_hd__clkbuf_16)
                                                         clknet_0_clk (net)
                      0.068028    0.001275    0.300893 ^ clkbuf_1_1__f_clk/A (sky130_fd_sc_hd__clkbuf_16)
     6    0.017448    0.064293    0.216628    0.517521 ^ clkbuf_1_1__f_clk/X (sky130_fd_sc_hd__clkbuf_16)
                                                         clknet_1_1__leaf_clk (net)
                      0.064294    0.001550    0.519071 ^ _40_/CLK (sky130_fd_sc_hd__dfrtp_2)
                                  0.250000    0.769071   clock uncertainty
                                  0.000000    0.769071   clock reconvergence pessimism
                                 -0.078040    0.691030   library hold time
                                              0.691030   data required time
---------------------------------------------------------------------------------------------
                                              0.691030   data required time
                                             -1.772980   data arrival time
---------------------------------------------------------------------------------------------
                                              1.081950   slack (MET)


Startpoint: _38_ (rising edge-triggered flip-flop clocked by clk)
Endpoint: _38_ (rising edge-triggered flip-flop clocked by clk)
Path Group: clk
Path Type: min

Fanout         Cap        Slew       Delay        Time   Description
---------------------------------------------------------------------------------------------
                                  0.000000    0.000000   clock clk (rise edge)
                                  0.000000    0.000000   clock source latency
     1    0.012465    0.098057    0.064910    0.064910 ^ clk (in)
                                                         clk (net)
                      0.098064    0.000000    0.064910 ^ clkbuf_0_clk/A (sky130_fd_sc_hd__clkbuf_16)
     2    0.020459    0.068008    0.234707    0.299617 ^ clkbuf_0_clk/X (sky130_fd_sc_hd__clkbuf_16)
                                                         clknet_0_clk (net)
                      0.068028    0.001227    0.300844 ^ clkbuf_1_0__f_clk/A (sky130_fd_sc_hd__clkbuf_16)
     5    0.014705    0.060847    0.213055    0.513899 ^ clkbuf_1_0__f_clk/X (sky130_fd_sc_hd__clkbuf_16)
                                                         clknet_1_0__leaf_clk (net)
                      0.060847    0.000627    0.514526 ^ _38_/CLK (sky130_fd_sc_hd__dfrtp_2)
     3    0.043102    0.343523    0.914753    1.429280 ^ _38_/Q (sky130_fd_sc_hd__dfrtp_2)
                                                         pad_pd_en (net)
                      0.343530    0.002015    1.431295 ^ _30_/A1 (sky130_fd_sc_hd__mux2_1)
     1    0.002841    0.072718    0.337165    1.768459 ^ _30_/X (sky130_fd_sc_hd__mux2_1)
                                                         _04_ (net)
                      0.072718    0.000180    1.768639 ^ _38_/D (sky130_fd_sc_hd__dfrtp_2)
                                              1.768639   data arrival time

                                  0.000000    0.000000   clock clk (rise edge)
                                  0.000000    0.000000   clock source latency
     1    0.012465    0.098057    0.064910    0.064910 ^ clk (in)
                                                         clk (net)
                      0.098064    0.000000    0.064910 ^ clkbuf_0_clk/A (sky130_fd_sc_hd__clkbuf_16)
     2    0.020459    0.068008    0.234707    0.299617 ^ clkbuf_0_clk/X (sky130_fd_sc_hd__clkbuf_16)
                                                         clknet_0_clk (net)
                      0.068028    0.001227    0.300844 ^ clkbuf_1_0__f_clk/A (sky130_fd_sc_hd__clkbuf_16)
     5    0.014705    0.060847    0.213055    0.513899 ^ clkbuf_1_0__f_clk/X (sky130_fd_sc_hd__clkbuf_16)
                                                         clknet_1_0__leaf_clk (net)
                      0.060847    0.000627    0.514526 ^ _38_/CLK (sky130_fd_sc_hd__dfrtp_2)
                                  0.250000    0.764526   clock uncertainty
                                  0.000000    0.764526   clock reconvergence pessimism
                                 -0.079017    0.685509   library hold time
                                              0.685509   data required time
---------------------------------------------------------------------------------------------
                                              0.685509   data required time
                                             -1.768639   data arrival time
---------------------------------------------------------------------------------------------
                                              1.083130   slack (MET)


Startpoint: _36_ (rising edge-triggered flip-flop clocked by clk)
Endpoint: _36_ (rising edge-triggered flip-flop clocked by clk)
Path Group: clk
Path Type: min

Fanout         Cap        Slew       Delay        Time   Description
---------------------------------------------------------------------------------------------
                                  0.000000    0.000000   clock clk (rise edge)
                                  0.000000    0.000000   clock source latency
     1    0.012465    0.098057    0.064910    0.064910 ^ clk (in)
                                                         clk (net)
                      0.098064    0.000000    0.064910 ^ clkbuf_0_clk/A (sky130_fd_sc_hd__clkbuf_16)
     2    0.020459    0.068008    0.234707    0.299617 ^ clkbuf_0_clk/X (sky130_fd_sc_hd__clkbuf_16)
                                                         clknet_0_clk (net)
                      0.068028    0.001275    0.300893 ^ clkbuf_1_1__f_clk/A (sky130_fd_sc_hd__clkbuf_16)
     6    0.017448    0.064293    0.216628    0.517521 ^ clkbuf_1_1__f_clk/X (sky130_fd_sc_hd__clkbuf_16)
                                                         clknet_1_1__leaf_clk (net)
                      0.064294    0.001557    0.519078 ^ _36_/CLK (sky130_fd_sc_hd__dfrtp_2)
     3    0.042040    0.335999    0.911039    1.430117 ^ _36_/Q (sky130_fd_sc_hd__dfrtp_2)
                                                         pad_oe (net)
                      0.336004    0.001816    1.431933 ^ _28_/A1 (sky130_fd_sc_hd__mux2_1)
     1    0.003516    0.080823    0.343783    1.775716 ^ _28_/X (sky130_fd_sc_hd__mux2_1)
                                                         _02_ (net)
                      0.080823    0.000239    1.775955 ^ _36_/D (sky130_fd_sc_hd__dfrtp_2)
                                              1.775955   data arrival time

                                  0.000000    0.000000   clock clk (rise edge)
                                  0.000000    0.000000   clock source latency
     1    0.012465    0.098057    0.064910    0.064910 ^ clk (in)
                                                         clk (net)
                      0.098064    0.000000    0.064910 ^ clkbuf_0_clk/A (sky130_fd_sc_hd__clkbuf_16)
     2    0.020459    0.068008    0.234707    0.299617 ^ clkbuf_0_clk/X (sky130_fd_sc_hd__clkbuf_16)
                                                         clknet_0_clk (net)
                      0.068028    0.001275    0.300893 ^ clkbuf_1_1__f_clk/A (sky130_fd_sc_hd__clkbuf_16)
     6    0.017448    0.064293    0.216628    0.517521 ^ clkbuf_1_1__f_clk/X (sky130_fd_sc_hd__clkbuf_16)
                                                         clknet_1_1__leaf_clk (net)
                      0.064294    0.001557    0.519078 ^ _36_/CLK (sky130_fd_sc_hd__dfrtp_2)
                                  0.250000    0.769078   clock uncertainty
                                  0.000000    0.769078   clock reconvergence pessimism
                                 -0.080296    0.688782   library hold time
                                              0.688782   data required time
---------------------------------------------------------------------------------------------
                                              0.688782   data required time
                                             -1.775955   data arrival time
---------------------------------------------------------------------------------------------
                                              1.087173   slack (MET)


Startpoint: _42_ (rising edge-triggered flip-flop clocked by clk)
Endpoint: _42_ (rising edge-triggered flip-flop clocked by clk)
Path Group: clk
Path Type: min

Fanout         Cap        Slew       Delay        Time   Description
---------------------------------------------------------------------------------------------
                                  0.000000    0.000000   clock clk (rise edge)
                                  0.000000    0.000000   clock source latency
     1    0.012465    0.098057    0.064910    0.064910 ^ clk (in)
                                                         clk (net)
                      0.098064    0.000000    0.064910 ^ clkbuf_0_clk/A (sky130_fd_sc_hd__clkbuf_16)
     2    0.020459    0.068008    0.234707    0.299617 ^ clkbuf_0_clk/X (sky130_fd_sc_hd__clkbuf_16)
                                                         clknet_0_clk (net)
                      0.068028    0.001275    0.300893 ^ clkbuf_1_1__f_clk/A (sky130_fd_sc_hd__clkbuf_16)
     6    0.017448    0.064293    0.216628    0.517521 ^ clkbuf_1_1__f_clk/X (sky130_fd_sc_hd__clkbuf_16)
                                                         clknet_1_1__leaf_clk (net)
                      0.064293    0.001073    0.518594 ^ _42_/CLK (sky130_fd_sc_hd__dfrtp_2)
     3    0.044868    0.355818    0.925835    1.444430 ^ _42_/Q (sky130_fd_sc_hd__dfrtp_2)
                                                         pad_schmitt_en (net)
                      0.355823    0.001853    1.446282 ^ _34_/A1 (sky130_fd_sc_hd__mux2_1)
     1    0.003014    0.074746    0.343904    1.790186 ^ _34_/X (sky130_fd_sc_hd__mux2_1)
                                                         _08_ (net)
                      0.074746    0.000206    1.790392 ^ _42_/D (sky130_fd_sc_hd__dfrtp_2)
                                              1.790392   data arrival time

                                  0.000000    0.000000   clock clk (rise edge)
                                  0.000000    0.000000   clock source latency
     1    0.012465    0.098057    0.064910    0.064910 ^ clk (in)
                                                         clk (net)
                      0.098064    0.000000    0.064910 ^ clkbuf_0_clk/A (sky130_fd_sc_hd__clkbuf_16)
     2    0.020459    0.068008    0.234707    0.299617 ^ clkbuf_0_clk/X (sky130_fd_sc_hd__clkbuf_16)
                                                         clknet_0_clk (net)
                      0.068028    0.001275    0.300893 ^ clkbuf_1_1__f_clk/A (sky130_fd_sc_hd__clkbuf_16)
     6    0.017448    0.064293    0.216628    0.517521 ^ clkbuf_1_1__f_clk/X (sky130_fd_sc_hd__clkbuf_16)
                                                         clknet_1_1__leaf_clk (net)
                      0.064293    0.001073    0.518594 ^ _42_/CLK (sky130_fd_sc_hd__dfrtp_2)
                                  0.250000    0.768594   clock uncertainty
                                  0.000000    0.768594   clock reconvergence pessimism
                                 -0.078913    0.689681   library hold time
                                              0.689681   data required time
---------------------------------------------------------------------------------------------
                                              0.689681   data required time
                                             -1.790392   data arrival time
---------------------------------------------------------------------------------------------
                                              1.100711   slack (MET)


Startpoint: _39_ (rising edge-triggered flip-flop clocked by clk)
Endpoint: _39_ (rising edge-triggered flip-flop clocked by clk)
Path Group: clk
Path Type: min

Fanout         Cap        Slew       Delay        Time   Description
---------------------------------------------------------------------------------------------
                                  0.000000    0.000000   clock clk (rise edge)
                                  0.000000    0.000000   clock source latency
     1    0.012465    0.098057    0.064910    0.064910 ^ clk (in)
                                                         clk (net)
                      0.098064    0.000000    0.064910 ^ clkbuf_0_clk/A (sky130_fd_sc_hd__clkbuf_16)
     2    0.020459    0.068008    0.234707    0.299617 ^ clkbuf_0_clk/X (sky130_fd_sc_hd__clkbuf_16)
                                                         clknet_0_clk (net)
                      0.068028    0.001227    0.300844 ^ clkbuf_1_0__f_clk/A (sky130_fd_sc_hd__clkbuf_16)
     5    0.014705    0.060847    0.213055    0.513899 ^ clkbuf_1_0__f_clk/X (sky130_fd_sc_hd__clkbuf_16)
                                                         clknet_1_0__leaf_clk (net)
                      0.060847    0.000664    0.514563 ^ _39_/CLK (sky130_fd_sc_hd__dfrtp_2)
     3    0.044968    0.356422    0.925034    1.439597 ^ _39_/Q (sky130_fd_sc_hd__dfrtp_2)
                                                         pad_slew[0] (net)
                      0.356427    0.001908    1.441506 ^ _31_/A1 (sky130_fd_sc_hd__mux2_1)
     1    0.003721    0.083278    0.353904    1.795409 ^ _31_/X (sky130_fd_sc_hd__mux2_1)
                                                         _05_ (net)
                      0.083278    0.000247    1.795657 ^ _39_/D (sky130_fd_sc_hd__dfrtp_2)
                                              1.795657   data arrival time

                                  0.000000    0.000000   clock clk (rise edge)
                                  0.000000    0.000000   clock source latency
     1    0.012465    0.098057    0.064910    0.064910 ^ clk (in)
                                                         clk (net)
                      0.098064    0.000000    0.064910 ^ clkbuf_0_clk/A (sky130_fd_sc_hd__clkbuf_16)
     2    0.020459    0.068008    0.234707    0.299617 ^ clkbuf_0_clk/X (sky130_fd_sc_hd__clkbuf_16)
                                                         clknet_0_clk (net)
                      0.068028    0.001227    0.300844 ^ clkbuf_1_0__f_clk/A (sky130_fd_sc_hd__clkbuf_16)
     5    0.014705    0.060847    0.213055    0.513899 ^ clkbuf_1_0__f_clk/X (sky130_fd_sc_hd__clkbuf_16)
                                                         clknet_1_0__leaf_clk (net)
                      0.060847    0.000664    0.514563 ^ _39_/CLK (sky130_fd_sc_hd__dfrtp_2)
                                  0.250000    0.764563   clock uncertainty
                                  0.000000    0.764563   clock reconvergence pessimism
                                 -0.081421    0.683143   library hold time
                                              0.683143   data required time
---------------------------------------------------------------------------------------------
                                              0.683143   data required time
                                             -1.795657   data arrival time
---------------------------------------------------------------------------------------------
                                              1.112514   slack (MET)


Startpoint: _37_ (rising edge-triggered flip-flop clocked by clk)
Endpoint: pad_pu_en (output port clocked by clk)
Path Group: clk
Path Type: min

Fanout         Cap        Slew       Delay        Time   Description
---------------------------------------------------------------------------------------------
                                  0.000000    0.000000   clock clk (rise edge)
                                  0.000000    0.000000   clock source latency
     1    0.012465    0.098057    0.064910    0.064910 ^ clk (in)
                                                         clk (net)
                      0.098064    0.000000    0.064910 ^ clkbuf_0_clk/A (sky130_fd_sc_hd__clkbuf_16)
     2    0.020459    0.068008    0.234707    0.299617 ^ clkbuf_0_clk/X (sky130_fd_sc_hd__clkbuf_16)
                                                         clknet_0_clk (net)
                      0.068028    0.001227    0.300844 ^ clkbuf_1_0__f_clk/A (sky130_fd_sc_hd__clkbuf_16)
     5    0.014705    0.060847    0.213055    0.513899 ^ clkbuf_1_0__f_clk/X (sky130_fd_sc_hd__clkbuf_16)
                                                         clknet_1_0__leaf_clk (net)
                      0.060847    0.000690    0.514589 ^ _37_/CLK (sky130_fd_sc_hd__dfrtp_2)
     3    0.041755    0.334059    0.907792    1.422381 ^ _37_/Q (sky130_fd_sc_hd__dfrtp_2)
                                                         pad_pu_en (net)
                      0.334069    0.002252    1.424633 ^ pad_pu_en (out)
                                              1.424633   data arrival time

                                  0.000000    0.000000   clock clk (rise edge)
                                  0.000000    0.000000   clock network delay (propagated)
                                  0.250000    0.250000   clock uncertainty
                                  0.000000    0.250000   clock reconvergence pessimism
                                 -2.000000   -1.750000   output external delay
                                             -1.750000   data required time
---------------------------------------------------------------------------------------------
                                             -1.750000   data required time
                                             -1.424633   data arrival time
---------------------------------------------------------------------------------------------
                                              3.174633   slack (MET)


Startpoint: _44_ (rising edge-triggered flip-flop clocked by clk)
Endpoint: core_din (output port clocked by clk)
Path Group: clk
Path Type: min

Fanout         Cap        Slew       Delay        Time   Description
---------------------------------------------------------------------------------------------
                                  0.000000    0.000000   clock clk (rise edge)
                                  0.000000    0.000000   clock source latency
     1    0.012465    0.098057    0.064910    0.064910 ^ clk (in)
                                                         clk (net)
                      0.098064    0.000000    0.064910 ^ clkbuf_0_clk/A (sky130_fd_sc_hd__clkbuf_16)
     2    0.020459    0.068008    0.234707    0.299617 ^ clkbuf_0_clk/X (sky130_fd_sc_hd__clkbuf_16)
                                                         clknet_0_clk (net)
                      0.068028    0.001275    0.300893 ^ clkbuf_1_1__f_clk/A (sky130_fd_sc_hd__clkbuf_16)
     6    0.017448    0.064293    0.216628    0.517521 ^ clkbuf_1_1__f_clk/X (sky130_fd_sc_hd__clkbuf_16)
                                                         clknet_1_1__leaf_clk (net)
                      0.064313    0.001793    0.519314 ^ _44_/CLK (sky130_fd_sc_hd__dfrtp_2)
     2    0.041464    0.332155    0.907495    1.426808 ^ _44_/Q (sky130_fd_sc_hd__dfrtp_2)
                                                         core_din (net)
                      0.332174    0.002797    1.429605 ^ core_din (out)
                                              1.429605   data arrival time

                                  0.000000    0.000000   clock clk (rise edge)
                                  0.000000    0.000000   clock network delay (propagated)
                                  0.250000    0.250000   clock uncertainty
                                  0.000000    0.250000   clock reconvergence pessimism
                                 -2.000000   -1.750000   output external delay
                                             -1.750000   data required time
---------------------------------------------------------------------------------------------
                                             -1.750000   data required time
                                             -1.429605   data arrival time
---------------------------------------------------------------------------------------------
                                              3.179605   slack (MET)


Startpoint: _38_ (rising edge-triggered flip-flop clocked by clk)
Endpoint: pad_pd_en (output port clocked by clk)
Path Group: clk
Path Type: min

Fanout         Cap        Slew       Delay        Time   Description
---------------------------------------------------------------------------------------------
                                  0.000000    0.000000   clock clk (rise edge)
                                  0.000000    0.000000   clock source latency
     1    0.012465    0.098057    0.064910    0.064910 ^ clk (in)
                                                         clk (net)
                      0.098064    0.000000    0.064910 ^ clkbuf_0_clk/A (sky130_fd_sc_hd__clkbuf_16)
     2    0.020459    0.068008    0.234707    0.299617 ^ clkbuf_0_clk/X (sky130_fd_sc_hd__clkbuf_16)
                                                         clknet_0_clk (net)
                      0.068028    0.001227    0.300844 ^ clkbuf_1_0__f_clk/A (sky130_fd_sc_hd__clkbuf_16)
     5    0.014705    0.060847    0.213055    0.513899 ^ clkbuf_1_0__f_clk/X (sky130_fd_sc_hd__clkbuf_16)
                                                         clknet_1_0__leaf_clk (net)
                      0.060847    0.000627    0.514526 ^ _38_/CLK (sky130_fd_sc_hd__dfrtp_2)
     3    0.043102    0.343523    0.914753    1.429280 ^ _38_/Q (sky130_fd_sc_hd__dfrtp_2)
                                                         pad_pd_en (net)
                      0.343539    0.002686    1.431965 ^ pad_pd_en (out)
                                              1.431965   data arrival time

                                  0.000000    0.000000   clock clk (rise edge)
                                  0.000000    0.000000   clock network delay (propagated)
                                  0.250000    0.250000   clock uncertainty
                                  0.000000    0.250000   clock reconvergence pessimism
                                 -2.000000   -1.750000   output external delay
                                             -1.750000   data required time
---------------------------------------------------------------------------------------------
                                             -1.750000   data required time
                                             -1.431965   data arrival time
---------------------------------------------------------------------------------------------
                                              3.181965   slack (MET)


Startpoint: _36_ (rising edge-triggered flip-flop clocked by clk)
Endpoint: pad_oe (output port clocked by clk)
Path Group: clk
Path Type: min

Fanout         Cap        Slew       Delay        Time   Description
---------------------------------------------------------------------------------------------
                                  0.000000    0.000000   clock clk (rise edge)
                                  0.000000    0.000000   clock source latency
     1    0.012465    0.098057    0.064910    0.064910 ^ clk (in)
                                                         clk (net)
                      0.098064    0.000000    0.064910 ^ clkbuf_0_clk/A (sky130_fd_sc_hd__clkbuf_16)
     2    0.020459    0.068008    0.234707    0.299617 ^ clkbuf_0_clk/X (sky130_fd_sc_hd__clkbuf_16)
                                                         clknet_0_clk (net)
                      0.068028    0.001275    0.300893 ^ clkbuf_1_1__f_clk/A (sky130_fd_sc_hd__clkbuf_16)
     6    0.017448    0.064293    0.216628    0.517521 ^ clkbuf_1_1__f_clk/X (sky130_fd_sc_hd__clkbuf_16)
                                                         clknet_1_1__leaf_clk (net)
                      0.064294    0.001557    0.519078 ^ _36_/CLK (sky130_fd_sc_hd__dfrtp_2)
     3    0.042040    0.335999    0.911039    1.430117 ^ _36_/Q (sky130_fd_sc_hd__dfrtp_2)
                                                         pad_oe (net)
                      0.336006    0.002028    1.432146 ^ pad_oe (out)
                                              1.432146   data arrival time

                                  0.000000    0.000000   clock clk (rise edge)
                                  0.000000    0.000000   clock network delay (propagated)
                                  0.250000    0.250000   clock uncertainty
                                  0.000000    0.250000   clock reconvergence pessimism
                                 -2.000000   -1.750000   output external delay
                                             -1.750000   data required time
---------------------------------------------------------------------------------------------
                                             -1.750000   data required time
                                             -1.432146   data arrival time
---------------------------------------------------------------------------------------------
                                              3.182146   slack (MET)


Startpoint: _40_ (rising edge-triggered flip-flop clocked by clk)
Endpoint: pad_slew[1] (output port clocked by clk)
Path Group: clk
Path Type: min

Fanout         Cap        Slew       Delay        Time   Description
---------------------------------------------------------------------------------------------
                                  0.000000    0.000000   clock clk (rise edge)
                                  0.000000    0.000000   clock source latency
     1    0.012465    0.098057    0.064910    0.064910 ^ clk (in)
                                                         clk (net)
                      0.098064    0.000000    0.064910 ^ clkbuf_0_clk/A (sky130_fd_sc_hd__clkbuf_16)
     2    0.020459    0.068008    0.234707    0.299617 ^ clkbuf_0_clk/X (sky130_fd_sc_hd__clkbuf_16)
                                                         clknet_0_clk (net)
                      0.068028    0.001275    0.300893 ^ clkbuf_1_1__f_clk/A (sky130_fd_sc_hd__clkbuf_16)
     6    0.017448    0.064293    0.216628    0.517521 ^ clkbuf_1_1__f_clk/X (sky130_fd_sc_hd__clkbuf_16)
                                                         clknet_1_1__leaf_clk (net)
                      0.064294    0.001550    0.519071 ^ _40_/CLK (sky130_fd_sc_hd__dfrtp_2)
     3    0.043208    0.344635    0.915821    1.434892 ^ _40_/Q (sky130_fd_sc_hd__dfrtp_2)
                                                         pad_slew[1] (net)
                      0.344689    0.004299    1.439191 ^ pad_slew[1] (out)
                                              1.439191   data arrival time

                                  0.000000    0.000000   clock clk (rise edge)
                                  0.000000    0.000000   clock network delay (propagated)
                                  0.250000    0.250000   clock uncertainty
                                  0.000000    0.250000   clock reconvergence pessimism
                                 -2.000000   -1.750000   output external delay
                                             -1.750000   data required time
---------------------------------------------------------------------------------------------
                                             -1.750000   data required time
                                             -1.439191   data arrival time
---------------------------------------------------------------------------------------------
                                              3.189191   slack (MET)


Startpoint: _39_ (rising edge-triggered flip-flop clocked by clk)
Endpoint: pad_slew[0] (output port clocked by clk)
Path Group: clk
Path Type: min

Fanout         Cap        Slew       Delay        Time   Description
---------------------------------------------------------------------------------------------
                                  0.000000    0.000000   clock clk (rise edge)
                                  0.000000    0.000000   clock source latency
     1    0.012465    0.098057    0.064910    0.064910 ^ clk (in)
                                                         clk (net)
                      0.098064    0.000000    0.064910 ^ clkbuf_0_clk/A (sky130_fd_sc_hd__clkbuf_16)
     2    0.020459    0.068008    0.234707    0.299617 ^ clkbuf_0_clk/X (sky130_fd_sc_hd__clkbuf_16)
                                                         clknet_0_clk (net)
                      0.068028    0.001227    0.300844 ^ clkbuf_1_0__f_clk/A (sky130_fd_sc_hd__clkbuf_16)
     5    0.014705    0.060847    0.213055    0.513899 ^ clkbuf_1_0__f_clk/X (sky130_fd_sc_hd__clkbuf_16)
                                                         clknet_1_0__leaf_clk (net)
                      0.060847    0.000664    0.514563 ^ _39_/CLK (sky130_fd_sc_hd__dfrtp_2)
     3    0.044968    0.356422    0.925034    1.439597 ^ _39_/Q (sky130_fd_sc_hd__dfrtp_2)
                                                         pad_slew[0] (net)
                      0.356430    0.002241    1.441839 ^ pad_slew[0] (out)
                                              1.441839   data arrival time

                                  0.000000    0.000000   clock clk (rise edge)
                                  0.000000    0.000000   clock network delay (propagated)
                                  0.250000    0.250000   clock uncertainty
                                  0.000000    0.250000   clock reconvergence pessimism
                                 -2.000000   -1.750000   output external delay
                                             -1.750000   data required time
---------------------------------------------------------------------------------------------
                                             -1.750000   data required time
                                             -1.441839   data arrival time
---------------------------------------------------------------------------------------------
                                              3.191839   slack (MET)


Startpoint: _42_ (rising edge-triggered flip-flop clocked by clk)
Endpoint: pad_schmitt_en (output port clocked by clk)
Path Group: clk
Path Type: min

Fanout         Cap        Slew       Delay        Time   Description
---------------------------------------------------------------------------------------------
                                  0.000000    0.000000   clock clk (rise edge)
                                  0.000000    0.000000   clock source latency
     1    0.012465    0.098057    0.064910    0.064910 ^ clk (in)
                                                         clk (net)
                      0.098064    0.000000    0.064910 ^ clkbuf_0_clk/A (sky130_fd_sc_hd__clkbuf_16)
     2    0.020459    0.068008    0.234707    0.299617 ^ clkbuf_0_clk/X (sky130_fd_sc_hd__clkbuf_16)
                                                         clknet_0_clk (net)
                      0.068028    0.001275    0.300893 ^ clkbuf_1_1__f_clk/A (sky130_fd_sc_hd__clkbuf_16)
     6    0.017448    0.064293    0.216628    0.517521 ^ clkbuf_1_1__f_clk/X (sky130_fd_sc_hd__clkbuf_16)
                                                         clknet_1_1__leaf_clk (net)
                      0.064293    0.001073    0.518594 ^ _42_/CLK (sky130_fd_sc_hd__dfrtp_2)
     3    0.044868    0.355818    0.925835    1.444430 ^ _42_/Q (sky130_fd_sc_hd__dfrtp_2)
                                                         pad_schmitt_en (net)
                      0.355832    0.002565    1.446995 ^ pad_schmitt_en (out)
                                              1.446995   data arrival time

                                  0.000000    0.000000   clock clk (rise edge)
                                  0.000000    0.000000   clock network delay (propagated)
                                  0.250000    0.250000   clock uncertainty
                                  0.000000    0.250000   clock reconvergence pessimism
                                 -2.000000   -1.750000   output external delay
                                             -1.750000   data required time
---------------------------------------------------------------------------------------------
                                             -1.750000   data required time
                                             -1.446995   data arrival time
---------------------------------------------------------------------------------------------
                                              3.196995   slack (MET)


Startpoint: _41_ (rising edge-triggered flip-flop clocked by clk)
Endpoint: reg_rdata[5] (output port clocked by clk)
Path Group: clk
Path Type: min

Fanout         Cap        Slew       Delay        Time   Description
---------------------------------------------------------------------------------------------
                                  0.000000    0.000000   clock clk (rise edge)
                                  0.000000    0.000000   clock source latency
     1    0.012465    0.098057    0.064910    0.064910 ^ clk (in)
                                                         clk (net)
                      0.098064    0.000000    0.064910 ^ clkbuf_0_clk/A (sky130_fd_sc_hd__clkbuf_16)
     2    0.020459    0.068008    0.234707    0.299617 ^ clkbuf_0_clk/X (sky130_fd_sc_hd__clkbuf_16)
                                                         clknet_0_clk (net)
                      0.068028    0.001275    0.300893 ^ clkbuf_1_1__f_clk/A (sky130_fd_sc_hd__clkbuf_16)
     6    0.017448    0.064293    0.216628    0.517521 ^ clkbuf_1_1__f_clk/X (sky130_fd_sc_hd__clkbuf_16)
                                                         clknet_1_1__leaf_clk (net)
                      0.064314    0.001868    0.519389 ^ _41_/CLK (sky130_fd_sc_hd__dfrtp_2)
     4    0.012744    0.137609    0.746485    1.265873 ^ _41_/Q (sky130_fd_sc_hd__dfrtp_2)
                                                         ie (net)
                      0.137609    0.000398    1.266271 ^ _21_/A (sky130_fd_sc_hd__and2_2)
     1    0.034349    0.296631    0.473770    1.740041 ^ _21_/X (sky130_fd_sc_hd__and2_2)
                                                         reg_rdata[5] (net)
                      0.296636    0.001731    1.741772 ^ reg_rdata[5] (out)
                                              1.741772   data arrival time

                                  0.000000    0.000000   clock clk (rise edge)
                                  0.000000    0.000000   clock network delay (propagated)
                                  0.250000    0.250000   clock uncertainty
                                  0.000000    0.250000   clock reconvergence pessimism
                                 -2.000000   -1.750000   output external delay
                                             -1.750000   data required time
---------------------------------------------------------------------------------------------
                                             -1.750000   data required time
                                             -1.741772   data arrival time
---------------------------------------------------------------------------------------------
                                              3.491772   slack (MET)


Startpoint: _43_ (rising edge-triggered flip-flop clocked by clk)
Endpoint: reg_rdata[7] (output port clocked by clk)
Path Group: clk
Path Type: min

Fanout         Cap        Slew       Delay        Time   Description
---------------------------------------------------------------------------------------------
                                  0.000000    0.000000   clock clk (rise edge)
                                  0.000000    0.000000   clock source latency
     1    0.012465    0.098057    0.064910    0.064910 ^ clk (in)
                                                         clk (net)
                      0.098064    0.000000    0.064910 ^ clkbuf_0_clk/A (sky130_fd_sc_hd__clkbuf_16)
     2    0.020459    0.068008    0.234707    0.299617 ^ clkbuf_0_clk/X (sky130_fd_sc_hd__clkbuf_16)
                                                         clknet_0_clk (net)
                      0.068028    0.001227    0.300844 ^ clkbuf_1_0__f_clk/A (sky130_fd_sc_hd__clkbuf_16)
     5    0.014705    0.060847    0.213055    0.513899 ^ clkbuf_1_0__f_clk/X (sky130_fd_sc_hd__clkbuf_16)
                                                         clknet_1_0__leaf_clk (net)
                      0.060847    0.000673    0.514572 ^ _43_/CLK (sky130_fd_sc_hd__dfrtp_2)
     3    0.016344    0.163864    0.769068    1.283640 ^ _43_/Q (sky130_fd_sc_hd__dfrtp_2)
                                                         loopback_en (net)
                      0.163865    0.000751    1.284391 ^ _23_/A (sky130_fd_sc_hd__and2_2)
     1    0.034454    0.297384    0.485657    1.770048 ^ _23_/X (sky130_fd_sc_hd__and2_2)
                                                         reg_rdata[7] (net)
                      0.297389    0.001755    1.771803 ^ reg_rdata[7] (out)
                                              1.771803   data arrival time

                                  0.000000    0.000000   clock clk (rise edge)
                                  0.000000    0.000000   clock network delay (propagated)
                                  0.250000    0.250000   clock uncertainty
                                  0.000000    0.250000   clock reconvergence pessimism
                                 -2.000000   -1.750000   output external delay
                                             -1.750000   data required time
---------------------------------------------------------------------------------------------
                                             -1.750000   data required time
                                             -1.771803   data arrival time
---------------------------------------------------------------------------------------------
                                              3.521803   slack (MET)


Startpoint: _38_ (rising edge-triggered flip-flop clocked by clk)
Endpoint: reg_rdata[2] (output port clocked by clk)
Path Group: clk
Path Type: min

Fanout         Cap        Slew       Delay        Time   Description
---------------------------------------------------------------------------------------------
                                  0.000000    0.000000   clock clk (rise edge)
                                  0.000000    0.000000   clock source latency
     1    0.012465    0.098057    0.064910    0.064910 ^ clk (in)
                                                         clk (net)
                      0.098064    0.000000    0.064910 ^ clkbuf_0_clk/A (sky130_fd_sc_hd__clkbuf_16)
     2    0.020459    0.068008    0.234707    0.299617 ^ clkbuf_0_clk/X (sky130_fd_sc_hd__clkbuf_16)
                                                         clknet_0_clk (net)
                      0.068028    0.001227    0.300844 ^ clkbuf_1_0__f_clk/A (sky130_fd_sc_hd__clkbuf_16)
     5    0.014705    0.060847    0.213055    0.513899 ^ clkbuf_1_0__f_clk/X (sky130_fd_sc_hd__clkbuf_16)
                                                         clknet_1_0__leaf_clk (net)
                      0.060847    0.000627    0.514526 ^ _38_/CLK (sky130_fd_sc_hd__dfrtp_2)
     3    0.043102    0.343523    0.914753    1.429280 ^ _38_/Q (sky130_fd_sc_hd__dfrtp_2)
                                                         pad_pd_en (net)
                      0.343523    0.001081    1.430361 ^ _18_/A (sky130_fd_sc_hd__and2_2)
     1    0.036520    0.313405    0.570950    2.001311 ^ _18_/X (sky130_fd_sc_hd__and2_2)
                                                         reg_rdata[2] (net)
                      0.313416    0.002275    2.003586 ^ reg_rdata[2] (out)
                                              2.003586   data arrival time

                                  0.000000    0.000000   clock clk (rise edge)
                                  0.000000    0.000000   clock network delay (propagated)
                                  0.250000    0.250000   clock uncertainty
                                  0.000000    0.250000   clock reconvergence pessimism
                                 -2.000000   -1.750000   output external delay
                                             -1.750000   data required time
---------------------------------------------------------------------------------------------
                                             -1.750000   data required time
                                             -2.003586   data arrival time
---------------------------------------------------------------------------------------------
                                              3.753586   slack (MET)


Startpoint: _44_ (rising edge-triggered flip-flop clocked by clk)
Endpoint: reg_rdata[1] (output port clocked by clk)
Path Group: clk
Path Type: min

Fanout         Cap        Slew       Delay        Time   Description
---------------------------------------------------------------------------------------------
                                  0.000000    0.000000   clock clk (rise edge)
                                  0.000000    0.000000   clock source latency
     1    0.012465    0.098057    0.064910    0.064910 ^ clk (in)
                                                         clk (net)
                      0.098064    0.000000    0.064910 ^ clkbuf_0_clk/A (sky130_fd_sc_hd__clkbuf_16)
     2    0.020459    0.068008    0.234707    0.299617 ^ clkbuf_0_clk/X (sky130_fd_sc_hd__clkbuf_16)
                                                         clknet_0_clk (net)
                      0.068028    0.001275    0.300893 ^ clkbuf_1_1__f_clk/A (sky130_fd_sc_hd__clkbuf_16)
     6    0.017448    0.064293    0.216628    0.517521 ^ clkbuf_1_1__f_clk/X (sky130_fd_sc_hd__clkbuf_16)
                                                         clknet_1_1__leaf_clk (net)
                      0.064313    0.001793    0.519314 ^ _44_/CLK (sky130_fd_sc_hd__dfrtp_2)
     2    0.041464    0.332155    0.907495    1.426808 ^ _44_/Q (sky130_fd_sc_hd__dfrtp_2)
                                                         core_din (net)
                      0.332161    0.001933    1.428741 ^ _17_/B2 (sky130_fd_sc_hd__a22o_2)
     1    0.037843    0.321451    0.575193    2.003934 ^ _17_/X (sky130_fd_sc_hd__a22o_2)
                                                         reg_rdata[1] (net)
                      0.321467    0.002580    2.006514 ^ reg_rdata[1] (out)
                                              2.006514   data arrival time

                                  0.000000    0.000000   clock clk (rise edge)
                                  0.000000    0.000000   clock network delay (propagated)
                                  0.250000    0.250000   clock uncertainty
                                  0.000000    0.250000   clock reconvergence pessimism
                                 -2.000000   -1.750000   output external delay
                                             -1.750000   data required time
---------------------------------------------------------------------------------------------
                                             -1.750000   data required time
                                             -2.006514   data arrival time
---------------------------------------------------------------------------------------------
                                              3.756514   slack (MET)


Startpoint: _40_ (rising edge-triggered flip-flop clocked by clk)
Endpoint: reg_rdata[4] (output port clocked by clk)
Path Group: clk
Path Type: min

Fanout         Cap        Slew       Delay        Time   Description
---------------------------------------------------------------------------------------------
                                  0.000000    0.000000   clock clk (rise edge)
                                  0.000000    0.000000   clock source latency
     1    0.012465    0.098057    0.064910    0.064910 ^ clk (in)
                                                         clk (net)
                      0.098064    0.000000    0.064910 ^ clkbuf_0_clk/A (sky130_fd_sc_hd__clkbuf_16)
     2    0.020459    0.068008    0.234707    0.299617 ^ clkbuf_0_clk/X (sky130_fd_sc_hd__clkbuf_16)
                                                         clknet_0_clk (net)
                      0.068028    0.001275    0.300893 ^ clkbuf_1_1__f_clk/A (sky130_fd_sc_hd__clkbuf_16)
     6    0.017448    0.064293    0.216628    0.517521 ^ clkbuf_1_1__f_clk/X (sky130_fd_sc_hd__clkbuf_16)
                                                         clknet_1_1__leaf_clk (net)
                      0.064294    0.001550    0.519071 ^ _40_/CLK (sky130_fd_sc_hd__dfrtp_2)
     3    0.043208    0.344635    0.915821    1.434892 ^ _40_/Q (sky130_fd_sc_hd__dfrtp_2)
                                                         pad_slew[1] (net)
                      0.344656    0.002974    1.437866 ^ _20_/A (sky130_fd_sc_hd__and2_2)
     1    0.036904    0.316240    0.573780    2.011647 ^ _20_/X (sky130_fd_sc_hd__and2_2)
                                                         reg_rdata[4] (net)
                      0.316246    0.001910    2.013557 ^ reg_rdata[4] (out)
                                              2.013557   data arrival time

                                  0.000000    0.000000   clock clk (rise edge)
                                  0.000000    0.000000   clock network delay (propagated)
                                  0.250000    0.250000   clock uncertainty
                                  0.000000    0.250000   clock reconvergence pessimism
                                 -2.000000   -1.750000   output external delay
                                             -1.750000   data required time
---------------------------------------------------------------------------------------------
                                             -1.750000   data required time
                                             -2.013557   data arrival time
---------------------------------------------------------------------------------------------
                                              3.763557   slack (MET)


Startpoint: _42_ (rising edge-triggered flip-flop clocked by clk)
Endpoint: reg_rdata[6] (output port clocked by clk)
Path Group: clk
Path Type: min

Fanout         Cap        Slew       Delay        Time   Description
---------------------------------------------------------------------------------------------
                                  0.000000    0.000000   clock clk (rise edge)
                                  0.000000    0.000000   clock source latency
     1    0.012465    0.098057    0.064910    0.064910 ^ clk (in)
                                                         clk (net)
                      0.098064    0.000000    0.064910 ^ clkbuf_0_clk/A (sky130_fd_sc_hd__clkbuf_16)
     2    0.020459    0.068008    0.234707    0.299617 ^ clkbuf_0_clk/X (sky130_fd_sc_hd__clkbuf_16)
                                                         clknet_0_clk (net)
                      0.068028    0.001275    0.300893 ^ clkbuf_1_1__f_clk/A (sky130_fd_sc_hd__clkbuf_16)
     6    0.017448    0.064293    0.216628    0.517521 ^ clkbuf_1_1__f_clk/X (sky130_fd_sc_hd__clkbuf_16)
                                                         clknet_1_1__leaf_clk (net)
                      0.064293    0.001073    0.518594 ^ _42_/CLK (sky130_fd_sc_hd__dfrtp_2)
     3    0.044868    0.355818    0.925835    1.444430 ^ _42_/Q (sky130_fd_sc_hd__dfrtp_2)
                                                         pad_schmitt_en (net)
                      0.355823    0.001877    1.446307 ^ _22_/A (sky130_fd_sc_hd__and2_2)
     1    0.035085    0.302568    0.568093    2.014400 ^ _22_/X (sky130_fd_sc_hd__and2_2)
                                                         reg_rdata[6] (net)
                      0.302576    0.001944    2.016345 ^ reg_rdata[6] (out)
                                              2.016345   data arrival time

                                  0.000000    0.000000   clock clk (rise edge)
                                  0.000000    0.000000   clock network delay (propagated)
                                  0.250000    0.250000   clock uncertainty
                                  0.000000    0.250000   clock reconvergence pessimism
                                 -2.000000   -1.750000   output external delay
                                             -1.750000   data required time
---------------------------------------------------------------------------------------------
                                             -1.750000   data required time
                                             -2.016345   data arrival time
---------------------------------------------------------------------------------------------
                                              3.766345   slack (MET)


Startpoint: _39_ (rising edge-triggered flip-flop clocked by clk)
Endpoint: reg_rdata[3] (output port clocked by clk)
Path Group: clk
Path Type: min

Fanout         Cap        Slew       Delay        Time   Description
---------------------------------------------------------------------------------------------
                                  0.000000    0.000000   clock clk (rise edge)
                                  0.000000    0.000000   clock source latency
     1    0.012465    0.098057    0.064910    0.064910 ^ clk (in)
                                                         clk (net)
                      0.098064    0.000000    0.064910 ^ clkbuf_0_clk/A (sky130_fd_sc_hd__clkbuf_16)
     2    0.020459    0.068008    0.234707    0.299617 ^ clkbuf_0_clk/X (sky130_fd_sc_hd__clkbuf_16)
                                                         clknet_0_clk (net)
                      0.068028    0.001227    0.300844 ^ clkbuf_1_0__f_clk/A (sky130_fd_sc_hd__clkbuf_16)
     5    0.014705    0.060847    0.213055    0.513899 ^ clkbuf_1_0__f_clk/X (sky130_fd_sc_hd__clkbuf_16)
                                                         clknet_1_0__leaf_clk (net)
                      0.060847    0.000664    0.514563 ^ _39_/CLK (sky130_fd_sc_hd__dfrtp_2)
     3    0.044968    0.356422    0.925034    1.439597 ^ _39_/Q (sky130_fd_sc_hd__dfrtp_2)
                                                         pad_slew[0] (net)
                      0.356422    0.001182    1.440779 ^ _19_/A (sky130_fd_sc_hd__and2_2)
     1    0.036664    0.314586    0.576776    2.017555 ^ _19_/X (sky130_fd_sc_hd__and2_2)
                                                         reg_rdata[3] (net)
                      0.314602    0.002524    2.020079 ^ reg_rdata[3] (out)
                                              2.020079   data arrival time

                                  0.000000    0.000000   clock clk (rise edge)
                                  0.000000    0.000000   clock network delay (propagated)
                                  0.250000    0.250000   clock uncertainty
                                  0.000000    0.250000   clock reconvergence pessimism
                                 -2.000000   -1.750000   output external delay
                                             -1.750000   data required time
---------------------------------------------------------------------------------------------
                                             -1.750000   data required time
                                             -2.020079   data arrival time
---------------------------------------------------------------------------------------------
                                              3.770079   slack (MET)


Startpoint: _36_ (rising edge-triggered flip-flop clocked by clk)
Endpoint: reg_rdata[0] (output port clocked by clk)
Path Group: clk
Path Type: min

Fanout         Cap        Slew       Delay        Time   Description
---------------------------------------------------------------------------------------------
                                  0.000000    0.000000   clock clk (rise edge)
                                  0.000000    0.000000   clock source latency
     1    0.012465    0.098057    0.064910    0.064910 ^ clk (in)
                                                         clk (net)
                      0.098064    0.000000    0.064910 ^ clkbuf_0_clk/A (sky130_fd_sc_hd__clkbuf_16)
     2    0.020459    0.068008    0.234707    0.299617 ^ clkbuf_0_clk/X (sky130_fd_sc_hd__clkbuf_16)
                                                         clknet_0_clk (net)
                      0.068028    0.001275    0.300893 ^ clkbuf_1_1__f_clk/A (sky130_fd_sc_hd__clkbuf_16)
     6    0.017448    0.064293    0.216628    0.517521 ^ clkbuf_1_1__f_clk/X (sky130_fd_sc_hd__clkbuf_16)
                                                         clknet_1_1__leaf_clk (net)
                      0.064294    0.001557    0.519078 ^ _36_/CLK (sky130_fd_sc_hd__dfrtp_2)
     3    0.042040    0.335999    0.911039    1.430117 ^ _36_/Q (sky130_fd_sc_hd__dfrtp_2)
                                                         pad_oe (net)
                      0.336004    0.001795    1.431912 ^ _16_/A1 (sky130_fd_sc_hd__a22o_2)
     1    0.038208    0.324261    0.602606    2.034518 ^ _16_/X (sky130_fd_sc_hd__a22o_2)
                                                         reg_rdata[0] (net)
                      0.324277    0.002624    2.037142 ^ reg_rdata[0] (out)
                                              2.037142   data arrival time

                                  0.000000    0.000000   clock clk (rise edge)
                                  0.000000    0.000000   clock network delay (propagated)
                                  0.250000    0.250000   clock uncertainty
                                  0.000000    0.250000   clock reconvergence pessimism
                                 -2.000000   -1.750000   output external delay
                                             -1.750000   data required time
---------------------------------------------------------------------------------------------
                                             -1.750000   data required time
                                             -2.037142   data arrival time
---------------------------------------------------------------------------------------------
                                              3.787141   slack (MET)


Startpoint: core_dout (input port clocked by clk)
Endpoint: pad_dout (output port clocked by clk)
Path Group: clk
Path Type: min

Fanout         Cap        Slew       Delay        Time   Description
---------------------------------------------------------------------------------------------
                                  0.000000    0.000000   clock clk (rise edge)
                                  0.000000    0.000000   clock network delay (propagated)
                                  2.000000    2.000000 v input external delay
     2    0.006201    0.031905    0.019889    2.019889 v core_dout (in)
                                                         core_dout (net)
                      0.031906    0.000000    2.019889 v _46_/A (sky130_fd_sc_hd__buf_2)
     1    0.034694    0.168086    0.327708    2.347597 v _46_/X (sky130_fd_sc_hd__buf_2)
                                                         pad_dout (net)
                      0.168104    0.001784    2.349381 v pad_dout (out)
                                              2.349381   data arrival time

                                  0.000000    0.000000   clock clk (rise edge)
                                  0.000000    0.000000   clock network delay (propagated)
                                  0.250000    0.250000   clock uncertainty
                                  0.000000    0.250000   clock reconvergence pessimism
                                 -2.000000   -1.750000   output external delay
                                             -1.750000   data required time
---------------------------------------------------------------------------------------------
                                             -1.750000   data required time
                                             -2.349381   data arrival time
---------------------------------------------------------------------------------------------
                                              4.099381   slack (MET)



