Reading timing models for corner max_ss_100C_1v60…
Reading cell library for the 'max_ss_100C_1v60' corner at '/root/.volare/sky130A/libs.ref/sky130_fd_sc_hd/lib/sky130_fd_sc_hd__ss_100C_1v60.lib'…
Reading top-level netlist at '/content/openlane_run/30-openroad-fillinsertion/io_pad_wrapper.nl.v'…
Linking design 'io_pad_wrapper' from netlist…
Warning: /content/openlane_run/30-openroad-fillinsertion/io_pad_wrapper.nl.v line 197, module sky130_fd_sc_hd__tapvpwrvgnd_1 not found. Creating black box for TAP_TAPCELL_ROW_0_22.
Warning: /content/openlane_run/30-openroad-fillinsertion/io_pad_wrapper.nl.v line 220, module sky130_fd_sc_hd__fill_1 not found. Creating black box for FILLER_0_0_46.
Warning: /content/openlane_run/30-openroad-fillinsertion/io_pad_wrapper.nl.v line 230, module sky130_fd_sc_hd__fill_2 not found. Creating black box for FILLER_0_3_3.
Warning: /content/openlane_run/30-openroad-fillinsertion/io_pad_wrapper.nl.v line 244, module sky130_ef_sc_hd__decap_12 not found. Creating black box for FILLER_0_8_15.
Reading design constraints file at '/content/openlane_ipynb/openlane/scripts/base.sdc'…
[INFO] Using clock clk…
[INFO] Setting output delay to: 2
[INFO] Setting input delay to: 2
[INFO] Setting load to: 0.033442
[INFO] Setting clock uncertainty to: 0.25
[INFO] Setting clock transition to: 0.1499999999999999944488848768742172978818416595458984375
[INFO] Setting timing derate to: 5%
Reading top-level design parasitics for the 'max_ss_100C_1v60' corner at '/content/openlane_run/31-openroad-rcx/max/io_pad_wrapper.max.spef'…
%OL_CREATE_REPORT min.rpt

===========================================================================
report_checks -path_delay min (Hold)
============================================================================
======================= max_ss_100C_1v60 Corner ===================================

Startpoint: rst_n (input port clocked by clk)
Endpoint: _41_ (removal check against rising-edge clock clk)
Path Group: asynchronous
Path Type: min

Fanout         Cap        Slew       Delay        Time   Description
---------------------------------------------------------------------------------------------
                                  0.000000    0.000000   clock clk (rise edge)
                                  0.000000    0.000000   clock network delay (propagated)
                                  2.000000    2.000000 ^ input external delay
    10    0.044863    0.324076    0.224561    2.224560 ^ rst_n (in)
                                                         rst_n (net)
                      0.324083    0.000000    2.224560 ^ _41_/RESET_B (sky130_fd_sc_hd__dfrtp_2)
                                              2.224560   data arrival time

                                  0.000000    0.000000   clock clk (rise edge)
                                  0.000000    0.000000   clock source latency
     1    0.012465    0.098057    0.064910    0.064910 ^ clk (in)
                                                         clk (net)
                      0.098064    0.000000    0.064910 ^ clkbuf_0_clk/A (sky130_fd_sc_hd__clkbuf_16)
     2    0.020459    0.068008    0.234707    0.299617 ^ clkbuf_0_clk/X (sky130_fd_sc_hd__clkbuf_16)
                                                         clknet_0_clk (net)
                      0.068028    0.001275    0.300893 ^ clkbuf_1_1__f_clk/A (sky130_fd_sc_hd__clkbuf_16)
     6    0.017448    0.064293    0.216628    0.517521 ^ clkbuf_1_1__f_clk/X (sky130_fd_sc_hd__clkbuf_16)
                                                         clknet_1_1__leaf_clk (net)
                      0.064314    0.001868    0.519389 ^ _41_/CLK (sky130_fd_sc_hd__dfrtp_2)
                                  0.250000    0.769389   clock uncertainty
                                  0.000000    0.769389   clock reconvergence pessimism
                                  0.733592    1.502981   library removal time
                                              1.502981   data required time
---------------------------------------------------------------------------------------------
                                              1.502981   data required time
                                             -2.224560   data arrival time
---------------------------------------------------------------------------------------------
                                              0.721579   slack (MET)


Startpoint: rst_n (input port clocked by clk)
Endpoint: _40_ (removal check against rising-edge clock clk)
Path Group: asynchronous
Path Type: min

Fanout         Cap        Slew       Delay        Time   Description
---------------------------------------------------------------------------------------------
                                  0.000000    0.000000   clock clk (rise edge)
                                  0.000000    0.000000   clock network delay (propagated)
                                  2.000000    2.000000 ^ input external delay
    10    0.044863    0.324076    0.225242    2.225242 ^ rst_n (in)
                                                         rst_n (net)
                      0.324093    0.000000    2.225242 ^ _40_/RESET_B (sky130_fd_sc_hd__dfrtp_2)
                                              2.225242   data arrival time

                                  0.000000    0.000000   clock clk (rise edge)
                                  0.000000    0.000000   clock source latency
     1    0.012465    0.098057    0.064910    0.064910 ^ clk (in)
                                                         clk (net)
                      0.098064    0.000000    0.064910 ^ clkbuf_0_clk/A (sky130_fd_sc_hd__clkbuf_16)
     2    0.020459    0.068008    0.234707    0.299617 ^ clkbuf_0_clk/X (sky130_fd_sc_hd__clkbuf_16)
                                                         clknet_0_clk (net)
                      0.068028    0.001275    0.300893 ^ clkbuf_1_1__f_clk/A (sky130_fd_sc_hd__clkbuf_16)
     6    0.017448    0.064293    0.216628    0.517521 ^ clkbuf_1_1__f_clk/X (sky130_fd_sc_hd__clkbuf_16)
                                                         clknet_1_1__leaf_clk (net)
                      0.064294    0.001550    0.519071 ^ _40_/CLK (sky130_fd_sc_hd__dfrtp_2)
                                  0.250000    0.769071   clock uncertainty
                                  0.000000    0.769071   clock reconvergence pessimism
                                  0.733589    1.502660   library removal time
                                              1.502660   data required time
---------------------------------------------------------------------------------------------
                                              1.502660   data required time
                                             -2.225242   data arrival time
---------------------------------------------------------------------------------------------
                                              0.722582   slack (MET)


Startpoint: rst_n (input port clocked by clk)
Endpoint: _42_ (removal check against rising-edge clock clk)
Path Group: asynchronous
Path Type: min

Fanout         Cap        Slew       Delay        Time   Description
---------------------------------------------------------------------------------------------
                                  0.000000    0.000000   clock clk (rise edge)
                                  0.000000    0.000000   clock network delay (propagated)
                                  2.000000    2.000000 ^ input external delay
    10    0.044863    0.324076    0.224898    2.224898 ^ rst_n (in)
                                                         rst_n (net)
                      0.324087    0.000000    2.224898 ^ _42_/RESET_B (sky130_fd_sc_hd__dfrtp_2)
                                              2.224898   data arrival time

                                  0.000000    0.000000   clock clk (rise edge)
                                  0.000000    0.000000   clock source latency
     1    0.012465    0.098057    0.064910    0.064910 ^ clk (in)
                                                         clk (net)
                      0.098064    0.000000    0.064910 ^ clkbuf_0_clk/A (sky130_fd_sc_hd__clkbuf_16)
     2    0.020459    0.068008    0.234707    0.299617 ^ clkbuf_0_clk/X (sky130_fd_sc_hd__clkbuf_16)
                                                         clknet_0_clk (net)
                      0.068028    0.001275    0.300893 ^ clkbuf_1_1__f_clk/A (sky130_fd_sc_hd__clkbuf_16)
     6    0.017448    0.064293    0.216628    0.517521 ^ clkbuf_1_1__f_clk/X (sky130_fd_sc_hd__clkbuf_16)
                                                         clknet_1_1__leaf_clk (net)
                      0.064293    0.001073    0.518594 ^ _42_/CLK (sky130_fd_sc_hd__dfrtp_2)
                                  0.250000    0.768594   clock uncertainty
                                  0.000000    0.768594   clock reconvergence pessimism
                                  0.733587    1.502182   library removal time
                                              1.502182   data required time
---------------------------------------------------------------------------------------------
                                              1.502182   data required time
                                             -2.224898   data arrival time
---------------------------------------------------------------------------------------------
                                              0.722716   slack (MET)


Startpoint: rst_n (input port clocked by clk)
Endpoint: _36_ (removal check against rising-edge clock clk)
Path Group: asynchronous
Path Type: min

Fanout         Cap        Slew       Delay        Time   Description
---------------------------------------------------------------------------------------------
                                  0.000000    0.000000   clock clk (rise edge)
                                  0.000000    0.000000   clock network delay (propagated)
                                  2.000000    2.000000 ^ input external delay
    10    0.044863    0.324076    0.225537    2.225537 ^ rst_n (in)
                                                         rst_n (net)
                      0.324098    0.000000    2.225537 ^ _36_/RESET_B (sky130_fd_sc_hd__dfrtp_2)
                                              2.225537   data arrival time

                                  0.000000    0.000000   clock clk (rise edge)
                                  0.000000    0.000000   clock source latency
     1    0.012465    0.098057    0.064910    0.064910 ^ clk (in)
                                                         clk (net)
                      0.098064    0.000000    0.064910 ^ clkbuf_0_clk/A (sky130_fd_sc_hd__clkbuf_16)
     2    0.020459    0.068008    0.234707    0.299617 ^ clkbuf_0_clk/X (sky130_fd_sc_hd__clkbuf_16)
                                                         clknet_0_clk (net)
                      0.068028    0.001275    0.300893 ^ clkbuf_1_1__f_clk/A (sky130_fd_sc_hd__clkbuf_16)
     6    0.017448    0.064293    0.216628    0.517521 ^ clkbuf_1_1__f_clk/X (sky130_fd_sc_hd__clkbuf_16)
                                                         clknet_1_1__leaf_clk (net)
                      0.064294    0.001557    0.519078 ^ _36_/CLK (sky130_fd_sc_hd__dfrtp_2)
                                  0.250000    0.769078   clock uncertainty
                                  0.000000    0.769078   clock reconvergence pessimism
                                  0.733591    1.502669   library removal time
                                              1.502669   data required time
---------------------------------------------------------------------------------------------
                                              1.502669   data required time
                                             -2.225537   data arrival time
---------------------------------------------------------------------------------------------
                                              0.722868   slack (MET)


Startpoint: rst_n (input port clocked by clk)
Endpoint: _45_ (removal check against rising-edge clock clk)
Path Group: asynchronous
Path Type: min

Fanout         Cap        Slew       Delay        Time   Description
---------------------------------------------------------------------------------------------
                                  0.000000    0.000000   clock clk (rise edge)
                                  0.000000    0.000000   clock network delay (propagated)
                                  2.000000    2.000000 ^ input external delay
    10    0.044863    0.324076    0.225943    2.225943 ^ rst_n (in)
                                                         rst_n (net)
                      0.324107    0.000000    2.225943 ^ _45_/RESET_B (sky130_fd_sc_hd__dfrtp_2)
                                              2.225943   data arrival time

                                  0.000000    0.000000   clock clk (rise edge)
                                  0.000000    0.000000   clock source latency
     1    0.012465    0.098057    0.064910    0.064910 ^ clk (in)
                                                         clk (net)
                      0.098064    0.000000    0.064910 ^ clkbuf_0_clk/A (sky130_fd_sc_hd__clkbuf_16)
     2    0.020459    0.068008    0.234707    0.299617 ^ clkbuf_0_clk/X (sky130_fd_sc_hd__clkbuf_16)
                                                         clknet_0_clk (net)
                      0.068028    0.001275    0.300893 ^ clkbuf_1_1__f_clk/A (sky130_fd_sc_hd__clkbuf_16)
     6    0.017448    0.064293    0.216628    0.517521 ^ clkbuf_1_1__f_clk/X (sky130_fd_sc_hd__clkbuf_16)
                                                         clknet_1_1__leaf_clk (net)
                      0.064315    0.001876    0.519397 ^ _45_/CLK (sky130_fd_sc_hd__dfrtp_2)
                                  0.250000    0.769397   clock uncertainty
                                  0.000000    0.769397   clock reconvergence pessimism
                                  0.733600    1.502997   library removal time
                                              1.502997   data required time
---------------------------------------------------------------------------------------------
                                              1.502997   data required time
                                             -2.225943   data arrival time
---------------------------------------------------------------------------------------------
                                              0.722946   slack (MET)


Startpoint: rst_n (input port clocked by clk)
Endpoint: _44_ (removal check against rising-edge clock clk)
Path Group: asynchronous
Path Type: min

Fanout         Cap        Slew       Delay        Time   Description
---------------------------------------------------------------------------------------------
                                  0.000000    0.000000   clock clk (rise edge)
                                  0.000000    0.000000   clock network delay (propagated)
                                  2.000000    2.000000 ^ input external delay
    10    0.044863    0.324076    0.225933    2.225933 ^ rst_n (in)
                                                         rst_n (net)
                      0.324107    0.000000    2.225933 ^ _44_/RESET_B (sky130_fd_sc_hd__dfrtp_2)
                                              2.225933   data arrival time

                                  0.000000    0.000000   clock clk (rise edge)
                                  0.000000    0.000000   clock source latency
     1    0.012465    0.098057    0.064910    0.064910 ^ clk (in)
                                                         clk (net)
                      0.098064    0.000000    0.064910 ^ clkbuf_0_clk/A (sky130_fd_sc_hd__clkbuf_16)
     2    0.020459    0.068008    0.234707    0.299617 ^ clkbuf_0_clk/X (sky130_fd_sc_hd__clkbuf_16)
                                                         clknet_0_clk (net)
                      0.068028    0.001275    0.300893 ^ clkbuf_1_1__f_clk/A (sky130_fd_sc_hd__clkbuf_16)
     6    0.017448    0.064293    0.216628    0.517521 ^ clkbuf_1_1__f_clk/X (sky130_fd_sc_hd__clkbuf_16)
                                                         clknet_1_1__leaf_clk (net)
                      0.064313    0.001793    0.519314 ^ _44_/CLK (sky130_fd_sc_hd__dfrtp_2)
                                  0.250000    0.769314   clock uncertainty
                                  0.000000    0.769314   clock reconvergence pessimism
                                  0.733599    1.502913   library removal time
                                              1.502913   data required time
---------------------------------------------------------------------------------------------
                                              1.502913   data required time
                                             -2.225933   data arrival time
---------------------------------------------------------------------------------------------
                                              0.723020   slack (MET)


Startpoint: rst_n (input port clocked by clk)
Endpoint: _43_ (removal check against rising-edge clock clk)
Path Group: asynchronous
Path Type: min

Fanout         Cap        Slew       Delay        Time   Description
---------------------------------------------------------------------------------------------
                                  0.000000    0.000000   clock clk (rise edge)
                                  0.000000    0.000000   clock network delay (propagated)
                                  2.000000    2.000000 ^ input external delay
    10    0.044863    0.324076    0.224337    2.224337 ^ rst_n (in)
                                                         rst_n (net)
                      0.324081    0.000000    2.224337 ^ _43_/RESET_B (sky130_fd_sc_hd__dfrtp_2)
                                              2.224337   data arrival time

                                  0.000000    0.000000   clock clk (rise edge)
                                  0.000000    0.000000   clock source latency
     1    0.012465    0.098057    0.064910    0.064910 ^ clk (in)
                                                         clk (net)
                      0.098064    0.000000    0.064910 ^ clkbuf_0_clk/A (sky130_fd_sc_hd__clkbuf_16)
     2    0.020459    0.068008    0.234707    0.299617 ^ clkbuf_0_clk/X (sky130_fd_sc_hd__clkbuf_16)
                                                         clknet_0_clk (net)
                      0.068028    0.001227    0.300844 ^ clkbuf_1_0__f_clk/A (sky130_fd_sc_hd__clkbuf_16)
     5    0.014705    0.060847    0.213055    0.513899 ^ clkbuf_1_0__f_clk/X (sky130_fd_sc_hd__clkbuf_16)
                                                         clknet_1_0__leaf_clk (net)
                      0.060847    0.000673    0.514572 ^ _43_/CLK (sky130_fd_sc_hd__dfrtp_2)
                                  0.250000    0.764572   clock uncertainty
                                  0.000000    0.764572   clock reconvergence pessimism
                                  0.732549    1.497121   library removal time
                                              1.497121   data required time
---------------------------------------------------------------------------------------------
                                              1.497121   data required time
                                             -2.224337   data arrival time
---------------------------------------------------------------------------------------------
                                              0.727216   slack (MET)


Startpoint: rst_n (input port clocked by clk)
Endpoint: _39_ (removal check against rising-edge clock clk)
Path Group: asynchronous
Path Type: min

Fanout         Cap        Slew       Delay        Time   Description
---------------------------------------------------------------------------------------------
                                  0.000000    0.000000   clock clk (rise edge)
                                  0.000000    0.000000   clock network delay (propagated)
                                  2.000000    2.000000 ^ input external delay
    10    0.044863    0.324076    0.224498    2.224499 ^ rst_n (in)
                                                         rst_n (net)
                      0.324082    0.000000    2.224499 ^ _39_/RESET_B (sky130_fd_sc_hd__dfrtp_2)
                                              2.224499   data arrival time

                                  0.000000    0.000000   clock clk (rise edge)
                                  0.000000    0.000000   clock source latency
     1    0.012465    0.098057    0.064910    0.064910 ^ clk (in)
                                                         clk (net)
                      0.098064    0.000000    0.064910 ^ clkbuf_0_clk/A (sky130_fd_sc_hd__clkbuf_16)
     2    0.020459    0.068008    0.234707    0.299617 ^ clkbuf_0_clk/X (sky130_fd_sc_hd__clkbuf_16)
                                                         clknet_0_clk (net)
                      0.068028    0.001227    0.300844 ^ clkbuf_1_0__f_clk/A (sky130_fd_sc_hd__clkbuf_16)
     5    0.014705    0.060847    0.213055    0.513899 ^ clkbuf_1_0__f_clk/X (sky130_fd_sc_hd__clkbuf_16)
                                                         clknet_1_0__leaf_clk (net)
                      0.060847    0.000664    0.514563 ^ _39_/CLK (sky130_fd_sc_hd__dfrtp_2)
                                  0.250000    0.764563   clock uncertainty
                                  0.000000    0.764563   clock reconvergence pessimism
                                  0.732550    1.497113   library removal time
                                              1.497113   data required time
---------------------------------------------------------------------------------------------
                                              1.497113   data required time
                                             -2.224499   data arrival time
---------------------------------------------------------------------------------------------
                                              0.727385   slack (MET)


Startpoint: rst_n (input port clocked by clk)
Endpoint: _37_ (removal check against rising-edge clock clk)
Path Group: asynchronous
Path Type: min

Fanout         Cap        Slew       Delay        Time   Description
---------------------------------------------------------------------------------------------
                                  0.000000    0.000000   clock clk (rise edge)
                                  0.000000    0.000000   clock network delay (propagated)
                                  2.000000    2.000000 ^ input external delay
    10    0.044863    0.324076    0.226036    2.226036 ^ rst_n (in)
                                                         rst_n (net)
                      0.324109    0.000000    2.226036 ^ _37_/RESET_B (sky130_fd_sc_hd__dfrtp_2)
                                              2.226036   data arrival time

                                  0.000000    0.000000   clock clk (rise edge)
                                  0.000000    0.000000   clock source latency
     1    0.012465    0.098057    0.064910    0.064910 ^ clk (in)
                                                         clk (net)
                      0.098064    0.000000    0.064910 ^ clkbuf_0_clk/A (sky130_fd_sc_hd__clkbuf_16)
     2    0.020459    0.068008    0.234707    0.299617 ^ clkbuf_0_clk/X (sky130_fd_sc_hd__clkbuf_16)
                                                         clknet_0_clk (net)
                      0.068028    0.001227    0.300844 ^ clkbuf_1_0__f_clk/A (sky130_fd_sc_hd__clkbuf_16)
     5    0.014705    0.060847    0.213055    0.513899 ^ clkbuf_1_0__f_clk/X (sky130_fd_sc_hd__clkbuf_16)
                                                         clknet_1_0__leaf_clk (net)
                      0.060847    0.000690    0.514589 ^ _37_/CLK (sky130_fd_sc_hd__dfrtp_2)
                                  0.250000    0.764589   clock uncertainty
                                  0.000000    0.764589   clock reconvergence pessimism
                                  0.732558    1.497147   library removal time
                                              1.497147   data required time
---------------------------------------------------------------------------------------------
                                              1.497147   data required time
                                             -2.226036   data arrival time
---------------------------------------------------------------------------------------------
                                              0.728889   slack (MET)


Startpoint: rst_n (input port clocked by clk)
Endpoint: _38_ (removal check against rising-edge clock clk)
Path Group: asynchronous
Path Type: min

Fanout         Cap        Slew       Delay        Time   Description
---------------------------------------------------------------------------------------------
                                  0.000000    0.000000   clock clk (rise edge)
                                  0.000000    0.000000   clock network delay (propagated)
                                  2.000000    2.000000 ^ input external delay
    10    0.044863    0.324076    0.226028    2.226028 ^ rst_n (in)
                                                         rst_n (net)
                      0.324109    0.000000    2.226028 ^ _38_/RESET_B (sky130_fd_sc_hd__dfrtp_2)
                                              2.226028   data arrival time

                                  0.000000    0.000000   clock clk (rise edge)
                                  0.000000    0.000000   clock source latency
     1    0.012465    0.098057    0.064910    0.064910 ^ clk (in)
                                                         clk (net)
                      0.098064    0.000000    0.064910 ^ clkbuf_0_clk/A (sky130_fd_sc_hd__clkbuf_16)
     2    0.020459    0.068008    0.234707    0.299617 ^ clkbuf_0_clk/X (sky130_fd_sc_hd__clkbuf_16)
                                                         clknet_0_clk (net)
                      0.068028    0.001227    0.300844 ^ clkbuf_1_0__f_clk/A (sky130_fd_sc_hd__clkbuf_16)
     5    0.014705    0.060847    0.213055    0.513899 ^ clkbuf_1_0__f_clk/X (sky130_fd_sc_hd__clkbuf_16)
                                                         clknet_1_0__leaf_clk (net)
                      0.060847    0.000627    0.514526 ^ _38_/CLK (sky130_fd_sc_hd__dfrtp_2)
                                  0.250000    0.764526   clock uncertainty
                                  0.000000    0.764526   clock reconvergence pessimism
                                  0.732558    1.497084   library removal time
                                              1.497084   data required time
---------------------------------------------------------------------------------------------
                                              1.497084   data required time
                                             -2.226028   data arrival time
---------------------------------------------------------------------------------------------
                                              0.728943   slack (MET)


Startpoint: _45_ (rising edge-triggered flip-flop clocked by clk)
Endpoint: _44_ (rising edge-triggered flip-flop clocked by clk)
Path Group: clk
Path Type: min

Fanout         Cap        Slew       Delay        Time   Description
---------------------------------------------------------------------------------------------
                                  0.000000    0.000000   clock clk (rise edge)
                                  0.000000    0.000000   clock source latency
     1    0.012465    0.098057    0.064910    0.064910 ^ clk (in)
                                                         clk (net)
                      0.098064    0.000000    0.064910 ^ clkbuf_0_clk/A (sky130_fd_sc_hd__clkbuf_16)
     2    0.020459    0.068008    0.234707    0.299617 ^ clkbuf_0_clk/X (sky130_fd_sc_hd__clkbuf_16)
                                                         clknet_0_clk (net)
                      0.068028    0.001275    0.300893 ^ clkbuf_1_1__f_clk/A (sky130_fd_sc_hd__clkbuf_16)
     6    0.017448    0.064293    0.216628    0.517521 ^ clkbuf_1_1__f_clk/X (sky130_fd_sc_hd__clkbuf_16)
                                                         clknet_1_1__leaf_clk (net)
                      0.064315    0.001876    0.519397 ^ _45_/CLK (sky130_fd_sc_hd__dfrtp_2)
     1    0.002442    0.067293    0.666519    1.185915 ^ _45_/Q (sky130_fd_sc_hd__dfrtp_2)
                                                         sync_ff1 (net)
                      0.067293    0.000146    1.186062 ^ _24_/B (sky130_fd_sc_hd__and2_2)
     1    0.003014    0.068530    0.259202    1.445264 ^ _24_/X (sky130_fd_sc_hd__and2_2)
                                                         _00_ (net)
                      0.068530    0.000186    1.445449 ^ _44_/D (sky130_fd_sc_hd__dfrtp_2)
                                              1.445449   data arrival time

                                  0.000000    0.000000   clock clk (rise edge)
                                  0.000000    0.000000   clock source latency
     1    0.012465    0.098057    0.064910    0.064910 ^ clk (in)
                                                         clk (net)
                      0.098064    0.000000    0.064910 ^ clkbuf_0_clk/A (sky130_fd_sc_hd__clkbuf_16)
     2    0.020459    0.068008    0.234707    0.299617 ^ clkbuf_0_clk/X (sky130_fd_sc_hd__clkbuf_16)
                                                         clknet_0_clk (net)
                      0.068028    0.001275    0.300893 ^ clkbuf_1_1__f_clk/A (sky130_fd_sc_hd__clkbuf_16)
     6    0.017448    0.064293    0.216628    0.517521 ^ clkbuf_1_1__f_clk/X (sky130_fd_sc_hd__clkbuf_16)
                                                         clknet_1_1__leaf_clk (net)
                      0.064313    0.001793    0.519314 ^ _44_/CLK (sky130_fd_sc_hd__dfrtp_2)
                                  0.250000    0.769314   clock uncertainty
                                  0.000000    0.769314   clock reconvergence pessimism
                                 -0.077495    0.691818   library hold time
                                              0.691818   data required time
---------------------------------------------------------------------------------------------
                                              0.691818   data required time
                                             -1.445449   data arrival time
---------------------------------------------------------------------------------------------
                                              0.753631   slack (MET)


Startpoint: _41_ (rising edge-triggered flip-flop clocked by clk)
Endpoint: _41_ (rising edge-triggered flip-flop clocked by clk)
Path Group: clk
Path Type: min

Fanout         Cap        Slew       Delay        Time   Description
---------------------------------------------------------------------------------------------
                                  0.000000    0.000000   clock clk (rise edge)
                                  0.000000    0.000000   clock source latency
     1    0.012465    0.098057    0.064910    0.064910 ^ clk (in)
                                                         clk (net)
                      0.098064    0.000000    0.064910 ^ clkbuf_0_clk/A (sky130_fd_sc_hd__clkbuf_16)
     2    0.020459    0.068008    0.234707    0.299617 ^ clkbuf_0_clk/X (sky130_fd_sc_hd__clkbuf_16)
                                                         clknet_0_clk (net)
                      0.068028    0.001275    0.300893 ^ clkbuf_1_1__f_clk/A (sky130_fd_sc_hd__clkbuf_16)
     6    0.017448    0.064293    0.216628    0.517521 ^ clkbuf_1_1__f_clk/X (sky130_fd_sc_hd__clkbuf_16)
                                                         clknet_1_1__leaf_clk (net)
                      0.064314    0.001868    0.519389 ^ _41_/CLK (sky130_fd_sc_hd__dfrtp_2)
     4    0.012744    0.137609    0.746485    1.265873 ^ _41_/Q (sky130_fd_sc_hd__dfrtp_2)
                                                         ie (net)
                      0.137610    0.000650    1.266523 ^ _33_/A1 (sky130_fd_sc_hd__mux2_1)
     1    0.003294    0.078112    0.264707    1.531230 ^ _33_/X (sky130_fd_sc_hd__mux2_1)
                                                         _07_ (net)
                      0.078112    0.000210    1.531440 ^ _41_/D (sky130_fd_sc_hd__dfrtp_2)
                                              1.531440   data arrival time

                                  0.000000    0.000000   clock clk (rise edge)
                                  0.000000    0.000000   clock source latency
     1    0.012465    0.098057    0.064910    0.064910 ^ clk (in)
                                                         clk (net)
                      0.098064    0.000000    0.064910 ^ clkbuf_0_clk/A (sky130_fd_sc_hd__clkbuf_16)
     2    0.020459    0.068008    0.234707    0.299617 ^ clkbuf_0_clk/X (sky130_fd_sc_hd__clkbuf_16)
                                                         clknet_0_clk (net)
                      0.068028    0.001275    0.300893 ^ clkbuf_1_1__f_clk/A (sky130_fd_sc_hd__clkbuf_16)
     6    0.017448    0.064293    0.216628    0.517521 ^ clkbuf_1_1__f_clk/X (sky130_fd_sc_hd__clkbuf_16)
                                                         clknet_1_1__leaf_clk (net)
                      0.064314    0.001868    0.519389 ^ _41_/CLK (sky130_fd_sc_hd__dfrtp_2)
                                  0.250000    0.769389   clock uncertainty
                                  0.000000    0.769389   clock reconvergence pessimism
                                 -0.079676    0.689713   library hold time
                                              0.689713   data required time
---------------------------------------------------------------------------------------------
                                              0.689713   data required time
                                             -1.531440   data arrival time
---------------------------------------------------------------------------------------------
                                              0.841727   slack (MET)


Startpoint: _41_ (rising edge-triggered flip-flop clocked by clk)
Endpoint: _45_ (rising edge-triggered flip-flop clocked by clk)
Path Group: clk
Path Type: min

Fanout         Cap        Slew       Delay        Time   Description
---------------------------------------------------------------------------------------------
                                  0.000000    0.000000   clock clk (rise edge)
                                  0.000000    0.000000   clock source latency
     1    0.012465    0.098057    0.064910    0.064910 ^ clk (in)
                                                         clk (net)
                      0.098064    0.000000    0.064910 ^ clkbuf_0_clk/A (sky130_fd_sc_hd__clkbuf_16)
     2    0.020459    0.068008    0.234707    0.299617 ^ clkbuf_0_clk/X (sky130_fd_sc_hd__clkbuf_16)
                                                         clknet_0_clk (net)
                      0.068028    0.001275    0.300893 ^ clkbuf_1_1__f_clk/A (sky130_fd_sc_hd__clkbuf_16)
     6    0.017448    0.064293    0.216628    0.517521 ^ clkbuf_1_1__f_clk/X (sky130_fd_sc_hd__clkbuf_16)
                                                         clknet_1_1__leaf_clk (net)
                      0.064314    0.001868    0.519389 ^ _41_/CLK (sky130_fd_sc_hd__dfrtp_2)
     4    0.012744    0.137609    0.746485    1.265873 ^ _41_/Q (sky130_fd_sc_hd__dfrtp_2)
                                                         ie (net)
                      0.137610    0.000697    1.266570 ^ _26_/A (sky130_fd_sc_hd__and2_2)
     1    0.002792    0.066990    0.277013    1.543583 ^ _26_/X (sky130_fd_sc_hd__and2_2)
                                                         _01_ (net)
                      0.066990    0.000180    1.543762 ^ _45_/D (sky130_fd_sc_hd__dfrtp_2)
                                              1.543762   data arrival time

                                  0.000000    0.000000   clock clk (rise edge)
                                  0.000000    0.000000   clock source latency
     1    0.012465    0.098057    0.064910    0.064910 ^ clk (in)
                                                         clk (net)
                      0.098064    0.000000    0.064910 ^ clkbuf_0_clk/A (sky130_fd_sc_hd__clkbuf_16)
     2    0.020459    0.068008    0.234707    0.299617 ^ clkbuf_0_clk/X (sky130_fd_sc_hd__clkbuf_16)
                                                         clknet_0_clk (net)
                      0.068028    0.001275    0.300893 ^ clkbuf_1_1__f_clk/A (sky130_fd_sc_hd__clkbuf_16)
     6    0.017448    0.064293    0.216628    0.517521 ^ clkbuf_1_1__f_clk/X (sky130_fd_sc_hd__clkbuf_16)
                                                         clknet_1_1__leaf_clk (net)
                      0.064315    0.001876    0.519397 ^ _45_/CLK (sky130_fd_sc_hd__dfrtp_2)
                                  0.250000    0.769397   clock uncertainty
                                  0.000000    0.769397   clock reconvergence pessimism
                                 -0.077145    0.692252   library hold time
                                              0.692252   data required time
---------------------------------------------------------------------------------------------
                                              0.692252   data required time
                                             -1.543762   data arrival time
---------------------------------------------------------------------------------------------
                                              0.851510   slack (MET)


Startpoint: _43_ (rising edge-triggered flip-flop clocked by clk)
Endpoint: _43_ (rising edge-triggered flip-flop clocked by clk)
Path Group: clk
Path Type: min

Fanout         Cap        Slew       Delay        Time   Description
---------------------------------------------------------------------------------------------
                                  0.000000    0.000000   clock clk (rise edge)
                                  0.000000    0.000000   clock source latency
     1    0.012465    0.098057    0.064910    0.064910 ^ clk (in)
                                                         clk (net)
                      0.098064    0.000000    0.064910 ^ clkbuf_0_clk/A (sky130_fd_sc_hd__clkbuf_16)
     2    0.020459    0.068008    0.234707    0.299617 ^ clkbuf_0_clk/X (sky130_fd_sc_hd__clkbuf_16)
                                                         clknet_0_clk (net)
                      0.068028    0.001227    0.300844 ^ clkbuf_1_0__f_clk/A (sky130_fd_sc_hd__clkbuf_16)
     5    0.014705    0.060847    0.213055    0.513899 ^ clkbuf_1_0__f_clk/X (sky130_fd_sc_hd__clkbuf_16)
                                                         clknet_1_0__leaf_clk (net)
                      0.060847    0.000673    0.514572 ^ _43_/CLK (sky130_fd_sc_hd__dfrtp_2)
     3    0.016344    0.163864    0.769068    1.283640 ^ _43_/Q (sky130_fd_sc_hd__dfrtp_2)
                                                         loopback_en (net)
                      0.163869    0.001134    1.284775 ^ _35_/A1 (sky130_fd_sc_hd__mux2_1)
     1    0.003878    0.085155    0.283602    1.568377 ^ _35_/X (sky130_fd_sc_hd__mux2_1)
                                                         _09_ (net)
                      0.085155    0.000233    1.568610 ^ _43_/D (sky130_fd_sc_hd__dfrtp_2)
                                              1.568610   data arrival time

                                  0.000000    0.000000   clock clk (rise edge)
                                  0.000000    0.000000   clock source latency
     1    0.012465    0.098057    0.064910    0.064910 ^ clk (in)
                                                         clk (net)
                      0.098064    0.000000    0.064910 ^ clkbuf_0_clk/A (sky130_fd_sc_hd__clkbuf_16)
     2    0.020459    0.068008    0.234707    0.299617 ^ clkbuf_0_clk/X (sky130_fd_sc_hd__clkbuf_16)
                                                         clknet_0_clk (net)
                      0.068028    0.001227    0.300844 ^ clkbuf_1_0__f_clk/A (sky130_fd_sc_hd__clkbuf_16)
     5    0.014705    0.060847    0.213055    0.513899 ^ clkbuf_1_0__f_clk/X (sky130_fd_sc_hd__clkbuf_16)
                                                         clknet_1_0__leaf_clk (net)
                      0.060847    0.000673    0.514572 ^ _43_/CLK (sky130_fd_sc_hd__dfrtp_2)
                                  0.250000    0.764572   clock uncertainty
                                  0.000000    0.764572   clock reconvergence pessimism
                                 -0.081848    0.682725   library hold time
                                              0.682725   data required time
---------------------------------------------------------------------------------------------
                                              0.682725   data required time
                                             -1.568610   data arrival time
---------------------------------------------------------------------------------------------
                                              0.885886   slack (MET)


Startpoint: _37_ (rising edge-triggered flip-flop clocked by clk)
Endpoint: _37_ (rising edge-triggered flip-flop clocked by clk)
Path Group: clk
Path Type: min

Fanout         Cap        Slew       Delay        Time   Description
---------------------------------------------------------------------------------------------
                                  0.000000    0.000000   clock clk (rise edge)
                                  0.000000    0.000000   clock source latency
     1    0.012465    0.098057    0.064910    0.064910 ^ clk (in)
                                                         clk (net)
                      0.098064    0.000000    0.064910 ^ clkbuf_0_clk/A (sky130_fd_sc_hd__clkbuf_16)
     2    0.020459    0.068008    0.234707    0.299617 ^ clkbuf_0_clk/X (sky130_fd_sc_hd__clkbuf_16)
                                                         clknet_0_clk (net)
                      0.068028    0.001227    0.300844 ^ clkbuf_1_0__f_clk/A (sky130_fd_sc_hd__clkbuf_16)
     5    0.014705    0.060847    0.213055    0.513899 ^ clkbuf_1_0__f_clk/X (sky130_fd_sc_hd__clkbuf_16)
                                                         clknet_1_0__leaf_clk (net)
                      0.060847    0.000690    0.514589 ^ _37_/CLK (sky130_fd_sc_hd__dfrtp_2)
     3    0.041755    0.334059    0.907792    1.422381 ^ _37_/Q (sky130_fd_sc_hd__dfrtp_2)
                                                         pad_pu_en (net)
                      0.334066    0.001972    1.424353 ^ _29_/A1 (sky130_fd_sc_hd__mux2_1)
     1    0.002309    0.066153    0.326480    1.750833 ^ _29_/X (sky130_fd_sc_hd__mux2_1)
                                                         _03_ (net)
                      0.066153    0.000160    1.750993 ^ _37_/D (sky130_fd_sc_hd__dfrtp_2)
                                              1.750993   data arrival time

                                  0.000000    0.000000   clock clk (rise edge)
                                  0.000000    0.000000   clock source latency
     1    0.012465    0.098057    0.064910    0.064910 ^ clk (in)
                                                         clk (net)
                      0.098064    0.000000    0.064910 ^ clkbuf_0_clk/A (sky130_fd_sc_hd__clkbuf_16)
     2    0.020459    0.068008    0.234707    0.299617 ^ clkbuf_0_clk/X (sky130_fd_sc_hd__clkbuf_16)
                                                         clknet_0_clk (net)
                      0.068028    0.001227    0.300844 ^ clkbuf_1_0__f_clk/A (sky130_fd_sc_hd__clkbuf_16)
     5    0.014705    0.060847    0.213055    0.513899 ^ clkbuf_1_0__f_clk/X (sky130_fd_sc_hd__clkbuf_16)
                                                         clknet_1_0__leaf_clk (net)
                      0.060847    0.000690    0.514589 ^ _37_/CLK (sky130_fd_sc_hd__dfrtp_2)
                                  0.250000    0.764589   clock uncertainty
                                  0.000000    0.764589   clock reconvergence pessimism
                                 -0.077523    0.687066   library hold time
                                              0.687066   data required time
---------------------------------------------------------------------------------------------
                                              0.687066   data required time
                                             -1.750993   data arrival time
---------------------------------------------------------------------------------------------
                                              1.063927   slack (MET)


Startpoint: _40_ (rising edge-triggered flip-flop clocked by clk)
Endpoint: _40_ (rising edge-triggered flip-flop clocked by clk)
Path Group: clk
Path Type: min

Fanout         Cap        Slew       Delay        Time   Description
---------------------------------------------------------------------------------------------
                                  0.000000    0.000000   clock clk (rise edge)
                                  0.000000    0.000000   clock source latency
     1    0.012465    0.098057    0.064910    0.064910 ^ clk (in)
                                                         clk (net)
                      0.098064    0.000000    0.064910 ^ clkbuf_0_clk/A (sky130_fd_sc_hd__clkbuf_16)
     2    0.020459    0.068008    0.234707    0.299617 ^ clkbuf_0_clk/X (sky130_fd_sc_hd__clkbuf_16)
                                                         clknet_0_clk (net)
                      0.068028    0.001275    0.300893 ^ clkbuf_1_1__f_clk/A (sky130_fd_sc_hd__clkbuf_16)
     6    0.017448    0.064293    0.216628    0.517521 ^ clkbuf_1_1__f_clk/X (sky130_fd_sc_hd__clkbuf_16)
                                                         clknet_1_1__leaf_clk (net)
                      0.064294    0.001550    0.519071 ^ _40_/CLK (sky130_fd_sc_hd__dfrtp_2)
     3    0.043208    0.344635    0.915821    1.434892 ^ _40_/Q (sky130_fd_sc_hd__dfrtp_2)
                                                         pad_slew[1] (net)
                      0.344648    0.002515    1.437407 ^ _32_/A1 (sky130_fd_sc_hd__mux2_1)
     1    0.002684    0.070911    0.335378    1.772785 ^ _32_/X (sky130_fd_sc_hd__mux2_1)
                                                         _06_ (net)
                      0.070911    0.000195    1.772980 ^ _40_/D (sky130_fd_sc_hd__dfrtp_2)
                                              1.772980   data arrival time

                                  0.000000    0.000000   clock clk (rise edge)
                                  0.000000    0.000000   clock source latency
     1    0.012465    0.098057    0.064910    0.064910 ^ clk (in)
                                                         clk (net)
                      0.098064    0.000000    0.064910 ^ clkbuf_0_clk/A (sky130_fd_sc_hd__clkbuf_16)
     2    0.020459    0.068008    0.234707    0.299617 ^ clkbuf_0_clk/X (sky130_fd_sc_hd__clkbuf_16)
                                                         clknet_0_clk (net)
                      0.068028    0.001275    0.300893 ^ clkbuf_1_1__f_clk/A (sky130_fd_sc_hd__clkbuf_16)
     6    0.017448    0.064293    0.216628    0.517521 ^ clkbuf_1_1__f_clk/X (sky130_fd_sc_hd__clkbuf_16)
                                                         clknet_1_1__leaf_clk (net)
                      0.064294    0.001550    0.519071 ^ _40_/CLK (sky130_fd_sc_hd__dfrtp_2)
                                  0.250000    0.769071   clock uncertainty
                                  0.000000    0.769071   clock reconvergence pessimism
                                 -0.078040    0.691030   library hold time
                                              0.691030   data required time
---------------------------------------------------------------------------------------------
                                              0.691030   data required time
                                             -1.772980   data arrival time
---------------------------------------------------------------------------------------------
                                              1.081950   slack (MET)


Startpoint: _38_ (rising edge-triggered flip-flop clocked by clk)
Endpoint: _38_ (rising edge-triggered flip-flop clocked by clk)
Path Group: clk
Path Type: min

Fanout         Cap        Slew       Delay        Time   Description
---------------------------------------------------------------------------------------------
                                  0.000000    0.000000   clock clk (rise edge)
                                  0.000000    0.000000   clock source latency
     1    0.012465    0.098057    0.064910    0.064910 ^ clk (in)
                                                         clk (net)
                      0.098064    0.000000    0.064910 ^ clkbuf_0_clk/A (sky130_fd_sc_hd__clkbuf_16)
     2    0.020459    0.068008    0.234707    0.299617 ^ clkbuf_0_clk/X (sky130_fd_sc_hd__clkbuf_16)
                                                         clknet_0_clk (net)
                      0.068028    0.001227    0.300844 ^ clkbuf_1_0__f_clk/A (sky130_fd_sc_hd__clkbuf_16)
     5    0.014705    0.060847    0.213055    0.513899 ^ clkbuf_1_0__f_clk/X (sky130_fd_sc_hd__clkbuf_16)
                                                         clknet_1_0__leaf_clk (net)
                      0.060847    0.000627    0.514526 ^ _38_/CLK (sky130_fd_sc_hd__dfrtp_2)
     3    0.043102    0.343523    0.914753    1.429280 ^ _38_/Q (sky130_fd_sc_hd__dfrtp_2)
                                                         pad_pd_en (net)
                      0.343530    0.002015    1.431295 ^ _30_/A1 (sky130_fd_sc_hd__mux2_1)
     1    0.002841    0.072718    0.337165    1.768459 ^ _30_/X (sky130_fd_sc_hd__mux2_1)
                                                         _04_ (net)
                      0.072718    0.000180    1.768639 ^ _38_/D (sky130_fd_sc_hd__dfrtp_2)
                                              1.768639   data arrival time

                                  0.000000    0.000000   clock clk (rise edge)
                                  0.000000    0.000000   clock source latency
     1    0.012465    0.098057    0.064910    0.064910 ^ clk (in)
                                                         clk (net)
                      0.098064    0.000000    0.064910 ^ clkbuf_0_clk/A (sky130_fd_sc_hd__clkbuf_16)
     2    0.020459    0.068008    0.234707    0.299617 ^ clkbuf_0_clk/X (sky130_fd_sc_hd__clkbuf_16)
                                                         clknet_0_clk (net)
                      0.068028    0.001227    0.300844 ^ clkbuf_1_0__f_clk/A (sky130_fd_sc_hd__clkbuf_16)
     5    0.014705    0.060847    0.213055    0.513899 ^ clkbuf_1_0__f_clk/X (sky130_fd_sc_hd__clkbuf_16)
                                                         clknet_1_0__leaf_clk (net)
                      0.060847    0.000627    0.514526 ^ _38_/CLK (sky130_fd_sc_hd__dfrtp_2)
                                  0.250000    0.764526   clock uncertainty
                                  0.000000    0.764526   clock reconvergence pessimism
                                 -0.079017    0.685509   library hold time
                                              0.685509   data required time
---------------------------------------------------------------------------------------------
                                              0.685509   data required time
                                             -1.768639   data arrival time
---------------------------------------------------------------------------------------------
                                              1.083130   slack (MET)


Startpoint: _36_ (rising edge-triggered flip-flop clocked by clk)
Endpoint: _36_ (rising edge-triggered flip-flop clocked by clk)
Path Group: clk
Path Type: min

Fanout         Cap        Slew       Delay        Time   Description
---------------------------------------------------------------------------------------------
                                  0.000000    0.000000   clock clk (rise edge)
                                  0.000000    0.000000   clock source latency
     1    0.012465    0.098057    0.064910    0.064910 ^ clk (in)
                                                         clk (net)
                      0.098064    0.000000    0.064910 ^ clkbuf_0_clk/A (sky130_fd_sc_hd__clkbuf_16)
     2    0.020459    0.068008    0.234707    0.299617 ^ clkbuf_0_clk/X (sky130_fd_sc_hd__clkbuf_16)
                                                         clknet_0_clk (net)
                      0.068028    0.001275    0.300893 ^ clkbuf_1_1__f_clk/A (sky130_fd_sc_hd__clkbuf_16)
     6    0.017448    0.064293    0.216628    0.517521 ^ clkbuf_1_1__f_clk/X (sky130_fd_sc_hd__clkbuf_16)
                                                         clknet_1_1__leaf_clk (net)
                      0.064294    0.001557    0.519078 ^ _36_/CLK (sky130_fd_sc_hd__dfrtp_2)
     3    0.042040    0.335999    0.911039    1.430117 ^ _36_/Q (sky130_fd_sc_hd__dfrtp_2)
                                                         pad_oe (net)
                      0.336004    0.001816    1.431933 ^ _28_/A1 (sky130_fd_sc_hd__mux2_1)
     1    0.003516    0.080823    0.343783    1.775716 ^ _28_/X (sky130_fd_sc_hd__mux2_1)
                                                         _02_ (net)
                      0.080823    0.000239    1.775955 ^ _36_/D (sky130_fd_sc_hd__dfrtp_2)
                                              1.775955   data arrival time

                                  0.000000    0.000000   clock clk (rise edge)
                                  0.000000    0.000000   clock source latency
     1    0.012465    0.098057    0.064910    0.064910 ^ clk (in)
                                                         clk (net)
                      0.098064    0.000000    0.064910 ^ clkbuf_0_clk/A (sky130_fd_sc_hd__clkbuf_16)
     2    0.020459    0.068008    0.234707    0.299617 ^ clkbuf_0_clk/X (sky130_fd_sc_hd__clkbuf_16)
                                                         clknet_0_clk (net)
                      0.068028    0.001275    0.300893 ^ clkbuf_1_1__f_clk/A (sky130_fd_sc_hd__clkbuf_16)
     6    0.017448    0.064293    0.216628    0.517521 ^ clkbuf_1_1__f_clk/X (sky130_fd_sc_hd__clkbuf_16)
                                                         clknet_1_1__leaf_clk (net)
                      0.064294    0.001557    0.519078 ^ _36_/CLK (sky130_fd_sc_hd__dfrtp_2)
                                  0.250000    0.769078   clock uncertainty
                                  0.000000    0.769078   clock reconvergence pessimism
                                 -0.080296    0.688782   library hold time
                                              0.688782   data required time
---------------------------------------------------------------------------------------------
                                              0.688782   data required time
                                             -1.775955   data arrival time
---------------------------------------------------------------------------------------------
                                              1.087173   slack (MET)


Startpoint: _42_ (rising edge-triggered flip-flop clocked by clk)
Endpoint: _42_ (rising edge-triggered flip-flop clocked by clk)
Path Group: clk
Path Type: min

Fanout         Cap        Slew       Delay        Time   Description
---------------------------------------------------------------------------------------------
                                  0.000000    0.000000   clock clk (rise edge)
                                  0.000000    0.000000   clock source latency
     1    0.012465    0.098057    0.064910    0.064910 ^ clk (in)
                                                         clk (net)
                      0.098064    0.000000    0.064910 ^ clkbuf_0_clk/A (sky130_fd_sc_hd__clkbuf_16)
     2    0.020459    0.068008    0.234707    0.299617 ^ clkbuf_0_clk/X (sky130_fd_sc_hd__clkbuf_16)
                                                         clknet_0_clk (net)
                      0.068028    0.001275    0.300893 ^ clkbuf_1_1__f_clk/A (sky130_fd_sc_hd__clkbuf_16)
     6    0.017448    0.064293    0.216628    0.517521 ^ clkbuf_1_1__f_clk/X (sky130_fd_sc_hd__clkbuf_16)
                                                         clknet_1_1__leaf_clk (net)
                      0.064293    0.001073    0.518594 ^ _42_/CLK (sky130_fd_sc_hd__dfrtp_2)
     3    0.044868    0.355818    0.925835    1.444430 ^ _42_/Q (sky130_fd_sc_hd__dfrtp_2)
                                                         pad_schmitt_en (net)
                      0.355823    0.001853    1.446282 ^ _34_/A1 (sky130_fd_sc_hd__mux2_1)
     1    0.003014    0.074746    0.343904    1.790186 ^ _34_/X (sky130_fd_sc_hd__mux2_1)
                                                         _08_ (net)
                      0.074746    0.000206    1.790392 ^ _42_/D (sky130_fd_sc_hd__dfrtp_2)
                                              1.790392   data arrival time

                                  0.000000    0.000000   clock clk (rise edge)
                                  0.000000    0.000000   clock source latency
     1    0.012465    0.098057    0.064910    0.064910 ^ clk (in)
                                                         clk (net)
                      0.098064    0.000000    0.064910 ^ clkbuf_0_clk/A (sky130_fd_sc_hd__clkbuf_16)
     2    0.020459    0.068008    0.234707    0.299617 ^ clkbuf_0_clk/X (sky130_fd_sc_hd__clkbuf_16)
                                                         clknet_0_clk (net)
                      0.068028    0.001275    0.300893 ^ clkbuf_1_1__f_clk/A (sky130_fd_sc_hd__clkbuf_16)
     6    0.017448    0.064293    0.216628    0.517521 ^ clkbuf_1_1__f_clk/X (sky130_fd_sc_hd__clkbuf_16)
                                                         clknet_1_1__leaf_clk (net)
                      0.064293    0.001073    0.518594 ^ _42_/CLK (sky130_fd_sc_hd__dfrtp_2)
                                  0.250000    0.768594   clock uncertainty
                                  0.000000    0.768594   clock reconvergence pessimism
                                 -0.078913    0.689681   library hold time
                                              0.689681   data required time
---------------------------------------------------------------------------------------------
                                              0.689681   data required time
                                             -1.790392   data arrival time
---------------------------------------------------------------------------------------------
                                              1.100711   slack (MET)


Startpoint: _39_ (rising edge-triggered flip-flop clocked by clk)
Endpoint: _39_ (rising edge-triggered flip-flop clocked by clk)
Path Group: clk
Path Type: min

Fanout         Cap        Slew       Delay        Time   Description
---------------------------------------------------------------------------------------------
                                  0.000000    0.000000   clock clk (rise edge)
                                  0.000000    0.000000   clock source latency
     1    0.012465    0.098057    0.064910    0.064910 ^ clk (in)
                                                         clk (net)
                      0.098064    0.000000    0.064910 ^ clkbuf_0_clk/A (sky130_fd_sc_hd__clkbuf_16)
     2    0.020459    0.068008    0.234707    0.299617 ^ clkbuf_0_clk/X (sky130_fd_sc_hd__clkbuf_16)
                                                         clknet_0_clk (net)
                      0.068028    0.001227    0.300844 ^ clkbuf_1_0__f_clk/A (sky130_fd_sc_hd__clkbuf_16)
     5    0.014705    0.060847    0.213055    0.513899 ^ clkbuf_1_0__f_clk/X (sky130_fd_sc_hd__clkbuf_16)
                                                         clknet_1_0__leaf_clk (net)
                      0.060847    0.000664    0.514563 ^ _39_/CLK (sky130_fd_sc_hd__dfrtp_2)
     3    0.044968    0.356422    0.925034    1.439597 ^ _39_/Q (sky130_fd_sc_hd__dfrtp_2)
                                                         pad_slew[0] (net)
                      0.356427    0.001908    1.441506 ^ _31_/A1 (sky130_fd_sc_hd__mux2_1)
     1    0.003721    0.083278    0.353904    1.795409 ^ _31_/X (sky130_fd_sc_hd__mux2_1)
                                                         _05_ (net)
                      0.083278    0.000247    1.795657 ^ _39_/D (sky130_fd_sc_hd__dfrtp_2)
                                              1.795657   data arrival time

                                  0.000000    0.000000   clock clk (rise edge)
                                  0.000000    0.000000   clock source latency
     1    0.012465    0.098057    0.064910    0.064910 ^ clk (in)
                                                         clk (net)
                      0.098064    0.000000    0.064910 ^ clkbuf_0_clk/A (sky130_fd_sc_hd__clkbuf_16)
     2    0.020459    0.068008    0.234707    0.299617 ^ clkbuf_0_clk/X (sky130_fd_sc_hd__clkbuf_16)
                                                         clknet_0_clk (net)
                      0.068028    0.001227    0.300844 ^ clkbuf_1_0__f_clk/A (sky130_fd_sc_hd__clkbuf_16)
     5    0.014705    0.060847    0.213055    0.513899 ^ clkbuf_1_0__f_clk/X (sky130_fd_sc_hd__clkbuf_16)
                                                         clknet_1_0__leaf_clk (net)
                      0.060847    0.000664    0.514563 ^ _39_/CLK (sky130_fd_sc_hd__dfrtp_2)
                                  0.250000    0.764563   clock uncertainty
                                  0.000000    0.764563   clock reconvergence pessimism
                                 -0.081421    0.683143   library hold time
                                              0.683143   data required time
---------------------------------------------------------------------------------------------
                                              0.683143   data required time
                                             -1.795657   data arrival time
---------------------------------------------------------------------------------------------
                                              1.112514   slack (MET)


Startpoint: _37_ (rising edge-triggered flip-flop clocked by clk)
Endpoint: pad_pu_en (output port clocked by clk)
Path Group: clk
Path Type: min

Fanout         Cap        Slew       Delay        Time   Description
---------------------------------------------------------------------------------------------
                                  0.000000    0.000000   clock clk (rise edge)
                                  0.000000    0.000000   clock source latency
     1    0.012465    0.098057    0.064910    0.064910 ^ clk (in)
                                                         clk (net)
                      0.098064    0.000000    0.064910 ^ clkbuf_0_clk/A (sky130_fd_sc_hd__clkbuf_16)
     2    0.020459    0.068008    0.234707    0.299617 ^ clkbuf_0_clk/X (sky130_fd_sc_hd__clkbuf_16)
                                                         clknet_0_clk (net)
                      0.068028    0.001227    0.300844 ^ clkbuf_1_0__f_clk/A (sky130_fd_sc_hd__clkbuf_16)
     5    0.014705    0.060847    0.213055    0.513899 ^ clkbuf_1_0__f_clk/X (sky130_fd_sc_hd__clkbuf_16)
                                                         clknet_1_0__leaf_clk (net)
                      0.060847    0.000690    0.514589 ^ _37_/CLK (sky130_fd_sc_hd__dfrtp_2)
     3    0.041755    0.334059    0.907792    1.422381 ^ _37_/Q (sky130_fd_sc_hd__dfrtp_2)
                                                         pad_pu_en (net)
                      0.334069    0.002252    1.424633 ^ pad_pu_en (out)
                                              1.424633   data arrival time

                                  0.000000    0.000000   clock clk (rise edge)
                                  0.000000    0.000000   clock network delay (propagated)
                                  0.250000    0.250000   clock uncertainty
                                  0.000000    0.250000   clock reconvergence pessimism
                                 -2.000000   -1.750000   output external delay
                                             -1.750000   data required time
---------------------------------------------------------------------------------------------
                                             -1.750000   data required time
                                             -1.424633   data arrival time
---------------------------------------------------------------------------------------------
                                              3.174633   slack (MET)


Startpoint: _44_ (rising edge-triggered flip-flop clocked by clk)
Endpoint: core_din (output port clocked by clk)
Path Group: clk
Path Type: min

Fanout         Cap        Slew       Delay        Time   Description
---------------------------------------------------------------------------------------------
                                  0.000000    0.000000   clock clk (rise edge)
                                  0.000000    0.000000   clock source latency
     1    0.012465    0.098057    0.064910    0.064910 ^ clk (in)
                                                         clk (net)
                      0.098064    0.000000    0.064910 ^ clkbuf_0_clk/A (sky130_fd_sc_hd__clkbuf_16)
     2    0.020459    0.068008    0.234707    0.299617 ^ clkbuf_0_clk/X (sky130_fd_sc_hd__clkbuf_16)
                                                         clknet_0_clk (net)
                      0.068028    0.001275    0.300893 ^ clkbuf_1_1__f_clk/A (sky130_fd_sc_hd__clkbuf_16)
     6    0.017448    0.064293    0.216628    0.517521 ^ clkbuf_1_1__f_clk/X (sky130_fd_sc_hd__clkbuf_16)
                                                         clknet_1_1__leaf_clk (net)
                      0.064313    0.001793    0.519314 ^ _44_/CLK (sky130_fd_sc_hd__dfrtp_2)
     2    0.041464    0.332155    0.907495    1.426808 ^ _44_/Q (sky130_fd_sc_hd__dfrtp_2)
                                                         core_din (net)
                      0.332174    0.002797    1.429605 ^ core_din (out)
                                              1.429605   data arrival time

                                  0.000000    0.000000   clock clk (rise edge)
                                  0.000000    0.000000   clock network delay (propagated)
                                  0.250000    0.250000   clock uncertainty
                                  0.000000    0.250000   clock reconvergence pessimism
                                 -2.000000   -1.750000   output external delay
                                             -1.750000   data required time
---------------------------------------------------------------------------------------------
                                             -1.750000   data required time
                                             -1.429605   data arrival time
---------------------------------------------------------------------------------------------
                                              3.179605   slack (MET)


Startpoint: _38_ (rising edge-triggered flip-flop clocked by clk)
Endpoint: pad_pd_en (output port clocked by clk)
Path Group: clk
Path Type: min

Fanout         Cap        Slew       Delay        Time   Description
---------------------------------------------------------------------------------------------
                                  0.000000    0.000000   clock clk (rise edge)
                                  0.000000    0.000000   clock source latency
     1    0.012465    0.098057    0.064910    0.064910 ^ clk (in)
                                                         clk (net)
                      0.098064    0.000000    0.064910 ^ clkbuf_0_clk/A (sky130_fd_sc_hd__clkbuf_16)
     2    0.020459    0.068008    0.234707    0.299617 ^ clkbuf_0_clk/X (sky130_fd_sc_hd__clkbuf_16)
                                                         clknet_0_clk (net)
                      0.068028    0.001227    0.300844 ^ clkbuf_1_0__f_clk/A (sky130_fd_sc_hd__clkbuf_16)
     5    0.014705    0.060847    0.213055    0.513899 ^ clkbuf_1_0__f_clk/X (sky130_fd_sc_hd__clkbuf_16)
                                                         clknet_1_0__leaf_clk (net)
                      0.060847    0.000627    0.514526 ^ _38_/CLK (sky130_fd_sc_hd__dfrtp_2)
     3    0.043102    0.343523    0.914753    1.429280 ^ _38_/Q (sky130_fd_sc_hd__dfrtp_2)
                                                         pad_pd_en (net)
                      0.343539    0.002686    1.431965 ^ pad_pd_en (out)
                                              1.431965   data arrival time

                                  0.000000    0.000000   clock clk (rise edge)
                                  0.000000    0.000000   clock network delay (propagated)
                                  0.250000    0.250000   clock uncertainty
                                  0.000000    0.250000   clock reconvergence pessimism
                                 -2.000000   -1.750000   output external delay
                                             -1.750000   data required time
---------------------------------------------------------------------------------------------
                                             -1.750000   data required time
                                             -1.431965   data arrival time
---------------------------------------------------------------------------------------------
                                              3.181965   slack (MET)


Startpoint: _36_ (rising edge-triggered flip-flop clocked by clk)
Endpoint: pad_oe (output port clocked by clk)
Path Group: clk
Path Type: min

Fanout         Cap        Slew       Delay        Time   Description
---------------------------------------------------------------------------------------------
                                  0.000000    0.000000   clock clk (rise edge)
                                  0.000000    0.000000   clock source latency
     1    0.012465    0.098057    0.064910    0.064910 ^ clk (in)
                                                         clk (net)
                      0.098064    0.000000    0.064910 ^ clkbuf_0_clk/A (sky130_fd_sc_hd__clkbuf_16)
     2    0.020459    0.068008    0.234707    0.299617 ^ clkbuf_0_clk/X (sky130_fd_sc_hd__clkbuf_16)
                                                         clknet_0_clk (net)
                      0.068028    0.001275    0.300893 ^ clkbuf_1_1__f_clk/A (sky130_fd_sc_hd__clkbuf_16)
     6    0.017448    0.064293    0.216628    0.517521 ^ clkbuf_1_1__f_clk/X (sky130_fd_sc_hd__clkbuf_16)
                                                         clknet_1_1__leaf_clk (net)
                      0.064294    0.001557    0.519078 ^ _36_/CLK (sky130_fd_sc_hd__dfrtp_2)
     3    0.042040    0.335999    0.911039    1.430117 ^ _36_/Q (sky130_fd_sc_hd__dfrtp_2)
                                                         pad_oe (net)
                      0.336006    0.002028    1.432146 ^ pad_oe (out)
                                              1.432146   data arrival time

                                  0.000000    0.000000   clock clk (rise edge)
                                  0.000000    0.000000   clock network delay (propagated)
                                  0.250000    0.250000   clock uncertainty
                                  0.000000    0.250000   clock reconvergence pessimism
                                 -2.000000   -1.750000   output external delay
                                             -1.750000   data required time
---------------------------------------------------------------------------------------------
                                             -1.750000   data required time
                                             -1.432146   data arrival time
---------------------------------------------------------------------------------------------
                                              3.182146   slack (MET)


Startpoint: _40_ (rising edge-triggered flip-flop clocked by clk)
Endpoint: pad_slew[1] (output port clocked by clk)
Path Group: clk
Path Type: min

Fanout         Cap        Slew       Delay        Time   Description
---------------------------------------------------------------------------------------------
                                  0.000000    0.000000   clock clk (rise edge)
                                  0.000000    0.000000   clock source latency
     1    0.012465    0.098057    0.064910    0.064910 ^ clk (in)
                                                         clk (net)
                      0.098064    0.000000    0.064910 ^ clkbuf_0_clk/A (sky130_fd_sc_hd__clkbuf_16)
     2    0.020459    0.068008    0.234707    0.299617 ^ clkbuf_0_clk/X (sky130_fd_sc_hd__clkbuf_16)
                                                         clknet_0_clk (net)
                      0.068028    0.001275    0.300893 ^ clkbuf_1_1__f_clk/A (sky130_fd_sc_hd__clkbuf_16)
     6    0.017448    0.064293    0.216628    0.517521 ^ clkbuf_1_1__f_clk/X (sky130_fd_sc_hd__clkbuf_16)
                                                         clknet_1_1__leaf_clk (net)
                      0.064294    0.001550    0.519071 ^ _40_/CLK (sky130_fd_sc_hd__dfrtp_2)
     3    0.043208    0.344635    0.915821    1.434892 ^ _40_/Q (sky130_fd_sc_hd__dfrtp_2)
                                                         pad_slew[1] (net)
                      0.344689    0.004299    1.439191 ^ pad_slew[1] (out)
                                              1.439191   data arrival time

                                  0.000000    0.000000   clock clk (rise edge)
                                  0.000000    0.000000   clock network delay (propagated)
                                  0.250000    0.250000   clock uncertainty
                                  0.000000    0.250000   clock reconvergence pessimism
                                 -2.000000   -1.750000   output external delay
                                             -1.750000   data required time
---------------------------------------------------------------------------------------------
                                             -1.750000   data required time
                                             -1.439191   data arrival time
---------------------------------------------------------------------------------------------
                                              3.189191   slack (MET)


Startpoint: _39_ (rising edge-triggered flip-flop clocked by clk)
Endpoint: pad_slew[0] (output port clocked by clk)
Path Group: clk
Path Type: min

Fanout         Cap        Slew       Delay        Time   Description
---------------------------------------------------------------------------------------------
                                  0.000000    0.000000   clock clk (rise edge)
                                  0.000000    0.000000   clock source latency
     1    0.012465    0.098057    0.064910    0.064910 ^ clk (in)
                                                         clk (net)
                      0.098064    0.000000    0.064910 ^ clkbuf_0_clk/A (sky130_fd_sc_hd__clkbuf_16)
     2    0.020459    0.068008    0.234707    0.299617 ^ clkbuf_0_clk/X (sky130_fd_sc_hd__clkbuf_16)
                                                         clknet_0_clk (net)
                      0.068028    0.001227    0.300844 ^ clkbuf_1_0__f_clk/A (sky130_fd_sc_hd__clkbuf_16)
     5    0.014705    0.060847    0.213055    0.513899 ^ clkbuf_1_0__f_clk/X (sky130_fd_sc_hd__clkbuf_16)
                                                         clknet_1_0__leaf_clk (net)
                      0.060847    0.000664    0.514563 ^ _39_/CLK (sky130_fd_sc_hd__dfrtp_2)
     3    0.044968    0.356422    0.925034    1.439597 ^ _39_/Q (sky130_fd_sc_hd__dfrtp_2)
                                                         pad_slew[0] (net)
                      0.356430    0.002241    1.441839 ^ pad_slew[0] (out)
                                              1.441839   data arrival time

                                  0.000000    0.000000   clock clk (rise edge)
                                  0.000000    0.000000   clock network delay (propagated)
                                  0.250000    0.250000   clock uncertainty
                                  0.000000    0.250000   clock reconvergence pessimism
                                 -2.000000   -1.750000   output external delay
                                             -1.750000   data required time
---------------------------------------------------------------------------------------------
                                             -1.750000   data required time
                                             -1.441839   data arrival time
---------------------------------------------------------------------------------------------
                                              3.191839   slack (MET)


Startpoint: _42_ (rising edge-triggered flip-flop clocked by clk)
Endpoint: pad_schmitt_en (output port clocked by clk)
Path Group: clk
Path Type: min

Fanout         Cap        Slew       Delay        Time   Description
---------------------------------------------------------------------------------------------
                                  0.000000    0.000000   clock clk (rise edge)
                                  0.000000    0.000000   clock source latency
     1    0.012465    0.098057    0.064910    0.064910 ^ clk (in)
                                                         clk (net)
                      0.098064    0.000000    0.064910 ^ clkbuf_0_clk/A (sky130_fd_sc_hd__clkbuf_16)
     2    0.020459    0.068008    0.234707    0.299617 ^ clkbuf_0_clk/X (sky130_fd_sc_hd__clkbuf_16)
                                                         clknet_0_clk (net)
                      0.068028    0.001275    0.300893 ^ clkbuf_1_1__f_clk/A (sky130_fd_sc_hd__clkbuf_16)
     6    0.017448    0.064293    0.216628    0.517521 ^ clkbuf_1_1__f_clk/X (sky130_fd_sc_hd__clkbuf_16)
                                                         clknet_1_1__leaf_clk (net)
                      0.064293    0.001073    0.518594 ^ _42_/CLK (sky130_fd_sc_hd__dfrtp_2)
     3    0.044868    0.355818    0.925835    1.444430 ^ _42_/Q (sky130_fd_sc_hd__dfrtp_2)
                                                         pad_schmitt_en (net)
                      0.355832    0.002565    1.446995 ^ pad_schmitt_en (out)
                                              1.446995   data arrival time

                                  0.000000    0.000000   clock clk (rise edge)
                                  0.000000    0.000000   clock network delay (propagated)
                                  0.250000    0.250000   clock uncertainty
                                  0.000000    0.250000   clock reconvergence pessimism
                                 -2.000000   -1.750000   output external delay
                                             -1.750000   data required time
---------------------------------------------------------------------------------------------
                                             -1.750000   data required time
                                             -1.446995   data arrival time
---------------------------------------------------------------------------------------------
                                              3.196995   slack (MET)


Startpoint: _41_ (rising edge-triggered flip-flop clocked by clk)
Endpoint: reg_rdata[5] (output port clocked by clk)
Path Group: clk
Path Type: min

Fanout         Cap        Slew       Delay        Time   Description
---------------------------------------------------------------------------------------------
                                  0.000000    0.000000   clock clk (rise edge)
                                  0.000000    0.000000   clock source latency
     1    0.012465    0.098057    0.064910    0.064910 ^ clk (in)
                                                         clk (net)
                      0.098064    0.000000    0.064910 ^ clkbuf_0_clk/A (sky130_fd_sc_hd__clkbuf_16)
     2    0.020459    0.068008    0.234707    0.299617 ^ clkbuf_0_clk/X (sky130_fd_sc_hd__clkbuf_16)
                                                         clknet_0_clk (net)
                      0.068028    0.001275    0.300893 ^ clkbuf_1_1__f_clk/A (sky130_fd_sc_hd__clkbuf_16)
     6    0.017448    0.064293    0.216628    0.517521 ^ clkbuf_1_1__f_clk/X (sky130_fd_sc_hd__clkbuf_16)
                                                         clknet_1_1__leaf_clk (net)
                      0.064314    0.001868    0.519389 ^ _41_/CLK (sky130_fd_sc_hd__dfrtp_2)
     4    0.012744    0.137609    0.746485    1.265873 ^ _41_/Q (sky130_fd_sc_hd__dfrtp_2)
                                                         ie (net)
                      0.137609    0.000398    1.266271 ^ _21_/A (sky130_fd_sc_hd__and2_2)
     1    0.034349    0.296631    0.473770    1.740041 ^ _21_/X (sky130_fd_sc_hd__and2_2)
                                                         reg_rdata[5] (net)
                      0.296636    0.001731    1.741772 ^ reg_rdata[5] (out)
                                              1.741772   data arrival time

                                  0.000000    0.000000   clock clk (rise edge)
                                  0.000000    0.000000   clock network delay (propagated)
                                  0.250000    0.250000   clock uncertainty
                                  0.000000    0.250000   clock reconvergence pessimism
                                 -2.000000   -1.750000   output external delay
                                             -1.750000   data required time
---------------------------------------------------------------------------------------------
                                             -1.750000   data required time
                                             -1.741772   data arrival time
---------------------------------------------------------------------------------------------
                                              3.491772   slack (MET)


Startpoint: _43_ (rising edge-triggered flip-flop clocked by clk)
Endpoint: reg_rdata[7] (output port clocked by clk)
Path Group: clk
Path Type: min

Fanout         Cap        Slew       Delay        Time   Description
---------------------------------------------------------------------------------------------
                                  0.000000    0.000000   clock clk (rise edge)
                                  0.000000    0.000000   clock source latency
     1    0.012465    0.098057    0.064910    0.064910 ^ clk (in)
                                                         clk (net)
                      0.098064    0.000000    0.064910 ^ clkbuf_0_clk/A (sky130_fd_sc_hd__clkbuf_16)
     2    0.020459    0.068008    0.234707    0.299617 ^ clkbuf_0_clk/X (sky130_fd_sc_hd__clkbuf_16)
                                                         clknet_0_clk (net)
                      0.068028    0.001227    0.300844 ^ clkbuf_1_0__f_clk/A (sky130_fd_sc_hd__clkbuf_16)
     5    0.014705    0.060847    0.213055    0.513899 ^ clkbuf_1_0__f_clk/X (sky130_fd_sc_hd__clkbuf_16)
                                                         clknet_1_0__leaf_clk (net)
                      0.060847    0.000673    0.514572 ^ _43_/CLK (sky130_fd_sc_hd__dfrtp_2)
     3    0.016344    0.163864    0.769068    1.283640 ^ _43_/Q (sky130_fd_sc_hd__dfrtp_2)
                                                         loopback_en (net)
                      0.163865    0.000751    1.284391 ^ _23_/A (sky130_fd_sc_hd__and2_2)
     1    0.034454    0.297384    0.485657    1.770048 ^ _23_/X (sky130_fd_sc_hd__and2_2)
                                                         reg_rdata[7] (net)
                      0.297389    0.001755    1.771803 ^ reg_rdata[7] (out)
                                              1.771803   data arrival time

                                  0.000000    0.000000   clock clk (rise edge)
                                  0.000000    0.000000   clock network delay (propagated)
                                  0.250000    0.250000   clock uncertainty
                                  0.000000    0.250000   clock reconvergence pessimism
                                 -2.000000   -1.750000   output external delay
                                             -1.750000   data required time
---------------------------------------------------------------------------------------------
                                             -1.750000   data required time
                                             -1.771803   data arrival time
---------------------------------------------------------------------------------------------
                                              3.521803   slack (MET)


Startpoint: _38_ (rising edge-triggered flip-flop clocked by clk)
Endpoint: reg_rdata[2] (output port clocked by clk)
Path Group: clk
Path Type: min

Fanout         Cap        Slew       Delay        Time   Description
---------------------------------------------------------------------------------------------
                                  0.000000    0.000000   clock clk (rise edge)
                                  0.000000    0.000000   clock source latency
     1    0.012465    0.098057    0.064910    0.064910 ^ clk (in)
                                                         clk (net)
                      0.098064    0.000000    0.064910 ^ clkbuf_0_clk/A (sky130_fd_sc_hd__clkbuf_16)
     2    0.020459    0.068008    0.234707    0.299617 ^ clkbuf_0_clk/X (sky130_fd_sc_hd__clkbuf_16)
                                                         clknet_0_clk (net)
                      0.068028    0.001227    0.300844 ^ clkbuf_1_0__f_clk/A (sky130_fd_sc_hd__clkbuf_16)
     5    0.014705    0.060847    0.213055    0.513899 ^ clkbuf_1_0__f_clk/X (sky130_fd_sc_hd__clkbuf_16)
                                                         clknet_1_0__leaf_clk (net)
                      0.060847    0.000627    0.514526 ^ _38_/CLK (sky130_fd_sc_hd__dfrtp_2)
     3    0.043102    0.343523    0.914753    1.429280 ^ _38_/Q (sky130_fd_sc_hd__dfrtp_2)
                                                         pad_pd_en (net)
                      0.343523    0.001081    1.430361 ^ _18_/A (sky130_fd_sc_hd__and2_2)
     1    0.036520    0.313405    0.570950    2.001311 ^ _18_/X (sky130_fd_sc_hd__and2_2)
                                                         reg_rdata[2] (net)
                      0.313416    0.002275    2.003586 ^ reg_rdata[2] (out)
                                              2.003586   data arrival time

                                  0.000000    0.000000   clock clk (rise edge)
                                  0.000000    0.000000   clock network delay (propagated)
                                  0.250000    0.250000   clock uncertainty
                                  0.000000    0.250000   clock reconvergence pessimism
                                 -2.000000   -1.750000   output external delay
                                             -1.750000   data required time
---------------------------------------------------------------------------------------------
                                             -1.750000   data required time
                                             -2.003586   data arrival time
---------------------------------------------------------------------------------------------
                                              3.753586   slack (MET)


Startpoint: _44_ (rising edge-triggered flip-flop clocked by clk)
Endpoint: reg_rdata[1] (output port clocked by clk)
Path Group: clk
Path Type: min

Fanout         Cap        Slew       Delay        Time   Description
---------------------------------------------------------------------------------------------
                                  0.000000    0.000000   clock clk (rise edge)
                                  0.000000    0.000000   clock source latency
     1    0.012465    0.098057    0.064910    0.064910 ^ clk (in)
                                                         clk (net)
                      0.098064    0.000000    0.064910 ^ clkbuf_0_clk/A (sky130_fd_sc_hd__clkbuf_16)
     2    0.020459    0.068008    0.234707    0.299617 ^ clkbuf_0_clk/X (sky130_fd_sc_hd__clkbuf_16)
                                                         clknet_0_clk (net)
                      0.068028    0.001275    0.300893 ^ clkbuf_1_1__f_clk/A (sky130_fd_sc_hd__clkbuf_16)
     6    0.017448    0.064293    0.216628    0.517521 ^ clkbuf_1_1__f_clk/X (sky130_fd_sc_hd__clkbuf_16)
                                                         clknet_1_1__leaf_clk (net)
                      0.064313    0.001793    0.519314 ^ _44_/CLK (sky130_fd_sc_hd__dfrtp_2)
     2    0.041464    0.332155    0.907495    1.426808 ^ _44_/Q (sky130_fd_sc_hd__dfrtp_2)
                                                         core_din (net)
                      0.332161    0.001933    1.428741 ^ _17_/B2 (sky130_fd_sc_hd__a22o_2)
     1    0.037843    0.321451    0.575193    2.003934 ^ _17_/X (sky130_fd_sc_hd__a22o_2)
                                                         reg_rdata[1] (net)
                      0.321467    0.002580    2.006514 ^ reg_rdata[1] (out)
                                              2.006514   data arrival time

                                  0.000000    0.000000   clock clk (rise edge)
                                  0.000000    0.000000   clock network delay (propagated)
                                  0.250000    0.250000   clock uncertainty
                                  0.000000    0.250000   clock reconvergence pessimism
                                 -2.000000   -1.750000   output external delay
                                             -1.750000   data required time
---------------------------------------------------------------------------------------------
                                             -1.750000   data required time
                                             -2.006514   data arrival time
---------------------------------------------------------------------------------------------
                                              3.756514   slack (MET)


Startpoint: _40_ (rising edge-triggered flip-flop clocked by clk)
Endpoint: reg_rdata[4] (output port clocked by clk)
Path Group: clk
Path Type: min

Fanout         Cap        Slew       Delay        Time   Description
---------------------------------------------------------------------------------------------
                                  0.000000    0.000000   clock clk (rise edge)
                                  0.000000    0.000000   clock source latency
     1    0.012465    0.098057    0.064910    0.064910 ^ clk (in)
                                                         clk (net)
                      0.098064    0.000000    0.064910 ^ clkbuf_0_clk/A (sky130_fd_sc_hd__clkbuf_16)
     2    0.020459    0.068008    0.234707    0.299617 ^ clkbuf_0_clk/X (sky130_fd_sc_hd__clkbuf_16)
                                                         clknet_0_clk (net)
                      0.068028    0.001275    0.300893 ^ clkbuf_1_1__f_clk/A (sky130_fd_sc_hd__clkbuf_16)
     6    0.017448    0.064293    0.216628    0.517521 ^ clkbuf_1_1__f_clk/X (sky130_fd_sc_hd__clkbuf_16)
                                                         clknet_1_1__leaf_clk (net)
                      0.064294    0.001550    0.519071 ^ _40_/CLK (sky130_fd_sc_hd__dfrtp_2)
     3    0.043208    0.344635    0.915821    1.434892 ^ _40_/Q (sky130_fd_sc_hd__dfrtp_2)
                                                         pad_slew[1] (net)
                      0.344656    0.002974    1.437866 ^ _20_/A (sky130_fd_sc_hd__and2_2)
     1    0.036904    0.316240    0.573780    2.011647 ^ _20_/X (sky130_fd_sc_hd__and2_2)
                                                         reg_rdata[4] (net)
                      0.316246    0.001910    2.013557 ^ reg_rdata[4] (out)
                                              2.013557   data arrival time

                                  0.000000    0.000000   clock clk (rise edge)
                                  0.000000    0.000000   clock network delay (propagated)
                                  0.250000    0.250000   clock uncertainty
                                  0.000000    0.250000   clock reconvergence pessimism
                                 -2.000000   -1.750000   output external delay
                                             -1.750000   data required time
---------------------------------------------------------------------------------------------
                                             -1.750000   data required time
                                             -2.013557   data arrival time
---------------------------------------------------------------------------------------------
                                              3.763557   slack (MET)


Startpoint: _42_ (rising edge-triggered flip-flop clocked by clk)
Endpoint: reg_rdata[6] (output port clocked by clk)
Path Group: clk
Path Type: min

Fanout         Cap        Slew       Delay        Time   Description
---------------------------------------------------------------------------------------------
                                  0.000000    0.000000   clock clk (rise edge)
                                  0.000000    0.000000   clock source latency
     1    0.012465    0.098057    0.064910    0.064910 ^ clk (in)
                                                         clk (net)
                      0.098064    0.000000    0.064910 ^ clkbuf_0_clk/A (sky130_fd_sc_hd__clkbuf_16)
     2    0.020459    0.068008    0.234707    0.299617 ^ clkbuf_0_clk/X (sky130_fd_sc_hd__clkbuf_16)
                                                         clknet_0_clk (net)
                      0.068028    0.001275    0.300893 ^ clkbuf_1_1__f_clk/A (sky130_fd_sc_hd__clkbuf_16)
     6    0.017448    0.064293    0.216628    0.517521 ^ clkbuf_1_1__f_clk/X (sky130_fd_sc_hd__clkbuf_16)
                                                         clknet_1_1__leaf_clk (net)
                      0.064293    0.001073    0.518594 ^ _42_/CLK (sky130_fd_sc_hd__dfrtp_2)
     3    0.044868    0.355818    0.925835    1.444430 ^ _42_/Q (sky130_fd_sc_hd__dfrtp_2)
                                                         pad_schmitt_en (net)
                      0.355823    0.001877    1.446307 ^ _22_/A (sky130_fd_sc_hd__and2_2)
     1    0.035085    0.302568    0.568093    2.014400 ^ _22_/X (sky130_fd_sc_hd__and2_2)
                                                         reg_rdata[6] (net)
                      0.302576    0.001944    2.016345 ^ reg_rdata[6] (out)
                                              2.016345   data arrival time

                                  0.000000    0.000000   clock clk (rise edge)
                                  0.000000    0.000000   clock network delay (propagated)
                                  0.250000    0.250000   clock uncertainty
                                  0.000000    0.250000   clock reconvergence pessimism
                                 -2.000000   -1.750000   output external delay
                                             -1.750000   data required time
---------------------------------------------------------------------------------------------
                                             -1.750000   data required time
                                             -2.016345   data arrival time
---------------------------------------------------------------------------------------------
                                              3.766345   slack (MET)


Startpoint: _39_ (rising edge-triggered flip-flop clocked by clk)
Endpoint: reg_rdata[3] (output port clocked by clk)
Path Group: clk
Path Type: min

Fanout         Cap        Slew       Delay        Time   Description
---------------------------------------------------------------------------------------------
                                  0.000000    0.000000   clock clk (rise edge)
                                  0.000000    0.000000   clock source latency
     1    0.012465    0.098057    0.064910    0.064910 ^ clk (in)
                                                         clk (net)
                      0.098064    0.000000    0.064910 ^ clkbuf_0_clk/A (sky130_fd_sc_hd__clkbuf_16)
     2    0.020459    0.068008    0.234707    0.299617 ^ clkbuf_0_clk/X (sky130_fd_sc_hd__clkbuf_16)
                                                         clknet_0_clk (net)
                      0.068028    0.001227    0.300844 ^ clkbuf_1_0__f_clk/A (sky130_fd_sc_hd__clkbuf_16)
     5    0.014705    0.060847    0.213055    0.513899 ^ clkbuf_1_0__f_clk/X (sky130_fd_sc_hd__clkbuf_16)
                                                         clknet_1_0__leaf_clk (net)
                      0.060847    0.000664    0.514563 ^ _39_/CLK (sky130_fd_sc_hd__dfrtp_2)
     3    0.044968    0.356422    0.925034    1.439597 ^ _39_/Q (sky130_fd_sc_hd__dfrtp_2)
                                                         pad_slew[0] (net)
                      0.356422    0.001182    1.440779 ^ _19_/A (sky130_fd_sc_hd__and2_2)
     1    0.036664    0.314586    0.576776    2.017555 ^ _19_/X (sky130_fd_sc_hd__and2_2)
                                                         reg_rdata[3] (net)
                      0.314602    0.002524    2.020079 ^ reg_rdata[3] (out)
                                              2.020079   data arrival time

                                  0.000000    0.000000   clock clk (rise edge)
                                  0.000000    0.000000   clock network delay (propagated)
                                  0.250000    0.250000   clock uncertainty
                                  0.000000    0.250000   clock reconvergence pessimism
                                 -2.000000   -1.750000   output external delay
                                             -1.750000   data required time
---------------------------------------------------------------------------------------------
                                             -1.750000   data required time
                                             -2.020079   data arrival time
---------------------------------------------------------------------------------------------
                                              3.770079   slack (MET)


Startpoint: _36_ (rising edge-triggered flip-flop clocked by clk)
Endpoint: reg_rdata[0] (output port clocked by clk)
Path Group: clk
Path Type: min

Fanout         Cap        Slew       Delay        Time   Description
---------------------------------------------------------------------------------------------
                                  0.000000    0.000000   clock clk (rise edge)
                                  0.000000    0.000000   clock source latency
     1    0.012465    0.098057    0.064910    0.064910 ^ clk (in)
                                                         clk (net)
                      0.098064    0.000000    0.064910 ^ clkbuf_0_clk/A (sky130_fd_sc_hd__clkbuf_16)
     2    0.020459    0.068008    0.234707    0.299617 ^ clkbuf_0_clk/X (sky130_fd_sc_hd__clkbuf_16)
                                                         clknet_0_clk (net)
                      0.068028    0.001275    0.300893 ^ clkbuf_1_1__f_clk/A (sky130_fd_sc_hd__clkbuf_16)
     6    0.017448    0.064293    0.216628    0.517521 ^ clkbuf_1_1__f_clk/X (sky130_fd_sc_hd__clkbuf_16)
                                                         clknet_1_1__leaf_clk (net)
                      0.064294    0.001557    0.519078 ^ _36_/CLK (sky130_fd_sc_hd__dfrtp_2)
     3    0.042040    0.335999    0.911039    1.430117 ^ _36_/Q (sky130_fd_sc_hd__dfrtp_2)
                                                         pad_oe (net)
                      0.336004    0.001795    1.431912 ^ _16_/A1 (sky130_fd_sc_hd__a22o_2)
     1    0.038208    0.324261    0.602606    2.034518 ^ _16_/X (sky130_fd_sc_hd__a22o_2)
                                                         reg_rdata[0] (net)
                      0.324277    0.002624    2.037142 ^ reg_rdata[0] (out)
                                              2.037142   data arrival time

                                  0.000000    0.000000   clock clk (rise edge)
                                  0.000000    0.000000   clock network delay (propagated)
                                  0.250000    0.250000   clock uncertainty
                                  0.000000    0.250000   clock reconvergence pessimism
                                 -2.000000   -1.750000   output external delay
                                             -1.750000   data required time
---------------------------------------------------------------------------------------------
                                             -1.750000   data required time
                                             -2.037142   data arrival time
---------------------------------------------------------------------------------------------
                                              3.787141   slack (MET)


Startpoint: core_dout (input port clocked by clk)
Endpoint: pad_dout (output port clocked by clk)
Path Group: clk
Path Type: min

Fanout         Cap        Slew       Delay        Time   Description
---------------------------------------------------------------------------------------------
                                  0.000000    0.000000   clock clk (rise edge)
                                  0.000000    0.000000   clock network delay (propagated)
                                  2.000000    2.000000 v input external delay
     2    0.006201    0.031905    0.019889    2.019889 v core_dout (in)
                                                         core_dout (net)
                      0.031906    0.000000    2.019889 v _46_/A (sky130_fd_sc_hd__buf_2)
     1    0.034694    0.168086    0.327708    2.347597 v _46_/X (sky130_fd_sc_hd__buf_2)
                                                         pad_dout (net)
                      0.168104    0.001784    2.349381 v pad_dout (out)
                                              2.349381   data arrival time

                                  0.000000    0.000000   clock clk (rise edge)
                                  0.000000    0.000000   clock network delay (propagated)
                                  0.250000    0.250000   clock uncertainty
                                  0.000000    0.250000   clock reconvergence pessimism
                                 -2.000000   -1.750000   output external delay
                                             -1.750000   data required time
---------------------------------------------------------------------------------------------
                                             -1.750000   data required time
                                             -2.349381   data arrival time
---------------------------------------------------------------------------------------------
                                              4.099381   slack (MET)



%OL_END_REPORT
%OL_CREATE_REPORT max.rpt

===========================================================================
report_checks -path_delay max (Setup)
============================================================================
======================= max_ss_100C_1v60 Corner ===================================

Startpoint: reg_addr[1] (input port clocked by clk)
Endpoint: reg_rdata[0] (output port clocked by clk)
Path Group: clk
Path Type: max

Fanout         Cap        Slew       Delay        Time   Description
---------------------------------------------------------------------------------------------
                                  0.000000    0.000000   clock clk (rise edge)
                                  0.000000    0.000000   clock network delay (propagated)
                                  2.000000    2.000000 ^ input external delay
     3    0.009875    0.080285    0.051719    2.051719 ^ reg_addr[1] (in)
                                                         reg_addr[1] (net)
                      0.080286    0.000000    2.051719 ^ _15_/A_N (sky130_fd_sc_hd__and2b_2)
     2    0.006163    0.085560    0.464785    2.516504 v _15_/X (sky130_fd_sc_hd__and2b_2)
                                                         _11_ (net)
                      0.085560    0.000394    2.516898 v _16_/B1 (sky130_fd_sc_hd__a22o_2)
     1    0.038208    0.213282    0.550969    3.067867 v _16_/X (sky130_fd_sc_hd__a22o_2)
                                                         reg_rdata[0] (net)
                      0.213315    0.002623    3.070490 v reg_rdata[0] (out)
                                              3.070490   data arrival time

                                 10.000000   10.000000   clock clk (rise edge)
                                  0.000000   10.000000   clock network delay (propagated)
                                 -0.250000    9.750000   clock uncertainty
                                  0.000000    9.750000   clock reconvergence pessimism
                                 -2.000000    7.750000   output external delay
                                              7.750000   data required time
---------------------------------------------------------------------------------------------
                                              7.750000   data required time
                                             -3.070490   data arrival time
---------------------------------------------------------------------------------------------
                                              4.679510   slack (MET)


Startpoint: reg_addr[1] (input port clocked by clk)
Endpoint: reg_rdata[1] (output port clocked by clk)
Path Group: clk
Path Type: max

Fanout         Cap        Slew       Delay        Time   Description
---------------------------------------------------------------------------------------------
                                  0.000000    0.000000   clock clk (rise edge)
                                  0.000000    0.000000   clock network delay (propagated)
                                  2.000000    2.000000 ^ input external delay
     3    0.009875    0.080285    0.051719    2.051719 ^ reg_addr[1] (in)
                                                         reg_addr[1] (net)
                      0.080286    0.000000    2.051719 ^ _15_/A_N (sky130_fd_sc_hd__and2b_2)
     2    0.006163    0.085560    0.464785    2.516504 v _15_/X (sky130_fd_sc_hd__and2b_2)
                                                         _11_ (net)
                      0.085560    0.000412    2.516916 v _17_/B1 (sky130_fd_sc_hd__a22o_2)
     1    0.037843    0.211795    0.549622    3.066538 v _17_/X (sky130_fd_sc_hd__a22o_2)
                                                         reg_rdata[1] (net)
                      0.211827    0.002579    3.069117 v reg_rdata[1] (out)
                                              3.069117   data arrival time

                                 10.000000   10.000000   clock clk (rise edge)
                                  0.000000   10.000000   clock network delay (propagated)
                                 -0.250000    9.750000   clock uncertainty
                                  0.000000    9.750000   clock reconvergence pessimism
                                 -2.000000    7.750000   output external delay
                                              7.750000   data required time
---------------------------------------------------------------------------------------------
                                              7.750000   data required time
                                             -3.069117   data arrival time
---------------------------------------------------------------------------------------------
                                              4.680883   slack (MET)


Startpoint: reg_addr[1] (input port clocked by clk)
Endpoint: reg_rdata[4] (output port clocked by clk)
Path Group: clk
Path Type: max

Fanout         Cap        Slew       Delay        Time   Description
---------------------------------------------------------------------------------------------
                                  0.000000    0.000000   clock clk (rise edge)
                                  0.000000    0.000000   clock network delay (propagated)
                                  2.000000    2.000000 v input external delay
     3    0.009334    0.044645    0.029452    2.029452 v reg_addr[1] (in)
                                                         reg_addr[1] (net)
                      0.044649    0.000000    2.029452 v _14_/A (sky130_fd_sc_hd__nor2_2)
     8    0.022942    0.428524    0.393470    2.422922 ^ _14_/Y (sky130_fd_sc_hd__nor2_2)
                                                         _10_ (net)
                      0.428535    0.001852    2.424774 ^ _20_/B (sky130_fd_sc_hd__and2_2)
     1    0.036904    0.316789    0.599294    3.024068 ^ _20_/X (sky130_fd_sc_hd__and2_2)
                                                         reg_rdata[4] (net)
                      0.316795    0.001910    3.025978 ^ reg_rdata[4] (out)
                                              3.025978   data arrival time

                                 10.000000   10.000000   clock clk (rise edge)
                                  0.000000   10.000000   clock network delay (propagated)
                                 -0.250000    9.750000   clock uncertainty
                                  0.000000    9.750000   clock reconvergence pessimism
                                 -2.000000    7.750000   output external delay
                                              7.750000   data required time
---------------------------------------------------------------------------------------------
                                              7.750000   data required time
                                             -3.025978   data arrival time
---------------------------------------------------------------------------------------------
                                              4.724022   slack (MET)


Startpoint: reg_addr[1] (input port clocked by clk)
Endpoint: reg_rdata[3] (output port clocked by clk)
Path Group: clk
Path Type: max

Fanout         Cap        Slew       Delay        Time   Description
---------------------------------------------------------------------------------------------
                                  0.000000    0.000000   clock clk (rise edge)
                                  0.000000    0.000000   clock network delay (propagated)
                                  2.000000    2.000000 v input external delay
     3    0.009334    0.044645    0.029452    2.029452 v reg_addr[1] (in)
                                                         reg_addr[1] (net)
                      0.044649    0.000000    2.029452 v _14_/A (sky130_fd_sc_hd__nor2_2)
     8    0.022942    0.428524    0.393470    2.422922 ^ _14_/Y (sky130_fd_sc_hd__nor2_2)
                                                         _10_ (net)
                      0.428537    0.002039    2.424961 ^ _19_/B (sky130_fd_sc_hd__and2_2)
     1    0.036664    0.315099    0.597543    3.022504 ^ _19_/X (sky130_fd_sc_hd__and2_2)
                                                         reg_rdata[3] (net)
                      0.315114    0.002524    3.025028 ^ reg_rdata[3] (out)
                                              3.025028   data arrival time

                                 10.000000   10.000000   clock clk (rise edge)
                                  0.000000   10.000000   clock network delay (propagated)
                                 -0.250000    9.750000   clock uncertainty
                                  0.000000    9.750000   clock reconvergence pessimism
                                 -2.000000    7.750000   output external delay
                                              7.750000   data required time
---------------------------------------------------------------------------------------------
                                              7.750000   data required time
                                             -3.025028   data arrival time
---------------------------------------------------------------------------------------------
                                              4.724972   slack (MET)


Startpoint: reg_addr[1] (input port clocked by clk)
Endpoint: reg_rdata[2] (output port clocked by clk)
Path Group: clk
Path Type: max

Fanout         Cap        Slew       Delay        Time   Description
---------------------------------------------------------------------------------------------
                                  0.000000    0.000000   clock clk (rise edge)
                                  0.000000    0.000000   clock network delay (propagated)
                                  2.000000    2.000000 v input external delay
     3    0.009334    0.044645    0.029452    2.029452 v reg_addr[1] (in)
                                                         reg_addr[1] (net)
                      0.044649    0.000000    2.029452 v _14_/A (sky130_fd_sc_hd__nor2_2)
     8    0.022942    0.428524    0.393470    2.422922 ^ _14_/Y (sky130_fd_sc_hd__nor2_2)
                                                         _10_ (net)
                      0.428527    0.000987    2.423909 ^ _18_/B (sky130_fd_sc_hd__and2_2)
     1    0.036520    0.313957    0.596905    3.020813 ^ _18_/X (sky130_fd_sc_hd__and2_2)
                                                         reg_rdata[2] (net)
                      0.313968    0.002275    3.023089 ^ reg_rdata[2] (out)
                                              3.023089   data arrival time

                                 10.000000   10.000000   clock clk (rise edge)
                                  0.000000   10.000000   clock network delay (propagated)
                                 -0.250000    9.750000   clock uncertainty
                                  0.000000    9.750000   clock reconvergence pessimism
                                 -2.000000    7.750000   output external delay
                                              7.750000   data required time
---------------------------------------------------------------------------------------------
                                              7.750000   data required time
                                             -3.023089   data arrival time
---------------------------------------------------------------------------------------------
                                              4.726912   slack (MET)


Startpoint: reg_addr[1] (input port clocked by clk)
Endpoint: reg_rdata[6] (output port clocked by clk)
Path Group: clk
Path Type: max

Fanout         Cap        Slew       Delay        Time   Description
---------------------------------------------------------------------------------------------
                                  0.000000    0.000000   clock clk (rise edge)
                                  0.000000    0.000000   clock network delay (propagated)
                                  2.000000    2.000000 v input external delay
     3    0.009334    0.044645    0.029452    2.029452 v reg_addr[1] (in)
                                                         reg_addr[1] (net)
                      0.044649    0.000000    2.029452 v _14_/A (sky130_fd_sc_hd__nor2_2)
     8    0.022942    0.428524    0.393470    2.422922 ^ _14_/Y (sky130_fd_sc_hd__nor2_2)
                                                         _10_ (net)
                      0.428538    0.002066    2.424988 ^ _22_/B (sky130_fd_sc_hd__and2_2)
     1    0.035085    0.303066    0.589057    3.014045 ^ _22_/X (sky130_fd_sc_hd__and2_2)
                                                         reg_rdata[6] (net)
                      0.303073    0.001944    3.015990 ^ reg_rdata[6] (out)
                                              3.015990   data arrival time

                                 10.000000   10.000000   clock clk (rise edge)
                                  0.000000   10.000000   clock network delay (propagated)
                                 -0.250000    9.750000   clock uncertainty
                                  0.000000    9.750000   clock reconvergence pessimism
                                 -2.000000    7.750000   output external delay
                                              7.750000   data required time
---------------------------------------------------------------------------------------------
                                              7.750000   data required time
                                             -3.015990   data arrival time
---------------------------------------------------------------------------------------------
                                              4.734011   slack (MET)


Startpoint: reg_addr[1] (input port clocked by clk)
Endpoint: reg_rdata[7] (output port clocked by clk)
Path Group: clk
Path Type: max

Fanout         Cap        Slew       Delay        Time   Description
---------------------------------------------------------------------------------------------
                                  0.000000    0.000000   clock clk (rise edge)
                                  0.000000    0.000000   clock network delay (propagated)
                                  2.000000    2.000000 v input external delay
     3    0.009334    0.044645    0.029452    2.029452 v reg_addr[1] (in)
                                                         reg_addr[1] (net)
                      0.044649    0.000000    2.029452 v _14_/A (sky130_fd_sc_hd__nor2_2)
     8    0.022942    0.428524    0.393470    2.422922 ^ _14_/Y (sky130_fd_sc_hd__nor2_2)
                                                         _10_ (net)
                      0.428536    0.001908    2.424830 ^ _23_/B (sky130_fd_sc_hd__and2_2)
     1    0.034454    0.298268    0.585623    3.010453 ^ _23_/X (sky130_fd_sc_hd__and2_2)
                                                         reg_rdata[7] (net)
                      0.298273    0.001755    3.012208 ^ reg_rdata[7] (out)
                                              3.012208   data arrival time

                                 10.000000   10.000000   clock clk (rise edge)
                                  0.000000   10.000000   clock network delay (propagated)
                                 -0.250000    9.750000   clock uncertainty
                                  0.000000    9.750000   clock reconvergence pessimism
                                 -2.000000    7.750000   output external delay
                                              7.750000   data required time
---------------------------------------------------------------------------------------------
                                              7.750000   data required time
                                             -3.012208   data arrival time
---------------------------------------------------------------------------------------------
                                              4.737792   slack (MET)


Startpoint: reg_addr[1] (input port clocked by clk)
Endpoint: reg_rdata[5] (output port clocked by clk)
Path Group: clk
Path Type: max

Fanout         Cap        Slew       Delay        Time   Description
---------------------------------------------------------------------------------------------
                                  0.000000    0.000000   clock clk (rise edge)
                                  0.000000    0.000000   clock network delay (propagated)
                                  2.000000    2.000000 v input external delay
     3    0.009334    0.044645    0.029452    2.029452 v reg_addr[1] (in)
                                                         reg_addr[1] (net)
                      0.044649    0.000000    2.029452 v _14_/A (sky130_fd_sc_hd__nor2_2)
     8    0.022942    0.428524    0.393470    2.422922 ^ _14_/Y (sky130_fd_sc_hd__nor2_2)
                                                         _10_ (net)
                      0.428538    0.002067    2.424989 ^ _21_/B (sky130_fd_sc_hd__and2_2)
     1    0.034349    0.297469    0.585043    3.010032 ^ _21_/X (sky130_fd_sc_hd__and2_2)
                                                         reg_rdata[5] (net)
                      0.297474    0.001731    3.011763 ^ reg_rdata[5] (out)
                                              3.011763   data arrival time

                                 10.000000   10.000000   clock clk (rise edge)
                                  0.000000   10.000000   clock network delay (propagated)
                                 -0.250000    9.750000   clock uncertainty
                                  0.000000    9.750000   clock reconvergence pessimism
                                 -2.000000    7.750000   output external delay
                                              7.750000   data required time
---------------------------------------------------------------------------------------------
                                              7.750000   data required time
                                             -3.011763   data arrival time
---------------------------------------------------------------------------------------------
                                              4.738236   slack (MET)


Startpoint: core_dout (input port clocked by clk)
Endpoint: pad_dout (output port clocked by clk)
Path Group: clk
Path Type: max

Fanout         Cap        Slew       Delay        Time   Description
---------------------------------------------------------------------------------------------
                                  0.000000    0.000000   clock clk (rise edge)
                                  0.000000    0.000000   clock network delay (propagated)
                                  2.000000    2.000000 ^ input external delay
     2    0.006458    0.057047    0.034854    2.034854 ^ core_dout (in)
                                                         core_dout (net)
                      0.057048    0.000000    2.034854 ^ _46_/A (sky130_fd_sc_hd__buf_2)
     1    0.034694    0.275506    0.339043    2.373897 ^ _46_/X (sky130_fd_sc_hd__buf_2)
                                                         pad_dout (net)
                      0.275513    0.001785    2.375682 ^ pad_dout (out)
                                              2.375682   data arrival time

                                 10.000000   10.000000   clock clk (rise edge)
                                  0.000000   10.000000   clock network delay (propagated)
                                 -0.250000    9.750000   clock uncertainty
                                  0.000000    9.750000   clock reconvergence pessimism
                                 -2.000000    7.750000   output external delay
                                              7.750000   data required time
---------------------------------------------------------------------------------------------
                                              7.750000   data required time
                                             -2.375682   data arrival time
---------------------------------------------------------------------------------------------
                                              5.374318   slack (MET)


Startpoint: reg_addr[1] (input port clocked by clk)
Endpoint: _43_ (rising edge-triggered flip-flop clocked by clk)
Path Group: clk
Path Type: max

Fanout         Cap        Slew       Delay        Time   Description
---------------------------------------------------------------------------------------------
                                  0.000000    0.000000   clock clk (rise edge)
                                  0.000000    0.000000   clock network delay (propagated)
                                  2.000000    2.000000 v input external delay
     3    0.009334    0.044645    0.029398    2.029398 v reg_addr[1] (in)
                                                         reg_addr[1] (net)
                      0.044648    0.000000    2.029398 v _27_/A (sky130_fd_sc_hd__or3b_2)
     8    0.038226    0.342194    1.339477    3.368875 v _27_/X (sky130_fd_sc_hd__or3b_2)
                                                         _13_ (net)
                      0.342195    0.001560    3.370435 v _35_/S (sky130_fd_sc_hd__mux2_1)
     1    0.003863    0.121363    0.816566    4.187001 v _35_/X (sky130_fd_sc_hd__mux2_1)
                                                         _09_ (net)
                      0.121363    0.000232    4.187233 v _43_/D (sky130_fd_sc_hd__dfrtp_2)
                                              4.187233   data arrival time

                                 10.000000   10.000000   clock clk (rise edge)
                                  0.000000   10.000000   clock source latency
     1    0.012465    0.098057    0.064911   10.064911 ^ clk (in)
                                                         clk (net)
                      0.098064    0.000000   10.064911 ^ clkbuf_0_clk/A (sky130_fd_sc_hd__clkbuf_16)
     2    0.020459    0.068008    0.234706   10.299618 ^ clkbuf_0_clk/X (sky130_fd_sc_hd__clkbuf_16)
                                                         clknet_0_clk (net)
                      0.068028    0.001227   10.300844 ^ clkbuf_1_0__f_clk/A (sky130_fd_sc_hd__clkbuf_16)
     5    0.014705    0.060847    0.213055   10.513900 ^ clkbuf_1_0__f_clk/X (sky130_fd_sc_hd__clkbuf_16)
                                                         clknet_1_0__leaf_clk (net)
                      0.060847    0.000673   10.514573 ^ _43_/CLK (sky130_fd_sc_hd__dfrtp_2)
                                 -0.250000   10.264572   clock uncertainty
                                  0.000000   10.264572   clock reconvergence pessimism
                                 -0.300511    9.964062   library setup time
                                              9.964062   data required time
---------------------------------------------------------------------------------------------
                                              9.964062   data required time
                                             -4.187233   data arrival time
---------------------------------------------------------------------------------------------
                                              5.776828   slack (MET)


Startpoint: reg_addr[1] (input port clocked by clk)
Endpoint: _39_ (rising edge-triggered flip-flop clocked by clk)
Path Group: clk
Path Type: max

Fanout         Cap        Slew       Delay        Time   Description
---------------------------------------------------------------------------------------------
                                  0.000000    0.000000   clock clk (rise edge)
                                  0.000000    0.000000   clock network delay (propagated)
                                  2.000000    2.000000 v input external delay
     3    0.009334    0.044645    0.029398    2.029398 v reg_addr[1] (in)
                                                         reg_addr[1] (net)
                      0.044648    0.000000    2.029398 v _27_/A (sky130_fd_sc_hd__or3b_2)
     8    0.038226    0.342194    1.339477    3.368875 v _27_/X (sky130_fd_sc_hd__or3b_2)
                                                         _13_ (net)
                      0.342196    0.001671    3.370546 v _31_/S (sky130_fd_sc_hd__mux2_1)
     1    0.003706    0.119514    0.813833    4.184380 v _31_/X (sky130_fd_sc_hd__mux2_1)
                                                         _05_ (net)
                      0.119514    0.000246    4.184626 v _39_/D (sky130_fd_sc_hd__dfrtp_2)
                                              4.184626   data arrival time

                                 10.000000   10.000000   clock clk (rise edge)
                                  0.000000   10.000000   clock source latency
     1    0.012465    0.098057    0.064911   10.064911 ^ clk (in)
                                                         clk (net)
                      0.098064    0.000000   10.064911 ^ clkbuf_0_clk/A (sky130_fd_sc_hd__clkbuf_16)
     2    0.020459    0.068008    0.234706   10.299618 ^ clkbuf_0_clk/X (sky130_fd_sc_hd__clkbuf_16)
                                                         clknet_0_clk (net)
                      0.068028    0.001227   10.300844 ^ clkbuf_1_0__f_clk/A (sky130_fd_sc_hd__clkbuf_16)
     5    0.014705    0.060847    0.213055   10.513900 ^ clkbuf_1_0__f_clk/X (sky130_fd_sc_hd__clkbuf_16)
                                                         clknet_1_0__leaf_clk (net)
                      0.060847    0.000664   10.514564 ^ _39_/CLK (sky130_fd_sc_hd__dfrtp_2)
                                 -0.250000   10.264564   clock uncertainty
                                  0.000000   10.264564   clock reconvergence pessimism
                                 -0.299738    9.964826   library setup time
                                              9.964826   data required time
---------------------------------------------------------------------------------------------
                                              9.964826   data required time
                                             -4.184626   data arrival time
---------------------------------------------------------------------------------------------
                                              5.780200   slack (MET)


Startpoint: reg_addr[1] (input port clocked by clk)
Endpoint: _36_ (rising edge-triggered flip-flop clocked by clk)
Path Group: clk
Path Type: max

Fanout         Cap        Slew       Delay        Time   Description
---------------------------------------------------------------------------------------------
                                  0.000000    0.000000   clock clk (rise edge)
                                  0.000000    0.000000   clock network delay (propagated)
                                  2.000000    2.000000 v input external delay
     3    0.009334    0.044645    0.029398    2.029398 v reg_addr[1] (in)
                                                         reg_addr[1] (net)
                      0.044648    0.000000    2.029398 v _27_/A (sky130_fd_sc_hd__or3b_2)
     8    0.038226    0.342194    1.339477    3.368875 v _27_/X (sky130_fd_sc_hd__or3b_2)
                                                         _13_ (net)
                      0.342208    0.002571    3.371446 v _28_/S (sky130_fd_sc_hd__mux2_1)
     1    0.003501    0.117208    0.810283    4.181729 v _28_/X (sky130_fd_sc_hd__mux2_1)
                                                         _02_ (net)
                      0.117208    0.000237    4.181966 v _36_/D (sky130_fd_sc_hd__dfrtp_2)
                                              4.181966   data arrival time

                                 10.000000   10.000000   clock clk (rise edge)
                                  0.000000   10.000000   clock source latency
     1    0.012465    0.098057    0.064911   10.064911 ^ clk (in)
                                                         clk (net)
                      0.098064    0.000000   10.064911 ^ clkbuf_0_clk/A (sky130_fd_sc_hd__clkbuf_16)
     2    0.020459    0.068008    0.234706   10.299618 ^ clkbuf_0_clk/X (sky130_fd_sc_hd__clkbuf_16)
                                                         clknet_0_clk (net)
                      0.068028    0.001275   10.300893 ^ clkbuf_1_1__f_clk/A (sky130_fd_sc_hd__clkbuf_16)
     6    0.017448    0.064293    0.216628   10.517521 ^ clkbuf_1_1__f_clk/X (sky130_fd_sc_hd__clkbuf_16)
                                                         clknet_1_1__leaf_clk (net)
                      0.064294    0.001557   10.519078 ^ _36_/CLK (sky130_fd_sc_hd__dfrtp_2)
                                 -0.250000   10.269078   clock uncertainty
                                  0.000000   10.269078   clock reconvergence pessimism
                                 -0.297854    9.971224   library setup time
                                              9.971224   data required time
---------------------------------------------------------------------------------------------
                                              9.971224   data required time
                                             -4.181966   data arrival time
---------------------------------------------------------------------------------------------
                                              5.789258   slack (MET)


Startpoint: reg_addr[1] (input port clocked by clk)
Endpoint: _41_ (rising edge-triggered flip-flop clocked by clk)
Path Group: clk
Path Type: max

Fanout         Cap        Slew       Delay        Time   Description
---------------------------------------------------------------------------------------------
                                  0.000000    0.000000   clock clk (rise edge)
                                  0.000000    0.000000   clock network delay (propagated)
                                  2.000000    2.000000 v input external delay
     3    0.009334    0.044645    0.029398    2.029398 v reg_addr[1] (in)
                                                         reg_addr[1] (net)
                      0.044648    0.000000    2.029398 v _27_/A (sky130_fd_sc_hd__or3b_2)
     8    0.038226    0.342194    1.339477    3.368875 v _27_/X (sky130_fd_sc_hd__or3b_2)
                                                         _13_ (net)
                      0.342201    0.002144    3.371019 v _33_/S (sky130_fd_sc_hd__mux2_1)
     1    0.003279    0.114808    0.806453    4.177473 v _33_/X (sky130_fd_sc_hd__mux2_1)
                                                         _07_ (net)
                      0.114808    0.000209    4.177681 v _41_/D (sky130_fd_sc_hd__dfrtp_2)
                                              4.177681   data arrival time

                                 10.000000   10.000000   clock clk (rise edge)
                                  0.000000   10.000000   clock source latency
     1    0.012465    0.098057    0.064911   10.064911 ^ clk (in)
                                                         clk (net)
                      0.098064    0.000000   10.064911 ^ clkbuf_0_clk/A (sky130_fd_sc_hd__clkbuf_16)
     2    0.020459    0.068008    0.234706   10.299618 ^ clkbuf_0_clk/X (sky130_fd_sc_hd__clkbuf_16)
                                                         clknet_0_clk (net)
                      0.068028    0.001275   10.300893 ^ clkbuf_1_1__f_clk/A (sky130_fd_sc_hd__clkbuf_16)
     6    0.017448    0.064293    0.216628   10.517521 ^ clkbuf_1_1__f_clk/X (sky130_fd_sc_hd__clkbuf_16)
                                                         clknet_1_1__leaf_clk (net)
                      0.064314    0.001868   10.519389 ^ _41_/CLK (sky130_fd_sc_hd__dfrtp_2)
                                 -0.250000   10.269389   clock uncertainty
                                  0.000000   10.269389   clock reconvergence pessimism
                                 -0.296846    9.972543   library setup time
                                              9.972543   data required time
---------------------------------------------------------------------------------------------
                                              9.972543   data required time
                                             -4.177681   data arrival time
---------------------------------------------------------------------------------------------
                                              5.794862   slack (MET)


Startpoint: reg_addr[1] (input port clocked by clk)
Endpoint: _38_ (rising edge-triggered flip-flop clocked by clk)
Path Group: clk
Path Type: max

Fanout         Cap        Slew       Delay        Time   Description
---------------------------------------------------------------------------------------------
                                  0.000000    0.000000   clock clk (rise edge)
                                  0.000000    0.000000   clock network delay (propagated)
                                  2.000000    2.000000 v input external delay
     3    0.009334    0.044645    0.029398    2.029398 v reg_addr[1] (in)
                                                         reg_addr[1] (net)
                      0.044648    0.000000    2.029398 v _27_/A (sky130_fd_sc_hd__or3b_2)
     8    0.038226    0.342194    1.339477    3.368875 v _27_/X (sky130_fd_sc_hd__or3b_2)
                                                         _13_ (net)
                      0.342194    0.001225    3.370100 v _30_/S (sky130_fd_sc_hd__mux2_1)
     1    0.002826    0.110325    0.798629    4.168729 v _30_/X (sky130_fd_sc_hd__mux2_1)
                                                         _04_ (net)
                      0.110325    0.000179    4.168908 v _38_/D (sky130_fd_sc_hd__dfrtp_2)
                                              4.168908   data arrival time

                                 10.000000   10.000000   clock clk (rise edge)
                                  0.000000   10.000000   clock source latency
     1    0.012465    0.098057    0.064911   10.064911 ^ clk (in)
                                                         clk (net)
                      0.098064    0.000000   10.064911 ^ clkbuf_0_clk/A (sky130_fd_sc_hd__clkbuf_16)
     2    0.020459    0.068008    0.234706   10.299618 ^ clkbuf_0_clk/X (sky130_fd_sc_hd__clkbuf_16)
                                                         clknet_0_clk (net)
                      0.068028    0.001227   10.300844 ^ clkbuf_1_0__f_clk/A (sky130_fd_sc_hd__clkbuf_16)
     5    0.014705    0.060847    0.213055   10.513900 ^ clkbuf_1_0__f_clk/X (sky130_fd_sc_hd__clkbuf_16)
                                                         clknet_1_0__leaf_clk (net)
                      0.060847    0.000627   10.514526 ^ _38_/CLK (sky130_fd_sc_hd__dfrtp_2)
                                 -0.250000   10.264526   clock uncertainty
                                  0.000000   10.264526   clock reconvergence pessimism
                                 -0.295898    9.968629   library setup time
                                              9.968629   data required time
---------------------------------------------------------------------------------------------
                                              9.968629   data required time
                                             -4.168908   data arrival time
---------------------------------------------------------------------------------------------
                                              5.799721   slack (MET)


Startpoint: reg_addr[1] (input port clocked by clk)
Endpoint: _42_ (rising edge-triggered flip-flop clocked by clk)
Path Group: clk
Path Type: max

Fanout         Cap        Slew       Delay        Time   Description
---------------------------------------------------------------------------------------------
                                  0.000000    0.000000   clock clk (rise edge)
                                  0.000000    0.000000   clock network delay (propagated)
                                  2.000000    2.000000 v input external delay
     3    0.009334    0.044645    0.029398    2.029398 v reg_addr[1] (in)
                                                         reg_addr[1] (net)
                      0.044648    0.000000    2.029398 v _27_/A (sky130_fd_sc_hd__or3b_2)
     8    0.038226    0.342194    1.339477    3.368875 v _27_/X (sky130_fd_sc_hd__or3b_2)
                                                         _13_ (net)
                      0.342207    0.002500    3.371375 v _34_/S (sky130_fd_sc_hd__mux2_1)
     1    0.002999    0.112008    0.801617    4.172992 v _34_/X (sky130_fd_sc_hd__mux2_1)
                                                         _08_ (net)
                      0.112008    0.000205    4.173197 v _42_/D (sky130_fd_sc_hd__dfrtp_2)
                                              4.173197   data arrival time

                                 10.000000   10.000000   clock clk (rise edge)
                                  0.000000   10.000000   clock source latency
     1    0.012465    0.098057    0.064911   10.064911 ^ clk (in)
                                                         clk (net)
                      0.098064    0.000000   10.064911 ^ clkbuf_0_clk/A (sky130_fd_sc_hd__clkbuf_16)
     2    0.020459    0.068008    0.234706   10.299618 ^ clkbuf_0_clk/X (sky130_fd_sc_hd__clkbuf_16)
                                                         clknet_0_clk (net)
                      0.068028    0.001275   10.300893 ^ clkbuf_1_1__f_clk/A (sky130_fd_sc_hd__clkbuf_16)
     6    0.017448    0.064293    0.216628   10.517521 ^ clkbuf_1_1__f_clk/X (sky130_fd_sc_hd__clkbuf_16)
                                                         clknet_1_1__leaf_clk (net)
                      0.064293    0.001073   10.518595 ^ _42_/CLK (sky130_fd_sc_hd__dfrtp_2)
                                 -0.250000   10.268595   clock uncertainty
                                  0.000000   10.268595   clock reconvergence pessimism
                                 -0.295682    9.972913   library setup time
                                              9.972913   data required time
---------------------------------------------------------------------------------------------
                                              9.972913   data required time
                                             -4.173197   data arrival time
---------------------------------------------------------------------------------------------
                                              5.799716   slack (MET)


Startpoint: reg_addr[1] (input port clocked by clk)
Endpoint: _40_ (rising edge-triggered flip-flop clocked by clk)
Path Group: clk
Path Type: max

Fanout         Cap        Slew       Delay        Time   Description
---------------------------------------------------------------------------------------------
                                  0.000000    0.000000   clock clk (rise edge)
                                  0.000000    0.000000   clock network delay (propagated)
                                  2.000000    2.000000 v input external delay
     3    0.009334    0.044645    0.029398    2.029398 v reg_addr[1] (in)
                                                         reg_addr[1] (net)
                      0.044648    0.000000    2.029398 v _27_/A (sky130_fd_sc_hd__or3b_2)
     8    0.038226    0.342194    1.339477    3.368875 v _27_/X (sky130_fd_sc_hd__or3b_2)
                                                         _13_ (net)
                      0.342202    0.002198    3.371073 v _32_/S (sky130_fd_sc_hd__mux2_1)
     1    0.002669    0.108548    0.795907    4.166981 v _32_/X (sky130_fd_sc_hd__mux2_1)
                                                         _06_ (net)
                      0.108548    0.000194    4.167175 v _40_/D (sky130_fd_sc_hd__dfrtp_2)
                                              4.167175   data arrival time

                                 10.000000   10.000000   clock clk (rise edge)
                                  0.000000   10.000000   clock source latency
     1    0.012465    0.098057    0.064911   10.064911 ^ clk (in)
                                                         clk (net)
                      0.098064    0.000000   10.064911 ^ clkbuf_0_clk/A (sky130_fd_sc_hd__clkbuf_16)
     2    0.020459    0.068008    0.234706   10.299618 ^ clkbuf_0_clk/X (sky130_fd_sc_hd__clkbuf_16)
                                                         clknet_0_clk (net)
                      0.068028    0.001275   10.300893 ^ clkbuf_1_1__f_clk/A (sky130_fd_sc_hd__clkbuf_16)
     6    0.017448    0.064293    0.216628   10.517521 ^ clkbuf_1_1__f_clk/X (sky130_fd_sc_hd__clkbuf_16)
                                                         clknet_1_1__leaf_clk (net)
                      0.064294    0.001550   10.519072 ^ _40_/CLK (sky130_fd_sc_hd__dfrtp_2)
                                 -0.250000   10.269072   clock uncertainty
                                  0.000000   10.269072   clock reconvergence pessimism
                                 -0.294236    9.974835   library setup time
                                              9.974835   data required time
---------------------------------------------------------------------------------------------
                                              9.974835   data required time
                                             -4.167175   data arrival time
---------------------------------------------------------------------------------------------
                                              5.807661   slack (MET)


Startpoint: reg_addr[1] (input port clocked by clk)
Endpoint: _37_ (rising edge-triggered flip-flop clocked by clk)
Path Group: clk
Path Type: max

Fanout         Cap        Slew       Delay        Time   Description
---------------------------------------------------------------------------------------------
                                  0.000000    0.000000   clock clk (rise edge)
                                  0.000000    0.000000   clock network delay (propagated)
                                  2.000000    2.000000 v input external delay
     3    0.009334    0.044645    0.029398    2.029398 v reg_addr[1] (in)
                                                         reg_addr[1] (net)
                      0.044648    0.000000    2.029398 v _27_/A (sky130_fd_sc_hd__or3b_2)
     8    0.038226    0.342194    1.339477    3.368875 v _27_/X (sky130_fd_sc_hd__or3b_2)
                                                         _13_ (net)
                      0.342194    0.001095    3.369970 v _29_/S (sky130_fd_sc_hd__mux2_1)
     1    0.002294    0.105179    0.789433    4.159403 v _29_/X (sky130_fd_sc_hd__mux2_1)
                                                         _03_ (net)
                      0.105179    0.000159    4.159562 v _37_/D (sky130_fd_sc_hd__dfrtp_2)
                                              4.159562   data arrival time

                                 10.000000   10.000000   clock clk (rise edge)
                                  0.000000   10.000000   clock source latency
     1    0.012465    0.098057    0.064911   10.064911 ^ clk (in)
                                                         clk (net)
                      0.098064    0.000000   10.064911 ^ clkbuf_0_clk/A (sky130_fd_sc_hd__clkbuf_16)
     2    0.020459    0.068008    0.234706   10.299618 ^ clkbuf_0_clk/X (sky130_fd_sc_hd__clkbuf_16)
                                                         clknet_0_clk (net)
                      0.068028    0.001227   10.300844 ^ clkbuf_1_0__f_clk/A (sky130_fd_sc_hd__clkbuf_16)
     5    0.014705    0.060847    0.213055   10.513900 ^ clkbuf_1_0__f_clk/X (sky130_fd_sc_hd__clkbuf_16)
                                                         clknet_1_0__leaf_clk (net)
                      0.060847    0.000690   10.514589 ^ _37_/CLK (sky130_fd_sc_hd__dfrtp_2)
                                 -0.250000   10.264589   clock uncertainty
                                  0.000000   10.264589   clock reconvergence pessimism
                                 -0.293748    9.970841   library setup time
                                              9.970841   data required time
---------------------------------------------------------------------------------------------
                                              9.970841   data required time
                                             -4.159562   data arrival time
---------------------------------------------------------------------------------------------
                                              5.811280   slack (MET)


Startpoint: _42_ (rising edge-triggered flip-flop clocked by clk)
Endpoint: pad_schmitt_en (output port clocked by clk)
Path Group: clk
Path Type: max

Fanout         Cap        Slew       Delay        Time   Description
---------------------------------------------------------------------------------------------
                                  0.000000    0.000000   clock clk (rise edge)
                                  0.000000    0.000000   clock source latency
     1    0.012465    0.098057    0.064910    0.064910 ^ clk (in)
                                                         clk (net)
                      0.098064    0.000000    0.064910 ^ clkbuf_0_clk/A (sky130_fd_sc_hd__clkbuf_16)
     2    0.020459    0.068008    0.234707    0.299617 ^ clkbuf_0_clk/X (sky130_fd_sc_hd__clkbuf_16)
                                                         clknet_0_clk (net)
                      0.068028    0.001275    0.300893 ^ clkbuf_1_1__f_clk/A (sky130_fd_sc_hd__clkbuf_16)
     6    0.017448    0.064293    0.216628    0.517521 ^ clkbuf_1_1__f_clk/X (sky130_fd_sc_hd__clkbuf_16)
                                                         clknet_1_1__leaf_clk (net)
                      0.064293    0.001073    0.518594 ^ _42_/CLK (sky130_fd_sc_hd__dfrtp_2)
     3    0.044695    0.252369    0.996161    1.514755 v _42_/Q (sky130_fd_sc_hd__dfrtp_2)
                                                         pad_schmitt_en (net)
                      0.252394    0.002558    1.517313 v pad_schmitt_en (out)
                                              1.517313   data arrival time

                                 10.000000   10.000000   clock clk (rise edge)
                                  0.000000   10.000000   clock network delay (propagated)
                                 -0.250000    9.750000   clock uncertainty
                                  0.000000    9.750000   clock reconvergence pessimism
                                 -2.000000    7.750000   output external delay
                                              7.750000   data required time
---------------------------------------------------------------------------------------------
                                              7.750000   data required time
                                             -1.517313   data arrival time
---------------------------------------------------------------------------------------------
                                              6.232687   slack (MET)


Startpoint: _39_ (rising edge-triggered flip-flop clocked by clk)
Endpoint: pad_slew[0] (output port clocked by clk)
Path Group: clk
Path Type: max

Fanout         Cap        Slew       Delay        Time   Description
---------------------------------------------------------------------------------------------
                                  0.000000    0.000000   clock clk (rise edge)
                                  0.000000    0.000000   clock source latency
     1    0.012465    0.098057    0.064910    0.064910 ^ clk (in)
                                                         clk (net)
                      0.098064    0.000000    0.064910 ^ clkbuf_0_clk/A (sky130_fd_sc_hd__clkbuf_16)
     2    0.020459    0.068008    0.234707    0.299617 ^ clkbuf_0_clk/X (sky130_fd_sc_hd__clkbuf_16)
                                                         clknet_0_clk (net)
                      0.068028    0.001227    0.300844 ^ clkbuf_1_0__f_clk/A (sky130_fd_sc_hd__clkbuf_16)
     5    0.014705    0.060847    0.213055    0.513899 ^ clkbuf_1_0__f_clk/X (sky130_fd_sc_hd__clkbuf_16)
                                                         clknet_1_0__leaf_clk (net)
                      0.060847    0.000664    0.514563 ^ _39_/CLK (sky130_fd_sc_hd__dfrtp_2)
     3    0.044795    0.252641    0.995201    1.509764 v _39_/Q (sky130_fd_sc_hd__dfrtp_2)
                                                         pad_slew[0] (net)
                      0.252659    0.002234    1.511998 v pad_slew[0] (out)
                                              1.511998   data arrival time

                                 10.000000   10.000000   clock clk (rise edge)
                                  0.000000   10.000000   clock network delay (propagated)
                                 -0.250000    9.750000   clock uncertainty
                                  0.000000    9.750000   clock reconvergence pessimism
                                 -2.000000    7.750000   output external delay
                                              7.750000   data required time
---------------------------------------------------------------------------------------------
                                              7.750000   data required time
                                             -1.511998   data arrival time
---------------------------------------------------------------------------------------------
                                              6.238002   slack (MET)


Startpoint: _40_ (rising edge-triggered flip-flop clocked by clk)
Endpoint: pad_slew[1] (output port clocked by clk)
Path Group: clk
Path Type: max

Fanout         Cap        Slew       Delay        Time   Description
---------------------------------------------------------------------------------------------
                                  0.000000    0.000000   clock clk (rise edge)
                                  0.000000    0.000000   clock source latency
     1    0.012465    0.098057    0.064910    0.064910 ^ clk (in)
                                                         clk (net)
                      0.098064    0.000000    0.064910 ^ clkbuf_0_clk/A (sky130_fd_sc_hd__clkbuf_16)
     2    0.020459    0.068008    0.234707    0.299617 ^ clkbuf_0_clk/X (sky130_fd_sc_hd__clkbuf_16)
                                                         clknet_0_clk (net)
                      0.068028    0.001275    0.300893 ^ clkbuf_1_1__f_clk/A (sky130_fd_sc_hd__clkbuf_16)
     6    0.017448    0.064293    0.216628    0.517521 ^ clkbuf_1_1__f_clk/X (sky130_fd_sc_hd__clkbuf_16)
                                                         clknet_1_1__leaf_clk (net)
                      0.064294    0.001550    0.519071 ^ _40_/CLK (sky130_fd_sc_hd__dfrtp_2)
     3    0.043035    0.246001    0.988456    1.507527 v _40_/Q (sky130_fd_sc_hd__dfrtp_2)
                                                         pad_slew[1] (net)
                      0.246086    0.004286    1.511813 v pad_slew[1] (out)
                                              1.511813   data arrival time

                                 10.000000   10.000000   clock clk (rise edge)
                                  0.000000   10.000000   clock network delay (propagated)
                                 -0.250000    9.750000   clock uncertainty
                                  0.000000    9.750000   clock reconvergence pessimism
                                 -2.000000    7.750000   output external delay
                                              7.750000   data required time
---------------------------------------------------------------------------------------------
                                              7.750000   data required time
                                             -1.511813   data arrival time
---------------------------------------------------------------------------------------------
                                              6.238187   slack (MET)


Startpoint: _36_ (rising edge-triggered flip-flop clocked by clk)
Endpoint: pad_oe (output port clocked by clk)
Path Group: clk
Path Type: max

Fanout         Cap        Slew       Delay        Time   Description
---------------------------------------------------------------------------------------------
                                  0.000000    0.000000   clock clk (rise edge)
                                  0.000000    0.000000   clock source latency
     1    0.012465    0.098057    0.064910    0.064910 ^ clk (in)
                                                         clk (net)
                      0.098064    0.000000    0.064910 ^ clkbuf_0_clk/A (sky130_fd_sc_hd__clkbuf_16)
     2    0.020459    0.068008    0.234707    0.299617 ^ clkbuf_0_clk/X (sky130_fd_sc_hd__clkbuf_16)
                                                         clknet_0_clk (net)
                      0.068028    0.001275    0.300893 ^ clkbuf_1_1__f_clk/A (sky130_fd_sc_hd__clkbuf_16)
     6    0.017448    0.064293    0.216628    0.517521 ^ clkbuf_1_1__f_clk/X (sky130_fd_sc_hd__clkbuf_16)
                                                         clknet_1_1__leaf_clk (net)
                      0.064294    0.001557    0.519078 ^ _36_/CLK (sky130_fd_sc_hd__dfrtp_2)
     3    0.041771    0.239765    0.985035    1.504114 v _36_/Q (sky130_fd_sc_hd__dfrtp_2)
                                                         pad_oe (net)
                      0.239779    0.002017    1.506131 v pad_oe (out)
                                              1.506131   data arrival time

                                 10.000000   10.000000   clock clk (rise edge)
                                  0.000000   10.000000   clock network delay (propagated)
                                 -0.250000    9.750000   clock uncertainty
                                  0.000000    9.750000   clock reconvergence pessimism
                                 -2.000000    7.750000   output external delay
                                              7.750000   data required time
---------------------------------------------------------------------------------------------
                                              7.750000   data required time
                                             -1.506131   data arrival time
---------------------------------------------------------------------------------------------
                                              6.243869   slack (MET)


Startpoint: _38_ (rising edge-triggered flip-flop clocked by clk)
Endpoint: pad_pd_en (output port clocked by clk)
Path Group: clk
Path Type: max

Fanout         Cap        Slew       Delay        Time   Description
---------------------------------------------------------------------------------------------
                                  0.000000    0.000000   clock clk (rise edge)
                                  0.000000    0.000000   clock source latency
     1    0.012465    0.098057    0.064910    0.064910 ^ clk (in)
                                                         clk (net)
                      0.098064    0.000000    0.064910 ^ clkbuf_0_clk/A (sky130_fd_sc_hd__clkbuf_16)
     2    0.020459    0.068008    0.234707    0.299617 ^ clkbuf_0_clk/X (sky130_fd_sc_hd__clkbuf_16)
                                                         clknet_0_clk (net)
                      0.068028    0.001227    0.300844 ^ clkbuf_1_0__f_clk/A (sky130_fd_sc_hd__clkbuf_16)
     5    0.014705    0.060847    0.213055    0.513899 ^ clkbuf_1_0__f_clk/X (sky130_fd_sc_hd__clkbuf_16)
                                                         clknet_1_0__leaf_clk (net)
                      0.060847    0.000627    0.514526 ^ _38_/CLK (sky130_fd_sc_hd__dfrtp_2)
     3    0.042929    0.244902    0.987560    1.502087 v _38_/Q (sky130_fd_sc_hd__dfrtp_2)
                                                         pad_pd_en (net)
                      0.244931    0.002678    1.504764 v pad_pd_en (out)
                                              1.504764   data arrival time

                                 10.000000   10.000000   clock clk (rise edge)
                                  0.000000   10.000000   clock network delay (propagated)
                                 -0.250000    9.750000   clock uncertainty
                                  0.000000    9.750000   clock reconvergence pessimism
                                 -2.000000    7.750000   output external delay
                                              7.750000   data required time
---------------------------------------------------------------------------------------------
                                              7.750000   data required time
                                             -1.504764   data arrival time
---------------------------------------------------------------------------------------------
                                              6.245235   slack (MET)


Startpoint: _44_ (rising edge-triggered flip-flop clocked by clk)
Endpoint: core_din (output port clocked by clk)
Path Group: clk
Path Type: max

Fanout         Cap        Slew       Delay        Time   Description
---------------------------------------------------------------------------------------------
                                  0.000000    0.000000   clock clk (rise edge)
                                  0.000000    0.000000   clock source latency
     1    0.012465    0.098057    0.064910    0.064910 ^ clk (in)
                                                         clk (net)
                      0.098064    0.000000    0.064910 ^ clkbuf_0_clk/A (sky130_fd_sc_hd__clkbuf_16)
     2    0.020459    0.068008    0.234707    0.299617 ^ clkbuf_0_clk/X (sky130_fd_sc_hd__clkbuf_16)
                                                         clknet_0_clk (net)
                      0.068028    0.001275    0.300893 ^ clkbuf_1_1__f_clk/A (sky130_fd_sc_hd__clkbuf_16)
     6    0.017448    0.064293    0.216628    0.517521 ^ clkbuf_1_1__f_clk/X (sky130_fd_sc_hd__clkbuf_16)
                                                         clknet_1_1__leaf_clk (net)
                      0.064313    0.001793    0.519314 ^ _44_/CLK (sky130_fd_sc_hd__dfrtp_2)
     2    0.041180    0.237557    0.982231    1.501545 v _44_/Q (sky130_fd_sc_hd__dfrtp_2)
                                                         core_din (net)
                      0.237589    0.002784    1.504329 v core_din (out)
                                              1.504329   data arrival time

                                 10.000000   10.000000   clock clk (rise edge)
                                  0.000000   10.000000   clock network delay (propagated)
                                 -0.250000    9.750000   clock uncertainty
                                  0.000000    9.750000   clock reconvergence pessimism
                                 -2.000000    7.750000   output external delay
                                              7.750000   data required time
---------------------------------------------------------------------------------------------
                                              7.750000   data required time
                                             -1.504329   data arrival time
---------------------------------------------------------------------------------------------
                                              6.245671   slack (MET)


Startpoint: _37_ (rising edge-triggered flip-flop clocked by clk)
Endpoint: pad_pu_en (output port clocked by clk)
Path Group: clk
Path Type: max

Fanout         Cap        Slew       Delay        Time   Description
---------------------------------------------------------------------------------------------
                                  0.000000    0.000000   clock clk (rise edge)
                                  0.000000    0.000000   clock source latency
     1    0.012465    0.098057    0.064910    0.064910 ^ clk (in)
                                                         clk (net)
                      0.098064    0.000000    0.064910 ^ clkbuf_0_clk/A (sky130_fd_sc_hd__clkbuf_16)
     2    0.020459    0.068008    0.234707    0.299617 ^ clkbuf_0_clk/X (sky130_fd_sc_hd__clkbuf_16)
                                                         clknet_0_clk (net)
                      0.068028    0.001227    0.300844 ^ clkbuf_1_0__f_clk/A (sky130_fd_sc_hd__clkbuf_16)
     5    0.014705    0.060847    0.213055    0.513899 ^ clkbuf_1_0__f_clk/X (sky130_fd_sc_hd__clkbuf_16)
                                                         clknet_1_0__leaf_clk (net)
                      0.060847    0.000690    0.514589 ^ _37_/CLK (sky130_fd_sc_hd__dfrtp_2)
     3    0.041486    0.238646    0.982156    1.496745 v _37_/Q (sky130_fd_sc_hd__dfrtp_2)
                                                         pad_pu_en (net)
                      0.238665    0.002240    1.498985 v pad_pu_en (out)
                                              1.498985   data arrival time

                                 10.000000   10.000000   clock clk (rise edge)
                                  0.000000   10.000000   clock network delay (propagated)
                                 -0.250000    9.750000   clock uncertainty
                                  0.000000    9.750000   clock reconvergence pessimism
                                 -2.000000    7.750000   output external delay
                                              7.750000   data required time
---------------------------------------------------------------------------------------------
                                              7.750000   data required time
                                             -1.498985   data arrival time
---------------------------------------------------------------------------------------------
                                              6.251015   slack (MET)


Startpoint: core_dout (input port clocked by clk)
Endpoint: _45_ (rising edge-triggered flip-flop clocked by clk)
Path Group: clk
Path Type: max

Fanout         Cap        Slew       Delay        Time   Description
---------------------------------------------------------------------------------------------
                                  0.000000    0.000000   clock clk (rise edge)
                                  0.000000    0.000000   clock network delay (propagated)
                                  2.000000    2.000000 v input external delay
     2    0.006201    0.031905    0.019933    2.019933 v core_dout (in)
                                                         core_dout (net)
                      0.031907    0.000000    2.019933 v _25_/A1 (sky130_fd_sc_hd__mux2_1)
     1    0.001687    0.099982    0.619048    2.638981 v _25_/X (sky130_fd_sc_hd__mux2_1)
                                                         _12_ (net)
                      0.099982    0.000118    2.639099 v _26_/B (sky130_fd_sc_hd__and2_2)
     1    0.002777    0.069927    0.404129    3.043228 v _26_/X (sky130_fd_sc_hd__and2_2)
                                                         _01_ (net)
                      0.069927    0.000178    3.043407 v _45_/D (sky130_fd_sc_hd__dfrtp_2)
                                              3.043407   data arrival time

                                 10.000000   10.000000   clock clk (rise edge)
                                  0.000000   10.000000   clock source latency
     1    0.012465    0.098057    0.064911   10.064911 ^ clk (in)
                                                         clk (net)
                      0.098064    0.000000   10.064911 ^ clkbuf_0_clk/A (sky130_fd_sc_hd__clkbuf_16)
     2    0.020459    0.068008    0.234706   10.299618 ^ clkbuf_0_clk/X (sky130_fd_sc_hd__clkbuf_16)
                                                         clknet_0_clk (net)
                      0.068028    0.001275   10.300893 ^ clkbuf_1_1__f_clk/A (sky130_fd_sc_hd__clkbuf_16)
     6    0.017448    0.064293    0.216628   10.517521 ^ clkbuf_1_1__f_clk/X (sky130_fd_sc_hd__clkbuf_16)
                                                         clknet_1_1__leaf_clk (net)
                      0.064315    0.001876   10.519397 ^ _45_/CLK (sky130_fd_sc_hd__dfrtp_2)
                                 -0.250000   10.269397   clock uncertainty
                                  0.000000   10.269397   clock reconvergence pessimism
                                 -0.278093    9.991304   library setup time
                                              9.991304   data required time
---------------------------------------------------------------------------------------------
                                              9.991304   data required time
                                             -3.043407   data arrival time
---------------------------------------------------------------------------------------------
                                              6.947897   slack (MET)


Startpoint: _41_ (rising edge-triggered flip-flop clocked by clk)
Endpoint: _44_ (rising edge-triggered flip-flop clocked by clk)
Path Group: clk
Path Type: max

Fanout         Cap        Slew       Delay        Time   Description
---------------------------------------------------------------------------------------------
                                  0.000000    0.000000   clock clk (rise edge)
                                  0.000000    0.000000   clock source latency
     1    0.012465    0.098057    0.064910    0.064910 ^ clk (in)
                                                         clk (net)
                      0.098064    0.000000    0.064910 ^ clkbuf_0_clk/A (sky130_fd_sc_hd__clkbuf_16)
     2    0.020459    0.068008    0.234707    0.299617 ^ clkbuf_0_clk/X (sky130_fd_sc_hd__clkbuf_16)
                                                         clknet_0_clk (net)
                      0.068028    0.001275    0.300893 ^ clkbuf_1_1__f_clk/A (sky130_fd_sc_hd__clkbuf_16)
     6    0.017448    0.064293    0.216628    0.517521 ^ clkbuf_1_1__f_clk/X (sky130_fd_sc_hd__clkbuf_16)
                                                         clknet_1_1__leaf_clk (net)
                      0.064314    0.001868    0.519389 ^ _41_/CLK (sky130_fd_sc_hd__dfrtp_2)
     4    0.012483    0.120638    0.857550    1.376938 v _41_/Q (sky130_fd_sc_hd__dfrtp_2)
                                                         ie (net)
                      0.120638    0.000586    1.377524 v _24_/A (sky130_fd_sc_hd__and2_2)
     1    0.002999    0.070882    0.370860    1.748384 v _24_/X (sky130_fd_sc_hd__and2_2)
                                                         _00_ (net)
                      0.070882    0.000185    1.748569 v _44_/D (sky130_fd_sc_hd__dfrtp_2)
                                              1.748569   data arrival time

                                 10.000000   10.000000   clock clk (rise edge)
                                  0.000000   10.000000   clock source latency
     1    0.012465    0.098057    0.064911   10.064911 ^ clk (in)
                                                         clk (net)
                      0.098064    0.000000   10.064911 ^ clkbuf_0_clk/A (sky130_fd_sc_hd__clkbuf_16)
     2    0.020459    0.068008    0.234706   10.299618 ^ clkbuf_0_clk/X (sky130_fd_sc_hd__clkbuf_16)
                                                         clknet_0_clk (net)
                      0.068028    0.001275   10.300893 ^ clkbuf_1_1__f_clk/A (sky130_fd_sc_hd__clkbuf_16)
     6    0.017448    0.064293    0.216628   10.517521 ^ clkbuf_1_1__f_clk/X (sky130_fd_sc_hd__clkbuf_16)
                                                         clknet_1_1__leaf_clk (net)
                      0.064313    0.001792   10.519314 ^ _44_/CLK (sky130_fd_sc_hd__dfrtp_2)
                                 -0.250000   10.269314   clock uncertainty
                                  0.000000   10.269314   clock reconvergence pessimism
                                 -0.278492    9.990821   library setup time
                                              9.990821   data required time
---------------------------------------------------------------------------------------------
                                              9.990821   data required time
                                             -1.748569   data arrival time
---------------------------------------------------------------------------------------------
                                              8.242252   slack (MET)


Startpoint: rst_n (input port clocked by clk)
Endpoint: _38_ (recovery check against rising-edge clock clk)
Path Group: asynchronous
Path Type: max

Fanout         Cap        Slew       Delay        Time   Description
---------------------------------------------------------------------------------------------
                                  0.000000    0.000000   clock clk (rise edge)
                                  0.000000    0.000000   clock network delay (propagated)
                                  2.000000    2.000000 ^ input external delay
    10    0.044863    0.324076    0.226028    2.226028 ^ rst_n (in)
                                                         rst_n (net)
                      0.324109    0.000000    2.226028 ^ _38_/RESET_B (sky130_fd_sc_hd__dfrtp_2)
                                              2.226028   data arrival time

                                 10.000000   10.000000   clock clk (rise edge)
                                  0.000000   10.000000   clock source latency
     1    0.012465    0.098057    0.064911   10.064911 ^ clk (in)
                                                         clk (net)
                      0.098064    0.000000   10.064911 ^ clkbuf_0_clk/A (sky130_fd_sc_hd__clkbuf_16)
     2    0.020459    0.068008    0.234706   10.299618 ^ clkbuf_0_clk/X (sky130_fd_sc_hd__clkbuf_16)
                                                         clknet_0_clk (net)
                      0.068028    0.001227   10.300844 ^ clkbuf_1_0__f_clk/A (sky130_fd_sc_hd__clkbuf_16)
     5    0.014705    0.060847    0.213055   10.513900 ^ clkbuf_1_0__f_clk/X (sky130_fd_sc_hd__clkbuf_16)
                                                         clknet_1_0__leaf_clk (net)
                      0.060847    0.000627   10.514526 ^ _38_/CLK (sky130_fd_sc_hd__dfrtp_2)
                                 -0.250000   10.264526   clock uncertainty
                                  0.000000   10.264526   clock reconvergence pessimism
                                  0.332811   10.597338   library recovery time
                                             10.597338   data required time
---------------------------------------------------------------------------------------------
                                             10.597338   data required time
                                             -2.226028   data arrival time
---------------------------------------------------------------------------------------------
                                              8.371310   slack (MET)


Startpoint: rst_n (input port clocked by clk)
Endpoint: _37_ (recovery check against rising-edge clock clk)
Path Group: asynchronous
Path Type: max

Fanout         Cap        Slew       Delay        Time   Description
---------------------------------------------------------------------------------------------
                                  0.000000    0.000000   clock clk (rise edge)
                                  0.000000    0.000000   clock network delay (propagated)
                                  2.000000    2.000000 ^ input external delay
    10    0.044863    0.324076    0.226036    2.226036 ^ rst_n (in)
                                                         rst_n (net)
                      0.324109    0.000000    2.226036 ^ _37_/RESET_B (sky130_fd_sc_hd__dfrtp_2)
                                              2.226036   data arrival time

                                 10.000000   10.000000   clock clk (rise edge)
                                  0.000000   10.000000   clock source latency
     1    0.012465    0.098057    0.064911   10.064911 ^ clk (in)
                                                         clk (net)
                      0.098064    0.000000   10.064911 ^ clkbuf_0_clk/A (sky130_fd_sc_hd__clkbuf_16)
     2    0.020459    0.068008    0.234706   10.299618 ^ clkbuf_0_clk/X (sky130_fd_sc_hd__clkbuf_16)
                                                         clknet_0_clk (net)
                      0.068028    0.001227   10.300844 ^ clkbuf_1_0__f_clk/A (sky130_fd_sc_hd__clkbuf_16)
     5    0.014705    0.060847    0.213055   10.513900 ^ clkbuf_1_0__f_clk/X (sky130_fd_sc_hd__clkbuf_16)
                                                         clknet_1_0__leaf_clk (net)
                      0.060847    0.000690   10.514589 ^ _37_/CLK (sky130_fd_sc_hd__dfrtp_2)
                                 -0.250000   10.264589   clock uncertainty
                                  0.000000   10.264589   clock reconvergence pessimism
                                  0.332811   10.597401   library recovery time
                                             10.597401   data required time
---------------------------------------------------------------------------------------------
                                             10.597401   data required time
                                             -2.226036   data arrival time
---------------------------------------------------------------------------------------------
                                              8.371366   slack (MET)


Startpoint: rst_n (input port clocked by clk)
Endpoint: _39_ (recovery check against rising-edge clock clk)
Path Group: asynchronous
Path Type: max

Fanout         Cap        Slew       Delay        Time   Description
---------------------------------------------------------------------------------------------
                                  0.000000    0.000000   clock clk (rise edge)
                                  0.000000    0.000000   clock network delay (propagated)
                                  2.000000    2.000000 ^ input external delay
    10    0.044863    0.324076    0.224498    2.224499 ^ rst_n (in)
                                                         rst_n (net)
                      0.324082    0.000000    2.224499 ^ _39_/RESET_B (sky130_fd_sc_hd__dfrtp_2)
                                              2.224499   data arrival time

                                 10.000000   10.000000   clock clk (rise edge)
                                  0.000000   10.000000   clock source latency
     1    0.012465    0.098057    0.064911   10.064911 ^ clk (in)
                                                         clk (net)
                      0.098064    0.000000   10.064911 ^ clkbuf_0_clk/A (sky130_fd_sc_hd__clkbuf_16)
     2    0.020459    0.068008    0.234706   10.299618 ^ clkbuf_0_clk/X (sky130_fd_sc_hd__clkbuf_16)
                                                         clknet_0_clk (net)
                      0.068028    0.001227   10.300844 ^ clkbuf_1_0__f_clk/A (sky130_fd_sc_hd__clkbuf_16)
     5    0.014705    0.060847    0.213055   10.513900 ^ clkbuf_1_0__f_clk/X (sky130_fd_sc_hd__clkbuf_16)
                                                         clknet_1_0__leaf_clk (net)
                      0.060847    0.000664   10.514564 ^ _39_/CLK (sky130_fd_sc_hd__dfrtp_2)
                                 -0.250000   10.264564   clock uncertainty
                                  0.000000   10.264564   clock reconvergence pessimism
                                  0.332822   10.597386   library recovery time
                                             10.597386   data required time
---------------------------------------------------------------------------------------------
                                             10.597386   data required time
                                             -2.224499   data arrival time
---------------------------------------------------------------------------------------------
                                              8.372889   slack (MET)


Startpoint: rst_n (input port clocked by clk)
Endpoint: _43_ (recovery check against rising-edge clock clk)
Path Group: asynchronous
Path Type: max

Fanout         Cap        Slew       Delay        Time   Description
---------------------------------------------------------------------------------------------
                                  0.000000    0.000000   clock clk (rise edge)
                                  0.000000    0.000000   clock network delay (propagated)
                                  2.000000    2.000000 ^ input external delay
    10    0.044863    0.324076    0.224337    2.224337 ^ rst_n (in)
                                                         rst_n (net)
                      0.324081    0.000000    2.224337 ^ _43_/RESET_B (sky130_fd_sc_hd__dfrtp_2)
                                              2.224337   data arrival time

                                 10.000000   10.000000   clock clk (rise edge)
                                  0.000000   10.000000   clock source latency
     1    0.012465    0.098057    0.064911   10.064911 ^ clk (in)
                                                         clk (net)
                      0.098064    0.000000   10.064911 ^ clkbuf_0_clk/A (sky130_fd_sc_hd__clkbuf_16)
     2    0.020459    0.068008    0.234706   10.299618 ^ clkbuf_0_clk/X (sky130_fd_sc_hd__clkbuf_16)
                                                         clknet_0_clk (net)
                      0.068028    0.001227   10.300844 ^ clkbuf_1_0__f_clk/A (sky130_fd_sc_hd__clkbuf_16)
     5    0.014705    0.060847    0.213055   10.513900 ^ clkbuf_1_0__f_clk/X (sky130_fd_sc_hd__clkbuf_16)
                                                         clknet_1_0__leaf_clk (net)
                      0.060847    0.000673   10.514573 ^ _43_/CLK (sky130_fd_sc_hd__dfrtp_2)
                                 -0.250000   10.264572   clock uncertainty
                                  0.000000   10.264572   clock reconvergence pessimism
                                  0.332823   10.597395   library recovery time
                                             10.597395   data required time
---------------------------------------------------------------------------------------------
                                             10.597395   data required time
                                             -2.224337   data arrival time
---------------------------------------------------------------------------------------------
                                              8.373058   slack (MET)


Startpoint: rst_n (input port clocked by clk)
Endpoint: _44_ (recovery check against rising-edge clock clk)
Path Group: asynchronous
Path Type: max

Fanout         Cap        Slew       Delay        Time   Description
---------------------------------------------------------------------------------------------
                                  0.000000    0.000000   clock clk (rise edge)
                                  0.000000    0.000000   clock network delay (propagated)
                                  2.000000    2.000000 ^ input external delay
    10    0.044863    0.324076    0.225933    2.225933 ^ rst_n (in)
                                                         rst_n (net)
                      0.324107    0.000000    2.225933 ^ _44_/RESET_B (sky130_fd_sc_hd__dfrtp_2)
                                              2.225933   data arrival time

                                 10.000000   10.000000   clock clk (rise edge)
                                  0.000000   10.000000   clock source latency
     1    0.012465    0.098057    0.064911   10.064911 ^ clk (in)
                                                         clk (net)
                      0.098064    0.000000   10.064911 ^ clkbuf_0_clk/A (sky130_fd_sc_hd__clkbuf_16)
     2    0.020459    0.068008    0.234706   10.299618 ^ clkbuf_0_clk/X (sky130_fd_sc_hd__clkbuf_16)
                                                         clknet_0_clk (net)
                      0.068028    0.001275   10.300893 ^ clkbuf_1_1__f_clk/A (sky130_fd_sc_hd__clkbuf_16)
     6    0.017448    0.064293    0.216628   10.517521 ^ clkbuf_1_1__f_clk/X (sky130_fd_sc_hd__clkbuf_16)
                                                         clknet_1_1__leaf_clk (net)
                      0.064313    0.001792   10.519314 ^ _44_/CLK (sky130_fd_sc_hd__dfrtp_2)
                                 -0.250000   10.269314   clock uncertainty
                                  0.000000   10.269314   clock reconvergence pessimism
                                  0.333997   10.603311   library recovery time
                                             10.603311   data required time
---------------------------------------------------------------------------------------------
                                             10.603311   data required time
                                             -2.225933   data arrival time
---------------------------------------------------------------------------------------------
                                              8.377378   slack (MET)


Startpoint: rst_n (input port clocked by clk)
Endpoint: _45_ (recovery check against rising-edge clock clk)
Path Group: asynchronous
Path Type: max

Fanout         Cap        Slew       Delay        Time   Description
---------------------------------------------------------------------------------------------
                                  0.000000    0.000000   clock clk (rise edge)
                                  0.000000    0.000000   clock network delay (propagated)
                                  2.000000    2.000000 ^ input external delay
    10    0.044863    0.324076    0.225943    2.225943 ^ rst_n (in)
                                                         rst_n (net)
                      0.324107    0.000000    2.225943 ^ _45_/RESET_B (sky130_fd_sc_hd__dfrtp_2)
                                              2.225943   data arrival time

                                 10.000000   10.000000   clock clk (rise edge)
                                  0.000000   10.000000   clock source latency
     1    0.012465    0.098057    0.064911   10.064911 ^ clk (in)
                                                         clk (net)
                      0.098064    0.000000   10.064911 ^ clkbuf_0_clk/A (sky130_fd_sc_hd__clkbuf_16)
     2    0.020459    0.068008    0.234706   10.299618 ^ clkbuf_0_clk/X (sky130_fd_sc_hd__clkbuf_16)
                                                         clknet_0_clk (net)
                      0.068028    0.001275   10.300893 ^ clkbuf_1_1__f_clk/A (sky130_fd_sc_hd__clkbuf_16)
     6    0.017448    0.064293    0.216628   10.517521 ^ clkbuf_1_1__f_clk/X (sky130_fd_sc_hd__clkbuf_16)
                                                         clknet_1_1__leaf_clk (net)
                      0.064315    0.001876   10.519397 ^ _45_/CLK (sky130_fd_sc_hd__dfrtp_2)
                                 -0.250000   10.269397   clock uncertainty
                                  0.000000   10.269397   clock reconvergence pessimism
                                  0.333997   10.603394   library recovery time
                                             10.603394   data required time
---------------------------------------------------------------------------------------------
                                             10.603394   data required time
                                             -2.225943   data arrival time
---------------------------------------------------------------------------------------------
                                              8.377452   slack (MET)


Startpoint: rst_n (input port clocked by clk)
Endpoint: _36_ (recovery check against rising-edge clock clk)
Path Group: asynchronous
Path Type: max

Fanout         Cap        Slew       Delay        Time   Description
---------------------------------------------------------------------------------------------
                                  0.000000    0.000000   clock clk (rise edge)
                                  0.000000    0.000000   clock network delay (propagated)
                                  2.000000    2.000000 ^ input external delay
    10    0.044863    0.324076    0.225537    2.225537 ^ rst_n (in)
                                                         rst_n (net)
                      0.324098    0.000000    2.225537 ^ _36_/RESET_B (sky130_fd_sc_hd__dfrtp_2)
                                              2.225537   data arrival time

                                 10.000000   10.000000   clock clk (rise edge)
                                  0.000000   10.000000   clock source latency
     1    0.012465    0.098057    0.064911   10.064911 ^ clk (in)
                                                         clk (net)
                      0.098064    0.000000   10.064911 ^ clkbuf_0_clk/A (sky130_fd_sc_hd__clkbuf_16)
     2    0.020459    0.068008    0.234706   10.299618 ^ clkbuf_0_clk/X (sky130_fd_sc_hd__clkbuf_16)
                                                         clknet_0_clk (net)
                      0.068028    0.001275   10.300893 ^ clkbuf_1_1__f_clk/A (sky130_fd_sc_hd__clkbuf_16)
     6    0.017448    0.064293    0.216628   10.517521 ^ clkbuf_1_1__f_clk/X (sky130_fd_sc_hd__clkbuf_16)
                                                         clknet_1_1__leaf_clk (net)
                      0.064294    0.001557   10.519078 ^ _36_/CLK (sky130_fd_sc_hd__dfrtp_2)
                                 -0.250000   10.269078   clock uncertainty
                                  0.000000   10.269078   clock reconvergence pessimism
                                  0.333994   10.603072   library recovery time
                                             10.603072   data required time
---------------------------------------------------------------------------------------------
                                             10.603072   data required time
                                             -2.225537   data arrival time
---------------------------------------------------------------------------------------------
                                              8.377536   slack (MET)


Startpoint: rst_n (input port clocked by clk)
Endpoint: _42_ (recovery check against rising-edge clock clk)
Path Group: asynchronous
Path Type: max

Fanout         Cap        Slew       Delay        Time   Description
---------------------------------------------------------------------------------------------
                                  0.000000    0.000000   clock clk (rise edge)
                                  0.000000    0.000000   clock network delay (propagated)
                                  2.000000    2.000000 ^ input external delay
    10    0.044863    0.324076    0.224898    2.224898 ^ rst_n (in)
                                                         rst_n (net)
                      0.324087    0.000000    2.224898 ^ _42_/RESET_B (sky130_fd_sc_hd__dfrtp_2)
                                              2.224898   data arrival time

                                 10.000000   10.000000   clock clk (rise edge)
                                  0.000000   10.000000   clock source latency
     1    0.012465    0.098057    0.064911   10.064911 ^ clk (in)
                                                         clk (net)
                      0.098064    0.000000   10.064911 ^ clkbuf_0_clk/A (sky130_fd_sc_hd__clkbuf_16)
     2    0.020459    0.068008    0.234706   10.299618 ^ clkbuf_0_clk/X (sky130_fd_sc_hd__clkbuf_16)
                                                         clknet_0_clk (net)
                      0.068028    0.001275   10.300893 ^ clkbuf_1_1__f_clk/A (sky130_fd_sc_hd__clkbuf_16)
     6    0.017448    0.064293    0.216628   10.517521 ^ clkbuf_1_1__f_clk/X (sky130_fd_sc_hd__clkbuf_16)
                                                         clknet_1_1__leaf_clk (net)
                      0.064293    0.001073   10.518595 ^ _42_/CLK (sky130_fd_sc_hd__dfrtp_2)
                                 -0.250000   10.268595   clock uncertainty
                                  0.000000   10.268595   clock reconvergence pessimism
                                  0.333998   10.602592   library recovery time
                                             10.602592   data required time
---------------------------------------------------------------------------------------------
                                             10.602592   data required time
                                             -2.224898   data arrival time
---------------------------------------------------------------------------------------------
                                              8.377695   slack (MET)


Startpoint: rst_n (input port clocked by clk)
Endpoint: _40_ (recovery check against rising-edge clock clk)
Path Group: asynchronous
Path Type: max

Fanout         Cap        Slew       Delay        Time   Description
---------------------------------------------------------------------------------------------
                                  0.000000    0.000000   clock clk (rise edge)
                                  0.000000    0.000000   clock network delay (propagated)
                                  2.000000    2.000000 ^ input external delay
    10    0.044863    0.324076    0.225242    2.225242 ^ rst_n (in)
                                                         rst_n (net)
                      0.324093    0.000000    2.225242 ^ _40_/RESET_B (sky130_fd_sc_hd__dfrtp_2)
                                              2.225242   data arrival time

                                 10.000000   10.000000   clock clk (rise edge)
                                  0.000000   10.000000   clock source latency
     1    0.012465    0.098057    0.064911   10.064911 ^ clk (in)
                                                         clk (net)
                      0.098064    0.000000   10.064911 ^ clkbuf_0_clk/A (sky130_fd_sc_hd__clkbuf_16)
     2    0.020459    0.068008    0.234706   10.299618 ^ clkbuf_0_clk/X (sky130_fd_sc_hd__clkbuf_16)
                                                         clknet_0_clk (net)
                      0.068028    0.001275   10.300893 ^ clkbuf_1_1__f_clk/A (sky130_fd_sc_hd__clkbuf_16)
     6    0.017448    0.064293    0.216628   10.517521 ^ clkbuf_1_1__f_clk/X (sky130_fd_sc_hd__clkbuf_16)
                                                         clknet_1_1__leaf_clk (net)
                      0.064294    0.001550   10.519072 ^ _40_/CLK (sky130_fd_sc_hd__dfrtp_2)
                                 -0.250000   10.269072   clock uncertainty
                                  0.000000   10.269072   clock reconvergence pessimism
                                  0.333996   10.603067   library recovery time
                                             10.603067   data required time
---------------------------------------------------------------------------------------------
                                             10.603067   data required time
                                             -2.225242   data arrival time
---------------------------------------------------------------------------------------------
                                              8.377825   slack (MET)


Startpoint: rst_n (input port clocked by clk)
Endpoint: _41_ (recovery check against rising-edge clock clk)
Path Group: asynchronous
Path Type: max

Fanout         Cap        Slew       Delay        Time   Description
---------------------------------------------------------------------------------------------
                                  0.000000    0.000000   clock clk (rise edge)
                                  0.000000    0.000000   clock network delay (propagated)
                                  2.000000    2.000000 ^ input external delay
    10    0.044863    0.324076    0.224561    2.224560 ^ rst_n (in)
                                                         rst_n (net)
                      0.324083    0.000000    2.224560 ^ _41_/RESET_B (sky130_fd_sc_hd__dfrtp_2)
                                              2.224560   data arrival time

                                 10.000000   10.000000   clock clk (rise edge)
                                  0.000000   10.000000   clock source latency
     1    0.012465    0.098057    0.064911   10.064911 ^ clk (in)
                                                         clk (net)
                      0.098064    0.000000   10.064911 ^ clkbuf_0_clk/A (sky130_fd_sc_hd__clkbuf_16)
     2    0.020459    0.068008    0.234706   10.299618 ^ clkbuf_0_clk/X (sky130_fd_sc_hd__clkbuf_16)
                                                         clknet_0_clk (net)
                      0.068028    0.001275   10.300893 ^ clkbuf_1_1__f_clk/A (sky130_fd_sc_hd__clkbuf_16)
     6    0.017448    0.064293    0.216628   10.517521 ^ clkbuf_1_1__f_clk/X (sky130_fd_sc_hd__clkbuf_16)
                                                         clknet_1_1__leaf_clk (net)
                      0.064314    0.001868   10.519389 ^ _41_/CLK (sky130_fd_sc_hd__dfrtp_2)
                                 -0.250000   10.269389   clock uncertainty
                                  0.000000   10.269389   clock reconvergence pessimism
                                  0.334007   10.603396   library recovery time
                                             10.603396   data required time
---------------------------------------------------------------------------------------------
                                             10.603396   data required time
                                             -2.224560   data arrival time
---------------------------------------------------------------------------------------------
                                              8.378836   slack (MET)



%OL_END_REPORT
%OL_CREATE_REPORT checks.rpt

===========================================================================
report_checks -unconstrained
===========================================================================
======================= max_ss_100C_1v60 Corner ===================================

Startpoint: rst_n (input port clocked by clk)
Endpoint: _38_ (recovery check against rising-edge clock clk)
Path Group: asynchronous
Path Type: max

Fanout         Cap        Slew       Delay        Time   Description
---------------------------------------------------------------------------------------------
                                  0.000000    0.000000   clock clk (rise edge)
                                  0.000000    0.000000   clock network delay (propagated)
                                  2.000000    2.000000 ^ input external delay
    10    0.044863    0.324076    0.226028    2.226028 ^ rst_n (in)
                                                         rst_n (net)
                      0.324109    0.000000    2.226028 ^ _38_/RESET_B (sky130_fd_sc_hd__dfrtp_2)
                                              2.226028   data arrival time

                                 10.000000   10.000000   clock clk (rise edge)
                                  0.000000   10.000000   clock source latency
     1    0.012465    0.098057    0.064911   10.064911 ^ clk (in)
                                                         clk (net)
                      0.098064    0.000000   10.064911 ^ clkbuf_0_clk/A (sky130_fd_sc_hd__clkbuf_16)
     2    0.020459    0.068008    0.234706   10.299618 ^ clkbuf_0_clk/X (sky130_fd_sc_hd__clkbuf_16)
                                                         clknet_0_clk (net)
                      0.068028    0.001227   10.300844 ^ clkbuf_1_0__f_clk/A (sky130_fd_sc_hd__clkbuf_16)
     5    0.014705    0.060847    0.213055   10.513900 ^ clkbuf_1_0__f_clk/X (sky130_fd_sc_hd__clkbuf_16)
                                                         clknet_1_0__leaf_clk (net)
                      0.060847    0.000627   10.514526 ^ _38_/CLK (sky130_fd_sc_hd__dfrtp_2)
                                 -0.250000   10.264526   clock uncertainty
                                  0.000000   10.264526   clock reconvergence pessimism
                                  0.332811   10.597338   library recovery time
                                             10.597338   data required time
---------------------------------------------------------------------------------------------
                                             10.597338   data required time
                                             -2.226028   data arrival time
---------------------------------------------------------------------------------------------
                                              8.371310   slack (MET)


Startpoint: reg_addr[1] (input port clocked by clk)
Endpoint: reg_rdata[0] (output port clocked by clk)
Path Group: clk
Path Type: max

Fanout         Cap        Slew       Delay        Time   Description
---------------------------------------------------------------------------------------------
                                  0.000000    0.000000   clock clk (rise edge)
                                  0.000000    0.000000   clock network delay (propagated)
                                  2.000000    2.000000 ^ input external delay
     3    0.009875    0.080285    0.051719    2.051719 ^ reg_addr[1] (in)
                                                         reg_addr[1] (net)
                      0.080286    0.000000    2.051719 ^ _15_/A_N (sky130_fd_sc_hd__and2b_2)
     2    0.006163    0.085560    0.464785    2.516504 v _15_/X (sky130_fd_sc_hd__and2b_2)
                                                         _11_ (net)
                      0.085560    0.000394    2.516898 v _16_/B1 (sky130_fd_sc_hd__a22o_2)
     1    0.038208    0.213282    0.550969    3.067867 v _16_/X (sky130_fd_sc_hd__a22o_2)
                                                         reg_rdata[0] (net)
                      0.213315    0.002623    3.070490 v reg_rdata[0] (out)
                                              3.070490   data arrival time

                                 10.000000   10.000000   clock clk (rise edge)
                                  0.000000   10.000000   clock network delay (propagated)
                                 -0.250000    9.750000   clock uncertainty
                                  0.000000    9.750000   clock reconvergence pessimism
                                 -2.000000    7.750000   output external delay
                                              7.750000   data required time
---------------------------------------------------------------------------------------------
                                              7.750000   data required time
                                             -3.070490   data arrival time
---------------------------------------------------------------------------------------------
                                              4.679510   slack (MET)




===========================================================================
report_checks --slack_max -0.01
============================================================================
======================= max_ss_100C_1v60 Corner ===================================

No paths found.


===========================================================================
 report_check_types -max_slew -max_cap -max_fanout -violators
============================================================================
======================= max_ss_100C_1v60 Corner ===================================



===========================================================================
report_parasitic_annotation -report_unannotated
============================================================================
Found 1 unannotated drivers.
 clkload0/X
Found 0 partially unannotated drivers.

===========================================================================
max slew violation count 0
%OL_METRIC_I design__max_slew_violation__count__corner:max_ss_100C_1v60 0
max fanout violation count 0
%OL_METRIC_I design__max_fanout_violation__count__corner:max_ss_100C_1v60 0
max cap violation count 0
%OL_METRIC_I design__max_cap_violation__count__corner:max_ss_100C_1v60 0
============================================================================

===========================================================================
check_setup -verbose -unconstrained_endpoints -multiple_clock -no_clock -no_input_delay -loops -generated_clocks
===========================================================================
%OL_END_REPORT
%OL_CREATE_REPORT power.rpt

===========================================================================
 report_power
============================================================================
======================= max_ss_100C_1v60 Corner ===================================

Group                    Internal    Switching      Leakage        Total
                            Power        Power        Power        Power (Watts)
------------------------------------------------------------------------
Sequential           3.744252e-05 1.280955e-05 1.948112e-07 5.044688e-05  40.3%
Combinational        5.147662e-06 7.191332e-06 1.372043e-07 1.247620e-05  10.0%
Clock                4.857417e-05 1.346868e-05 6.793681e-08 6.211078e-05  49.7%
Macro                0.000000e+00 0.000000e+00 0.000000e+00 0.000000e+00   0.0%
Pad                  0.000000e+00 0.000000e+00 0.000000e+00 0.000000e+00   0.0%
------------------------------------------------------------------------
Total                9.116437e-05 3.346957e-05 3.999523e-07 1.250339e-04 100.0%
                            72.9%        26.8%         0.3%
%OL_METRIC_F power__internal__total 9.116436558542773e-5
%OL_METRIC_F power__switching__total 3.346956509631127e-5
%OL_METRIC_F power__leakage__total 3.999522846243053e-7
%OL_METRIC_F power__total 0.00012503388279583305

%OL_END_REPORT
%OL_CREATE_REPORT skew.min.rpt

===========================================================================
Clock Skew (Hold)
============================================================================
%OL_METRIC_F clock__skew__worst_hold__corner:max_ss_100C_1v60 -0.004824585312259671
======================= max_ss_100C_1v60 Corner ===================================

Clock clk
Latency      CRPR       Skew
_43_/CLK ^
0.514572
_45_/CLK ^
0.519397   0.000000    -0.004825

%OL_END_REPORT
%OL_CREATE_REPORT skew.max.rpt

===========================================================================
Clock Skew (Setup)
============================================================================
%OL_METRIC_F clock__skew__worst_setup__corner:max_ss_100C_1v60 -0.004824585312259671
======================= max_ss_100C_1v60 Corner ===================================

Clock clk
Latency      CRPR       Skew
_43_/CLK ^
0.514572
_45_/CLK ^
0.519397   0.000000    -0.004825

%OL_END_REPORT
%OL_CREATE_REPORT ws.min.rpt

===========================================================================
Worst Slack (Hold)
============================================================================
%OL_METRIC_F timing__hold__ws__corner:max_ss_100C_1v60 0.7215794832555603
max_ss_100C_1v60: 0.7215794832555603
%OL_END_REPORT
%OL_CREATE_REPORT ws.max.rpt

===========================================================================
Worst Slack (Setup)
============================================================================
%OL_METRIC_F timing__setup__ws__corner:max_ss_100C_1v60 4.67951024508285
max_ss_100C_1v60: 4.67951024508285
%OL_END_REPORT
%OL_CREATE_REPORT tns.min.rpt

===========================================================================
Total Negative Slack (Hold)
============================================================================
%OL_METRIC_F timing__hold__tns__corner:max_ss_100C_1v60 0.0
max_ss_100C_1v60: 0.0
%OL_END_REPORT
%OL_CREATE_REPORT tns.max.rpt

===========================================================================
Total Negative Slack (Setup)
============================================================================
%OL_METRIC_F timing__setup__tns__corner:max_ss_100C_1v60 0.0
max_ss_100C_1v60: 0.0
%OL_END_REPORT
%OL_CREATE_REPORT wns.min.rpt

===========================================================================
Worst Negative Slack (Hold)
============================================================================
%OL_METRIC_F timing__hold__wns__corner:max_ss_100C_1v60 0
max_ss_100C_1v60: 0
%OL_END_REPORT
%OL_CREATE_REPORT wns.max.rpt

===========================================================================
Worst Negative Slack (Setup)
============================================================================
%OL_METRIC_F timing__setup__wns__corner:max_ss_100C_1v60 0.0
max_ss_100C_1v60: 0.0
%OL_END_REPORT
%OL_CREATE_REPORT violator_list.rpt

===========================================================================
Violator List
============================================================================
%OL_METRIC_I timing__hold_vio__count__corner:max_ss_100C_1v60 0
%OL_METRIC_F timing__hold_r2r__ws__corner:max_ss_100C_1v60 0.753631
%OL_METRIC_I timing__hold_r2r_vio__count__corner:max_ss_100C_1v60 0
%OL_METRIC_I timing__setup_vio__count__corner:max_ss_100C_1v60 0
%OL_METRIC_F timing__setup_r2r__ws__corner:max_ss_100C_1v60 8.242252
%OL_METRIC_I timing__setup_r2r_vio__count__corner:max_ss_100C_1v60 0
%OL_END_REPORT
%OL_CREATE_REPORT unpropagated.rpt
%OL_END_REPORT
Writing SDF files for all corners…
Removing Clock latencies before writing libs…
Writing timing models for all corners…
Writing timing models for the max_ss_100C_1v60 corner to /content/openlane_run/32-openroad-stapostpnr/max_ss_100C_1v60/io_pad_wrapper__max_ss_100C_1v60.lib…
