
===========================================================================
report_checks -path_delay min (Hold)
============================================================================
======================= min_tt_025C_1v80 Corner ===================================

Startpoint: _45_ (rising edge-triggered flip-flop clocked by clk)
Endpoint: _44_ (rising edge-triggered flip-flop clocked by clk)
Path Group: clk
Path Type: min

Fanout         Cap        Slew       Delay        Time   Description
---------------------------------------------------------------------------------------------
                                  0.000000    0.000000   clock clk (rise edge)
                                  0.000000    0.000000   clock source latency
     1    0.011836    0.059623    0.040002    0.040002 ^ clk (in)
                                                         clk (net)
                      0.059624    0.000000    0.040002 ^ clkbuf_0_clk/A (sky130_fd_sc_hd__clkbuf_16)
     2    0.019500    0.041427    0.130282    0.170284 ^ clkbuf_0_clk/X (sky130_fd_sc_hd__clkbuf_16)
                                                         clknet_0_clk (net)
                      0.041427    0.000223    0.170507 ^ clkbuf_1_1__f_clk/A (sky130_fd_sc_hd__clkbuf_16)
     6    0.016743    0.039069    0.120963    0.291470 ^ clkbuf_1_1__f_clk/X (sky130_fd_sc_hd__clkbuf_16)
                                                         clknet_1_1__leaf_clk (net)
                      0.039078    0.000392    0.291863 ^ _45_/CLK (sky130_fd_sc_hd__dfrtp_2)
     1    0.002322    0.036113    0.325398    0.617261 ^ _45_/Q (sky130_fd_sc_hd__dfrtp_2)
                                                         sync_ff1 (net)
                      0.036113    0.000023    0.617283 ^ _24_/B (sky130_fd_sc_hd__and2_2)
     1    0.002929    0.037348    0.125553    0.742836 ^ _24_/X (sky130_fd_sc_hd__and2_2)
                                                         _00_ (net)
                      0.037348    0.000032    0.742868 ^ _44_/D (sky130_fd_sc_hd__dfrtp_2)
                                              0.742868   data arrival time

                                  0.000000    0.000000   clock clk (rise edge)
                                  0.000000    0.000000   clock source latency
     1    0.011836    0.059623    0.040002    0.040002 ^ clk (in)
                                                         clk (net)
                      0.059624    0.000000    0.040002 ^ clkbuf_0_clk/A (sky130_fd_sc_hd__clkbuf_16)
     2    0.019500    0.041427    0.130282    0.170284 ^ clkbuf_0_clk/X (sky130_fd_sc_hd__clkbuf_16)
                                                         clknet_0_clk (net)
                      0.041427    0.000223    0.170507 ^ clkbuf_1_1__f_clk/A (sky130_fd_sc_hd__clkbuf_16)
     6    0.016743    0.039069    0.120963    0.291470 ^ clkbuf_1_1__f_clk/X (sky130_fd_sc_hd__clkbuf_16)
                                                         clknet_1_1__leaf_clk (net)
                      0.039078    0.000359    0.291829 ^ _44_/CLK (sky130_fd_sc_hd__dfrtp_2)
                                  0.250000    0.541829   clock uncertainty
                                  0.000000    0.541829   clock reconvergence pessimism
                                 -0.033900    0.507929   library hold time
                                              0.507929   data required time
---------------------------------------------------------------------------------------------
                                              0.507929   data required time
                                             -0.742868   data arrival time
---------------------------------------------------------------------------------------------
                                              0.234939   slack (MET)


Startpoint: _41_ (rising edge-triggered flip-flop clocked by clk)
Endpoint: _41_ (rising edge-triggered flip-flop clocked by clk)
Path Group: clk
Path Type: min

Fanout         Cap        Slew       Delay        Time   Description
---------------------------------------------------------------------------------------------
                                  0.000000    0.000000   clock clk (rise edge)
                                  0.000000    0.000000   clock source latency
     1    0.011836    0.059623    0.040002    0.040002 ^ clk (in)
                                                         clk (net)
                      0.059624    0.000000    0.040002 ^ clkbuf_0_clk/A (sky130_fd_sc_hd__clkbuf_16)
     2    0.019500    0.041427    0.130282    0.170284 ^ clkbuf_0_clk/X (sky130_fd_sc_hd__clkbuf_16)
                                                         clknet_0_clk (net)
                      0.041427    0.000223    0.170507 ^ clkbuf_1_1__f_clk/A (sky130_fd_sc_hd__clkbuf_16)
     6    0.016743    0.039069    0.120963    0.291470 ^ clkbuf_1_1__f_clk/X (sky130_fd_sc_hd__clkbuf_16)
                                                         clknet_1_1__leaf_clk (net)
                      0.039078    0.000388    0.291858 ^ _41_/CLK (sky130_fd_sc_hd__dfrtp_2)
     4    0.011804    0.076801    0.369284    0.661142 ^ _41_/Q (sky130_fd_sc_hd__dfrtp_2)
                                                         ie (net)
                      0.076801    0.000132    0.661274 ^ _33_/A1 (sky130_fd_sc_hd__mux2_1)
     1    0.003133    0.043855    0.130669    0.791943 ^ _33_/X (sky130_fd_sc_hd__mux2_1)
                                                         _07_ (net)
                      0.043855    0.000036    0.791979 ^ _41_/D (sky130_fd_sc_hd__dfrtp_2)
                                              0.791979   data arrival time

                                  0.000000    0.000000   clock clk (rise edge)
                                  0.000000    0.000000   clock source latency
     1    0.011836    0.059623    0.040002    0.040002 ^ clk (in)
                                                         clk (net)
                      0.059624    0.000000    0.040002 ^ clkbuf_0_clk/A (sky130_fd_sc_hd__clkbuf_16)
     2    0.019500    0.041427    0.130282    0.170284 ^ clkbuf_0_clk/X (sky130_fd_sc_hd__clkbuf_16)
                                                         clknet_0_clk (net)
                      0.041427    0.000223    0.170507 ^ clkbuf_1_1__f_clk/A (sky130_fd_sc_hd__clkbuf_16)
     6    0.016743    0.039069    0.120963    0.291470 ^ clkbuf_1_1__f_clk/X (sky130_fd_sc_hd__clkbuf_16)
                                                         clknet_1_1__leaf_clk (net)
                      0.039078    0.000388    0.291858 ^ _41_/CLK (sky130_fd_sc_hd__dfrtp_2)
                                  0.250000    0.541858   clock uncertainty
                                  0.000000    0.541858   clock reconvergence pessimism
                                 -0.035249    0.506609   library hold time
                                              0.506609   data required time
---------------------------------------------------------------------------------------------
                                              0.506609   data required time
                                             -0.791979   data arrival time
---------------------------------------------------------------------------------------------
                                              0.285370   slack (MET)


Startpoint: _41_ (rising edge-triggered flip-flop clocked by clk)
Endpoint: _45_ (rising edge-triggered flip-flop clocked by clk)
Path Group: clk
Path Type: min

Fanout         Cap        Slew       Delay        Time   Description
---------------------------------------------------------------------------------------------
                                  0.000000    0.000000   clock clk (rise edge)
                                  0.000000    0.000000   clock source latency
     1    0.011836    0.059623    0.040002    0.040002 ^ clk (in)
                                                         clk (net)
                      0.059624    0.000000    0.040002 ^ clkbuf_0_clk/A (sky130_fd_sc_hd__clkbuf_16)
     2    0.019500    0.041427    0.130282    0.170284 ^ clkbuf_0_clk/X (sky130_fd_sc_hd__clkbuf_16)
                                                         clknet_0_clk (net)
                      0.041427    0.000223    0.170507 ^ clkbuf_1_1__f_clk/A (sky130_fd_sc_hd__clkbuf_16)
     6    0.016743    0.039069    0.120963    0.291470 ^ clkbuf_1_1__f_clk/X (sky130_fd_sc_hd__clkbuf_16)
                                                         clknet_1_1__leaf_clk (net)
                      0.039078    0.000388    0.291858 ^ _41_/CLK (sky130_fd_sc_hd__dfrtp_2)
     4    0.011804    0.076801    0.369284    0.661142 ^ _41_/Q (sky130_fd_sc_hd__dfrtp_2)
                                                         ie (net)
                      0.076801    0.000167    0.661310 ^ _26_/A (sky130_fd_sc_hd__and2_2)
     1    0.002747    0.036575    0.134079    0.795388 ^ _26_/X (sky130_fd_sc_hd__and2_2)
                                                         _01_ (net)
                      0.036575    0.000031    0.795419 ^ _45_/D (sky130_fd_sc_hd__dfrtp_2)
                                              0.795419   data arrival time

                                  0.000000    0.000000   clock clk (rise edge)
                                  0.000000    0.000000   clock source latency
     1    0.011836    0.059623    0.040002    0.040002 ^ clk (in)
                                                         clk (net)
                      0.059624    0.000000    0.040002 ^ clkbuf_0_clk/A (sky130_fd_sc_hd__clkbuf_16)
     2    0.019500    0.041427    0.130282    0.170284 ^ clkbuf_0_clk/X (sky130_fd_sc_hd__clkbuf_16)
                                                         clknet_0_clk (net)
                      0.041427    0.000223    0.170507 ^ clkbuf_1_1__f_clk/A (sky130_fd_sc_hd__clkbuf_16)
     6    0.016743    0.039069    0.120963    0.291470 ^ clkbuf_1_1__f_clk/X (sky130_fd_sc_hd__clkbuf_16)
                                                         clknet_1_1__leaf_clk (net)
                      0.039078    0.000392    0.291863 ^ _45_/CLK (sky130_fd_sc_hd__dfrtp_2)
                                  0.250000    0.541863   clock uncertainty
                                  0.000000    0.541863   clock reconvergence pessimism
                                 -0.033740    0.508122   library hold time
                                              0.508122   data required time
---------------------------------------------------------------------------------------------
                                              0.508122   data required time
                                             -0.795419   data arrival time
---------------------------------------------------------------------------------------------
                                              0.287297   slack (MET)


Startpoint: _43_ (rising edge-triggered flip-flop clocked by clk)
Endpoint: _43_ (rising edge-triggered flip-flop clocked by clk)
Path Group: clk
Path Type: min

Fanout         Cap        Slew       Delay        Time   Description
---------------------------------------------------------------------------------------------
                                  0.000000    0.000000   clock clk (rise edge)
                                  0.000000    0.000000   clock source latency
     1    0.011836    0.059623    0.040002    0.040002 ^ clk (in)
                                                         clk (net)
                      0.059624    0.000000    0.040002 ^ clkbuf_0_clk/A (sky130_fd_sc_hd__clkbuf_16)
     2    0.019500    0.041427    0.130282    0.170284 ^ clkbuf_0_clk/X (sky130_fd_sc_hd__clkbuf_16)
                                                         clknet_0_clk (net)
                      0.041427    0.000197    0.170481 ^ clkbuf_1_0__f_clk/A (sky130_fd_sc_hd__clkbuf_16)
     5    0.014464    0.037133    0.118850    0.289332 ^ clkbuf_1_0__f_clk/X (sky130_fd_sc_hd__clkbuf_16)
                                                         clknet_1_0__leaf_clk (net)
                      0.037133    0.000122    0.289454 ^ _43_/CLK (sky130_fd_sc_hd__dfrtp_2)
     3    0.014925    0.088807    0.379964    0.669418 ^ _43_/Q (sky130_fd_sc_hd__dfrtp_2)
                                                         loopback_en (net)
                      0.088807    0.000268    0.669685 ^ _35_/A1 (sky130_fd_sc_hd__mux2_1)
     1    0.003676    0.048012    0.138854    0.808540 ^ _35_/X (sky130_fd_sc_hd__mux2_1)
                                                         _09_ (net)
                      0.048012    0.000048    0.808588 ^ _43_/D (sky130_fd_sc_hd__dfrtp_2)
                                              0.808588   data arrival time

                                  0.000000    0.000000   clock clk (rise edge)
                                  0.000000    0.000000   clock source latency
     1    0.011836    0.059623    0.040002    0.040002 ^ clk (in)
                                                         clk (net)
                      0.059624    0.000000    0.040002 ^ clkbuf_0_clk/A (sky130_fd_sc_hd__clkbuf_16)
     2    0.019500    0.041427    0.130282    0.170284 ^ clkbuf_0_clk/X (sky130_fd_sc_hd__clkbuf_16)
                                                         clknet_0_clk (net)
                      0.041427    0.000197    0.170481 ^ clkbuf_1_0__f_clk/A (sky130_fd_sc_hd__clkbuf_16)
     5    0.014464    0.037133    0.118850    0.289332 ^ clkbuf_1_0__f_clk/X (sky130_fd_sc_hd__clkbuf_16)
                                                         clknet_1_0__leaf_clk (net)
                      0.037133    0.000122    0.289454 ^ _43_/CLK (sky130_fd_sc_hd__dfrtp_2)
                                  0.250000    0.539454   clock uncertainty
                                  0.000000    0.539454   clock reconvergence pessimism
                                 -0.036377    0.503077   library hold time
                                              0.503077   data required time
---------------------------------------------------------------------------------------------
                                              0.503077   data required time
                                             -0.808588   data arrival time
---------------------------------------------------------------------------------------------
                                              0.305511   slack (MET)


Startpoint: _37_ (rising edge-triggered flip-flop clocked by clk)
Endpoint: _37_ (rising edge-triggered flip-flop clocked by clk)
Path Group: clk
Path Type: min

Fanout         Cap        Slew       Delay        Time   Description
---------------------------------------------------------------------------------------------
                                  0.000000    0.000000   clock clk (rise edge)
                                  0.000000    0.000000   clock source latency
     1    0.011836    0.059623    0.040002    0.040002 ^ clk (in)
                                                         clk (net)
                      0.059624    0.000000    0.040002 ^ clkbuf_0_clk/A (sky130_fd_sc_hd__clkbuf_16)
     2    0.019500    0.041427    0.130282    0.170284 ^ clkbuf_0_clk/X (sky130_fd_sc_hd__clkbuf_16)
                                                         clknet_0_clk (net)
                      0.041427    0.000197    0.170481 ^ clkbuf_1_0__f_clk/A (sky130_fd_sc_hd__clkbuf_16)
     5    0.014464    0.037133    0.118850    0.289332 ^ clkbuf_1_0__f_clk/X (sky130_fd_sc_hd__clkbuf_16)
                                                         clknet_1_0__leaf_clk (net)
                      0.037133    0.000130    0.289462 ^ _37_/CLK (sky130_fd_sc_hd__dfrtp_2)
     3    0.041091    0.201767    0.468792    0.758254 ^ _37_/Q (sky130_fd_sc_hd__dfrtp_2)
                                                         pad_pu_en (net)
                      0.201767    0.000312    0.758566 ^ _29_/A1 (sky130_fd_sc_hd__mux2_1)
     1    0.002375    0.038141    0.159630    0.918196 ^ _29_/X (sky130_fd_sc_hd__mux2_1)
                                                         _03_ (net)
                      0.038141    0.000021    0.918217 ^ _37_/D (sky130_fd_sc_hd__dfrtp_2)
                                              0.918217   data arrival time

                                  0.000000    0.000000   clock clk (rise edge)
                                  0.000000    0.000000   clock source latency
     1    0.011836    0.059623    0.040002    0.040002 ^ clk (in)
                                                         clk (net)
                      0.059624    0.000000    0.040002 ^ clkbuf_0_clk/A (sky130_fd_sc_hd__clkbuf_16)
     2    0.019500    0.041427    0.130282    0.170284 ^ clkbuf_0_clk/X (sky130_fd_sc_hd__clkbuf_16)
                                                         clknet_0_clk (net)
                      0.041427    0.000197    0.170481 ^ clkbuf_1_0__f_clk/A (sky130_fd_sc_hd__clkbuf_16)
     5    0.014464    0.037133    0.118850    0.289332 ^ clkbuf_1_0__f_clk/X (sky130_fd_sc_hd__clkbuf_16)
                                                         clknet_1_0__leaf_clk (net)
                      0.037133    0.000130    0.289462 ^ _37_/CLK (sky130_fd_sc_hd__dfrtp_2)
                                  0.250000    0.539462   clock uncertainty
                                  0.000000    0.539462   clock reconvergence pessimism
                                 -0.034330    0.505131   library hold time
                                              0.505131   data required time
---------------------------------------------------------------------------------------------
                                              0.505131   data required time
                                             -0.918217   data arrival time
---------------------------------------------------------------------------------------------
                                              0.413085   slack (MET)


Startpoint: _40_ (rising edge-triggered flip-flop clocked by clk)
Endpoint: _40_ (rising edge-triggered flip-flop clocked by clk)
Path Group: clk
Path Type: min

Fanout         Cap        Slew       Delay        Time   Description
---------------------------------------------------------------------------------------------
                                  0.000000    0.000000   clock clk (rise edge)
                                  0.000000    0.000000   clock source latency
     1    0.011836    0.059623    0.040002    0.040002 ^ clk (in)
                                                         clk (net)
                      0.059624    0.000000    0.040002 ^ clkbuf_0_clk/A (sky130_fd_sc_hd__clkbuf_16)
     2    0.019500    0.041427    0.130282    0.170284 ^ clkbuf_0_clk/X (sky130_fd_sc_hd__clkbuf_16)
                                                         clknet_0_clk (net)
                      0.041427    0.000223    0.170507 ^ clkbuf_1_1__f_clk/A (sky130_fd_sc_hd__clkbuf_16)
     6    0.016743    0.039069    0.120963    0.291470 ^ clkbuf_1_1__f_clk/X (sky130_fd_sc_hd__clkbuf_16)
                                                         clknet_1_1__leaf_clk (net)
                      0.039077    0.000288    0.291758 ^ _40_/CLK (sky130_fd_sc_hd__dfrtp_2)
     3    0.042261    0.207185    0.472837    0.764595 ^ _40_/Q (sky130_fd_sc_hd__dfrtp_2)
                                                         pad_slew[1] (net)
                      0.207185    0.000377    0.764973 ^ _32_/A1 (sky130_fd_sc_hd__mux2_1)
     1    0.002681    0.040415    0.163498    0.928470 ^ _32_/X (sky130_fd_sc_hd__mux2_1)
                                                         _06_ (net)
                      0.040415    0.000028    0.928499 ^ _40_/D (sky130_fd_sc_hd__dfrtp_2)
                                              0.928499   data arrival time

                                  0.000000    0.000000   clock clk (rise edge)
                                  0.000000    0.000000   clock source latency
     1    0.011836    0.059623    0.040002    0.040002 ^ clk (in)
                                                         clk (net)
                      0.059624    0.000000    0.040002 ^ clkbuf_0_clk/A (sky130_fd_sc_hd__clkbuf_16)
     2    0.019500    0.041427    0.130282    0.170284 ^ clkbuf_0_clk/X (sky130_fd_sc_hd__clkbuf_16)
                                                         clknet_0_clk (net)
                      0.041427    0.000223    0.170507 ^ clkbuf_1_1__f_clk/A (sky130_fd_sc_hd__clkbuf_16)
     6    0.016743    0.039069    0.120963    0.291470 ^ clkbuf_1_1__f_clk/X (sky130_fd_sc_hd__clkbuf_16)
                                                         clknet_1_1__leaf_clk (net)
                      0.039077    0.000288    0.291758 ^ _40_/CLK (sky130_fd_sc_hd__dfrtp_2)
                                  0.250000    0.541758   clock uncertainty
                                  0.000000    0.541758   clock reconvergence pessimism
                                 -0.034536    0.507222   library hold time
                                              0.507222   data required time
---------------------------------------------------------------------------------------------
                                              0.507222   data required time
                                             -0.928499   data arrival time
---------------------------------------------------------------------------------------------
                                              0.421276   slack (MET)


Startpoint: _38_ (rising edge-triggered flip-flop clocked by clk)
Endpoint: _38_ (rising edge-triggered flip-flop clocked by clk)
Path Group: clk
Path Type: min

Fanout         Cap        Slew       Delay        Time   Description
---------------------------------------------------------------------------------------------
                                  0.000000    0.000000   clock clk (rise edge)
                                  0.000000    0.000000   clock source latency
     1    0.011836    0.059623    0.040002    0.040002 ^ clk (in)
                                                         clk (net)
                      0.059624    0.000000    0.040002 ^ clkbuf_0_clk/A (sky130_fd_sc_hd__clkbuf_16)
     2    0.019500    0.041427    0.130282    0.170284 ^ clkbuf_0_clk/X (sky130_fd_sc_hd__clkbuf_16)
                                                         clknet_0_clk (net)
                      0.041427    0.000197    0.170481 ^ clkbuf_1_0__f_clk/A (sky130_fd_sc_hd__clkbuf_16)
     5    0.014464    0.037133    0.118850    0.289332 ^ clkbuf_1_0__f_clk/X (sky130_fd_sc_hd__clkbuf_16)
                                                         clknet_1_0__leaf_clk (net)
                      0.037133    0.000106    0.289438 ^ _38_/CLK (sky130_fd_sc_hd__dfrtp_2)
     3    0.042079    0.206298    0.471805    0.761242 ^ _38_/Q (sky130_fd_sc_hd__dfrtp_2)
                                                         pad_pd_en (net)
                      0.206298    0.000379    0.761621 ^ _30_/A1 (sky130_fd_sc_hd__mux2_1)
     1    0.002800    0.041322    0.164271    0.925892 ^ _30_/X (sky130_fd_sc_hd__mux2_1)
                                                         _04_ (net)
                      0.041322    0.000030    0.925922 ^ _38_/D (sky130_fd_sc_hd__dfrtp_2)
                                              0.925922   data arrival time

                                  0.000000    0.000000   clock clk (rise edge)
                                  0.000000    0.000000   clock source latency
     1    0.011836    0.059623    0.040002    0.040002 ^ clk (in)
                                                         clk (net)
                      0.059624    0.000000    0.040002 ^ clkbuf_0_clk/A (sky130_fd_sc_hd__clkbuf_16)
     2    0.019500    0.041427    0.130282    0.170284 ^ clkbuf_0_clk/X (sky130_fd_sc_hd__clkbuf_16)
                                                         clknet_0_clk (net)
                      0.041427    0.000197    0.170481 ^ clkbuf_1_0__f_clk/A (sky130_fd_sc_hd__clkbuf_16)
     5    0.014464    0.037133    0.118850    0.289332 ^ clkbuf_1_0__f_clk/X (sky130_fd_sc_hd__clkbuf_16)
                                                         clknet_1_0__leaf_clk (net)
                      0.037133    0.000106    0.289438 ^ _38_/CLK (sky130_fd_sc_hd__dfrtp_2)
                                  0.250000    0.539438   clock uncertainty
                                  0.000000    0.539438   clock reconvergence pessimism
                                 -0.034990    0.504448   library hold time
                                              0.504448   data required time
---------------------------------------------------------------------------------------------
                                              0.504448   data required time
                                             -0.925922   data arrival time
---------------------------------------------------------------------------------------------
                                              0.421474   slack (MET)


Startpoint: _36_ (rising edge-triggered flip-flop clocked by clk)
Endpoint: _36_ (rising edge-triggered flip-flop clocked by clk)
Path Group: clk
Path Type: min

Fanout         Cap        Slew       Delay        Time   Description
---------------------------------------------------------------------------------------------
                                  0.000000    0.000000   clock clk (rise edge)
                                  0.000000    0.000000   clock source latency
     1    0.011836    0.059623    0.040002    0.040002 ^ clk (in)
                                                         clk (net)
                      0.059624    0.000000    0.040002 ^ clkbuf_0_clk/A (sky130_fd_sc_hd__clkbuf_16)
     2    0.019500    0.041427    0.130282    0.170284 ^ clkbuf_0_clk/X (sky130_fd_sc_hd__clkbuf_16)
                                                         clknet_0_clk (net)
                      0.041427    0.000223    0.170507 ^ clkbuf_1_1__f_clk/A (sky130_fd_sc_hd__clkbuf_16)
     6    0.016743    0.039069    0.120963    0.291470 ^ clkbuf_1_1__f_clk/X (sky130_fd_sc_hd__clkbuf_16)
                                                         clknet_1_1__leaf_clk (net)
                      0.039077    0.000293    0.291763 ^ _36_/CLK (sky130_fd_sc_hd__dfrtp_2)
     3    0.041401    0.203140    0.470634    0.762398 ^ _36_/Q (sky130_fd_sc_hd__dfrtp_2)
                                                         pad_oe (net)
                      0.203140    0.000246    0.762644 ^ _28_/A1 (sky130_fd_sc_hd__mux2_1)
     1    0.003366    0.045637    0.168168    0.930812 ^ _28_/X (sky130_fd_sc_hd__mux2_1)
                                                         _02_ (net)
                      0.045637    0.000044    0.930855 ^ _36_/D (sky130_fd_sc_hd__dfrtp_2)
                                              0.930855   data arrival time

                                  0.000000    0.000000   clock clk (rise edge)
                                  0.000000    0.000000   clock source latency
     1    0.011836    0.059623    0.040002    0.040002 ^ clk (in)
                                                         clk (net)
                      0.059624    0.000000    0.040002 ^ clkbuf_0_clk/A (sky130_fd_sc_hd__clkbuf_16)
     2    0.019500    0.041427    0.130282    0.170284 ^ clkbuf_0_clk/X (sky130_fd_sc_hd__clkbuf_16)
                                                         clknet_0_clk (net)
                      0.041427    0.000223    0.170507 ^ clkbuf_1_1__f_clk/A (sky130_fd_sc_hd__clkbuf_16)
     6    0.016743    0.039069    0.120963    0.291470 ^ clkbuf_1_1__f_clk/X (sky130_fd_sc_hd__clkbuf_16)
                                                         clknet_1_1__leaf_clk (net)
                      0.039077    0.000293    0.291763 ^ _36_/CLK (sky130_fd_sc_hd__dfrtp_2)
                                  0.250000    0.541763   clock uncertainty
                                  0.000000    0.541763   clock reconvergence pessimism
                                 -0.035619    0.506145   library hold time
                                              0.506145   data required time
---------------------------------------------------------------------------------------------
                                              0.506145   data required time
                                             -0.930855   data arrival time
---------------------------------------------------------------------------------------------
                                              0.424711   slack (MET)


Startpoint: _42_ (rising edge-triggered flip-flop clocked by clk)
Endpoint: _42_ (rising edge-triggered flip-flop clocked by clk)
Path Group: clk
Path Type: min

Fanout         Cap        Slew       Delay        Time   Description
---------------------------------------------------------------------------------------------
                                  0.000000    0.000000   clock clk (rise edge)
                                  0.000000    0.000000   clock source latency
     1    0.011836    0.059623    0.040002    0.040002 ^ clk (in)
                                                         clk (net)
                      0.059624    0.000000    0.040002 ^ clkbuf_0_clk/A (sky130_fd_sc_hd__clkbuf_16)
     2    0.019500    0.041427    0.130282    0.170284 ^ clkbuf_0_clk/X (sky130_fd_sc_hd__clkbuf_16)
                                                         clknet_0_clk (net)
                      0.041427    0.000223    0.170507 ^ clkbuf_1_1__f_clk/A (sky130_fd_sc_hd__clkbuf_16)
     6    0.016743    0.039069    0.120963    0.291470 ^ clkbuf_1_1__f_clk/X (sky130_fd_sc_hd__clkbuf_16)
                                                         clknet_1_1__leaf_clk (net)
                      0.039077    0.000194    0.291664 ^ _42_/CLK (sky130_fd_sc_hd__dfrtp_2)
     3    0.043719    0.213712    0.477906    0.769570 ^ _42_/Q (sky130_fd_sc_hd__dfrtp_2)
                                                         pad_schmitt_en (net)
                      0.213712    0.000203    0.769773 ^ _34_/A1 (sky130_fd_sc_hd__mux2_1)
     1    0.002934    0.042338    0.167215    0.936989 ^ _34_/X (sky130_fd_sc_hd__mux2_1)
                                                         _08_ (net)
                      0.042338    0.000032    0.937020 ^ _42_/D (sky130_fd_sc_hd__dfrtp_2)
                                              0.937020   data arrival time

                                  0.000000    0.000000   clock clk (rise edge)
                                  0.000000    0.000000   clock source latency
     1    0.011836    0.059623    0.040002    0.040002 ^ clk (in)
                                                         clk (net)
                      0.059624    0.000000    0.040002 ^ clkbuf_0_clk/A (sky130_fd_sc_hd__clkbuf_16)
     2    0.019500    0.041427    0.130282    0.170284 ^ clkbuf_0_clk/X (sky130_fd_sc_hd__clkbuf_16)
                                                         clknet_0_clk (net)
                      0.041427    0.000223    0.170507 ^ clkbuf_1_1__f_clk/A (sky130_fd_sc_hd__clkbuf_16)
     6    0.016743    0.039069    0.120963    0.291470 ^ clkbuf_1_1__f_clk/X (sky130_fd_sc_hd__clkbuf_16)
                                                         clknet_1_1__leaf_clk (net)
                      0.039077    0.000194    0.291664 ^ _42_/CLK (sky130_fd_sc_hd__dfrtp_2)
                                  0.250000    0.541664   clock uncertainty
                                  0.000000    0.541664   clock reconvergence pessimism
                                 -0.034935    0.506729   library hold time
                                              0.506729   data required time
---------------------------------------------------------------------------------------------
                                              0.506729   data required time
                                             -0.937020   data arrival time
---------------------------------------------------------------------------------------------
                                              0.430291   slack (MET)


Startpoint: _39_ (rising edge-triggered flip-flop clocked by clk)
Endpoint: _39_ (rising edge-triggered flip-flop clocked by clk)
Path Group: clk
Path Type: min

Fanout         Cap        Slew       Delay        Time   Description
---------------------------------------------------------------------------------------------
                                  0.000000    0.000000   clock clk (rise edge)
                                  0.000000    0.000000   clock source latency
     1    0.011836    0.059623    0.040002    0.040002 ^ clk (in)
                                                         clk (net)
                      0.059624    0.000000    0.040002 ^ clkbuf_0_clk/A (sky130_fd_sc_hd__clkbuf_16)
     2    0.019500    0.041427    0.130282    0.170284 ^ clkbuf_0_clk/X (sky130_fd_sc_hd__clkbuf_16)
                                                         clknet_0_clk (net)
                      0.041427    0.000197    0.170481 ^ clkbuf_1_0__f_clk/A (sky130_fd_sc_hd__clkbuf_16)
     5    0.014464    0.037133    0.118850    0.289332 ^ clkbuf_1_0__f_clk/X (sky130_fd_sc_hd__clkbuf_16)
                                                         clknet_1_0__leaf_clk (net)
                      0.037133    0.000127    0.289459 ^ _39_/CLK (sky130_fd_sc_hd__dfrtp_2)
     3    0.043728    0.213731    0.477321    0.766779 ^ _39_/Q (sky130_fd_sc_hd__dfrtp_2)
                                                         pad_slew[0] (net)
                      0.213731    0.000258    0.767037 ^ _31_/A1 (sky130_fd_sc_hd__mux2_1)
     1    0.003520    0.046820    0.172079    0.939116 ^ _31_/X (sky130_fd_sc_hd__mux2_1)
                                                         _05_ (net)
                      0.046820    0.000050    0.939166 ^ _39_/D (sky130_fd_sc_hd__dfrtp_2)
                                              0.939166   data arrival time

                                  0.000000    0.000000   clock clk (rise edge)
                                  0.000000    0.000000   clock source latency
     1    0.011836    0.059623    0.040002    0.040002 ^ clk (in)
                                                         clk (net)
                      0.059624    0.000000    0.040002 ^ clkbuf_0_clk/A (sky130_fd_sc_hd__clkbuf_16)
     2    0.019500    0.041427    0.130282    0.170284 ^ clkbuf_0_clk/X (sky130_fd_sc_hd__clkbuf_16)
                                                         clknet_0_clk (net)
                      0.041427    0.000197    0.170481 ^ clkbuf_1_0__f_clk/A (sky130_fd_sc_hd__clkbuf_16)
     5    0.014464    0.037133    0.118850    0.289332 ^ clkbuf_1_0__f_clk/X (sky130_fd_sc_hd__clkbuf_16)
                                                         clknet_1_0__leaf_clk (net)
                      0.037133    0.000127    0.289459 ^ _39_/CLK (sky130_fd_sc_hd__dfrtp_2)
                                  0.250000    0.539459   clock uncertainty
                                  0.000000    0.539459   clock reconvergence pessimism
                                 -0.036129    0.503329   library hold time
                                              0.503329   data required time
---------------------------------------------------------------------------------------------
                                              0.503329   data required time
                                             -0.939166   data arrival time
---------------------------------------------------------------------------------------------
                                              0.435836   slack (MET)


Startpoint: rst_n (input port clocked by clk)
Endpoint: _41_ (removal check against rising-edge clock clk)
Path Group: asynchronous
Path Type: min

Fanout         Cap        Slew       Delay        Time   Description
---------------------------------------------------------------------------------------------
                                  0.000000    0.000000   clock clk (rise edge)
                                  0.000000    0.000000   clock network delay (propagated)
                                  2.000000    2.000000 ^ input external delay
    10    0.046082    0.211567    0.146398    2.146398 ^ rst_n (in)
                                                         rst_n (net)
                      0.211570    0.000000    2.146398 ^ _41_/RESET_B (sky130_fd_sc_hd__dfrtp_2)
                                              2.146398   data arrival time

                                  0.000000    0.000000   clock clk (rise edge)
                                  0.000000    0.000000   clock source latency
     1    0.011836    0.059623    0.040002    0.040002 ^ clk (in)
                                                         clk (net)
                      0.059624    0.000000    0.040002 ^ clkbuf_0_clk/A (sky130_fd_sc_hd__clkbuf_16)
     2    0.019500    0.041427    0.130282    0.170284 ^ clkbuf_0_clk/X (sky130_fd_sc_hd__clkbuf_16)
                                                         clknet_0_clk (net)
                      0.041427    0.000223    0.170507 ^ clkbuf_1_1__f_clk/A (sky130_fd_sc_hd__clkbuf_16)
     6    0.016743    0.039069    0.120963    0.291470 ^ clkbuf_1_1__f_clk/X (sky130_fd_sc_hd__clkbuf_16)
                                                         clknet_1_1__leaf_clk (net)
                      0.039078    0.000388    0.291858 ^ _41_/CLK (sky130_fd_sc_hd__dfrtp_2)
                                  0.250000    0.541858   clock uncertainty
                                  0.000000    0.541858   clock reconvergence pessimism
                                  0.364036    0.905894   library removal time
                                              0.905894   data required time
---------------------------------------------------------------------------------------------
                                              0.905894   data required time
                                             -2.146398   data arrival time
---------------------------------------------------------------------------------------------
                                              1.240504   slack (MET)


Startpoint: rst_n (input port clocked by clk)
Endpoint: _40_ (removal check against rising-edge clock clk)
Path Group: asynchronous
Path Type: min

Fanout         Cap        Slew       Delay        Time   Description
---------------------------------------------------------------------------------------------
                                  0.000000    0.000000   clock clk (rise edge)
                                  0.000000    0.000000   clock network delay (propagated)
                                  2.000000    2.000000 ^ input external delay
    10    0.046082    0.211567    0.146698    2.146698 ^ rst_n (in)
                                                         rst_n (net)
                      0.211574    0.000000    2.146698 ^ _40_/RESET_B (sky130_fd_sc_hd__dfrtp_2)
                                              2.146698   data arrival time

                                  0.000000    0.000000   clock clk (rise edge)
                                  0.000000    0.000000   clock source latency
     1    0.011836    0.059623    0.040002    0.040002 ^ clk (in)
                                                         clk (net)
                      0.059624    0.000000    0.040002 ^ clkbuf_0_clk/A (sky130_fd_sc_hd__clkbuf_16)
     2    0.019500    0.041427    0.130282    0.170284 ^ clkbuf_0_clk/X (sky130_fd_sc_hd__clkbuf_16)
                                                         clknet_0_clk (net)
                      0.041427    0.000223    0.170507 ^ clkbuf_1_1__f_clk/A (sky130_fd_sc_hd__clkbuf_16)
     6    0.016743    0.039069    0.120963    0.291470 ^ clkbuf_1_1__f_clk/X (sky130_fd_sc_hd__clkbuf_16)
                                                         clknet_1_1__leaf_clk (net)
                      0.039077    0.000288    0.291758 ^ _40_/CLK (sky130_fd_sc_hd__dfrtp_2)
                                  0.250000    0.541758   clock uncertainty
                                  0.000000    0.541758   clock reconvergence pessimism
                                  0.364037    0.905795   library removal time
                                              0.905795   data required time
---------------------------------------------------------------------------------------------
                                              0.905795   data required time
                                             -2.146698   data arrival time
---------------------------------------------------------------------------------------------
                                              1.240902   slack (MET)


Startpoint: rst_n (input port clocked by clk)
Endpoint: _42_ (removal check against rising-edge clock clk)
Path Group: asynchronous
Path Type: min

Fanout         Cap        Slew       Delay        Time   Description
---------------------------------------------------------------------------------------------
                                  0.000000    0.000000   clock clk (rise edge)
                                  0.000000    0.000000   clock network delay (propagated)
                                  2.000000    2.000000 ^ input external delay
    10    0.046082    0.211567    0.146647    2.146647 ^ rst_n (in)
                                                         rst_n (net)
                      0.211573    0.000000    2.146647 ^ _42_/RESET_B (sky130_fd_sc_hd__dfrtp_2)
                                              2.146647   data arrival time

                                  0.000000    0.000000   clock clk (rise edge)
                                  0.000000    0.000000   clock source latency
     1    0.011836    0.059623    0.040002    0.040002 ^ clk (in)
                                                         clk (net)
                      0.059624    0.000000    0.040002 ^ clkbuf_0_clk/A (sky130_fd_sc_hd__clkbuf_16)
     2    0.019500    0.041427    0.130282    0.170284 ^ clkbuf_0_clk/X (sky130_fd_sc_hd__clkbuf_16)
                                                         clknet_0_clk (net)
                      0.041427    0.000223    0.170507 ^ clkbuf_1_1__f_clk/A (sky130_fd_sc_hd__clkbuf_16)
     6    0.016743    0.039069    0.120963    0.291470 ^ clkbuf_1_1__f_clk/X (sky130_fd_sc_hd__clkbuf_16)
                                                         clknet_1_1__leaf_clk (net)
                      0.039077    0.000194    0.291664 ^ _42_/CLK (sky130_fd_sc_hd__dfrtp_2)
                                  0.250000    0.541664   clock uncertainty
                                  0.000000    0.541664   clock reconvergence pessimism
                                  0.364037    0.905701   library removal time
                                              0.905701   data required time
---------------------------------------------------------------------------------------------
                                              0.905701   data required time
                                             -2.146647   data arrival time
---------------------------------------------------------------------------------------------
                                              1.240946   slack (MET)


Startpoint: rst_n (input port clocked by clk)
Endpoint: _36_ (removal check against rising-edge clock clk)
Path Group: asynchronous
Path Type: min

Fanout         Cap        Slew       Delay        Time   Description
---------------------------------------------------------------------------------------------
                                  0.000000    0.000000   clock clk (rise edge)
                                  0.000000    0.000000   clock network delay (propagated)
                                  2.000000    2.000000 ^ input external delay
    10    0.046082    0.211567    0.146917    2.146917 ^ rst_n (in)
                                                         rst_n (net)
                      0.211577    0.000000    2.146917 ^ _36_/RESET_B (sky130_fd_sc_hd__dfrtp_2)
                                              2.146917   data arrival time

                                  0.000000    0.000000   clock clk (rise edge)
                                  0.000000    0.000000   clock source latency
     1    0.011836    0.059623    0.040002    0.040002 ^ clk (in)
                                                         clk (net)
                      0.059624    0.000000    0.040002 ^ clkbuf_0_clk/A (sky130_fd_sc_hd__clkbuf_16)
     2    0.019500    0.041427    0.130282    0.170284 ^ clkbuf_0_clk/X (sky130_fd_sc_hd__clkbuf_16)
                                                         clknet_0_clk (net)
                      0.041427    0.000223    0.170507 ^ clkbuf_1_1__f_clk/A (sky130_fd_sc_hd__clkbuf_16)
     6    0.016743    0.039069    0.120963    0.291470 ^ clkbuf_1_1__f_clk/X (sky130_fd_sc_hd__clkbuf_16)
                                                         clknet_1_1__leaf_clk (net)
                      0.039077    0.000293    0.291763 ^ _36_/CLK (sky130_fd_sc_hd__dfrtp_2)
                                  0.250000    0.541763   clock uncertainty
                                  0.000000    0.541763   clock reconvergence pessimism
                                  0.364038    0.905801   library removal time
                                              0.905801   data required time
---------------------------------------------------------------------------------------------
                                              0.905801   data required time
                                             -2.146917   data arrival time
---------------------------------------------------------------------------------------------
                                              1.241116   slack (MET)


Startpoint: rst_n (input port clocked by clk)
Endpoint: _45_ (removal check against rising-edge clock clk)
Path Group: asynchronous
Path Type: min

Fanout         Cap        Slew       Delay        Time   Description
---------------------------------------------------------------------------------------------
                                  0.000000    0.000000   clock clk (rise edge)
                                  0.000000    0.000000   clock network delay (propagated)
                                  2.000000    2.000000 ^ input external delay
    10    0.046082    0.211567    0.147035    2.147035 ^ rst_n (in)
                                                         rst_n (net)
                      0.211579    0.000000    2.147035 ^ _45_/RESET_B (sky130_fd_sc_hd__dfrtp_2)
                                              2.147035   data arrival time

                                  0.000000    0.000000   clock clk (rise edge)
                                  0.000000    0.000000   clock source latency
     1    0.011836    0.059623    0.040002    0.040002 ^ clk (in)
                                                         clk (net)
                      0.059624    0.000000    0.040002 ^ clkbuf_0_clk/A (sky130_fd_sc_hd__clkbuf_16)
     2    0.019500    0.041427    0.130282    0.170284 ^ clkbuf_0_clk/X (sky130_fd_sc_hd__clkbuf_16)
                                                         clknet_0_clk (net)
                      0.041427    0.000223    0.170507 ^ clkbuf_1_1__f_clk/A (sky130_fd_sc_hd__clkbuf_16)
     6    0.016743    0.039069    0.120963    0.291470 ^ clkbuf_1_1__f_clk/X (sky130_fd_sc_hd__clkbuf_16)
                                                         clknet_1_1__leaf_clk (net)
                      0.039078    0.000392    0.291863 ^ _45_/CLK (sky130_fd_sc_hd__dfrtp_2)
                                  0.250000    0.541863   clock uncertainty
                                  0.000000    0.541863   clock reconvergence pessimism
                                  0.364039    0.905901   library removal time
                                              0.905901   data required time
---------------------------------------------------------------------------------------------
                                              0.905901   data required time
                                             -2.147035   data arrival time
---------------------------------------------------------------------------------------------
                                              1.241133   slack (MET)


Startpoint: rst_n (input port clocked by clk)
Endpoint: _44_ (removal check against rising-edge clock clk)
Path Group: asynchronous
Path Type: min

Fanout         Cap        Slew       Delay        Time   Description
---------------------------------------------------------------------------------------------
                                  0.000000    0.000000   clock clk (rise edge)
                                  0.000000    0.000000   clock network delay (propagated)
                                  2.000000    2.000000 ^ input external delay
    10    0.046082    0.211567    0.147027    2.147027 ^ rst_n (in)
                                                         rst_n (net)
                      0.211579    0.000000    2.147027 ^ _44_/RESET_B (sky130_fd_sc_hd__dfrtp_2)
                                              2.147027   data arrival time

                                  0.000000    0.000000   clock clk (rise edge)
                                  0.000000    0.000000   clock source latency
     1    0.011836    0.059623    0.040002    0.040002 ^ clk (in)
                                                         clk (net)
                      0.059624    0.000000    0.040002 ^ clkbuf_0_clk/A (sky130_fd_sc_hd__clkbuf_16)
     2    0.019500    0.041427    0.130282    0.170284 ^ clkbuf_0_clk/X (sky130_fd_sc_hd__clkbuf_16)
                                                         clknet_0_clk (net)
                      0.041427    0.000223    0.170507 ^ clkbuf_1_1__f_clk/A (sky130_fd_sc_hd__clkbuf_16)
     6    0.016743    0.039069    0.120963    0.291470 ^ clkbuf_1_1__f_clk/X (sky130_fd_sc_hd__clkbuf_16)
                                                         clknet_1_1__leaf_clk (net)
                      0.039078    0.000359    0.291829 ^ _44_/CLK (sky130_fd_sc_hd__dfrtp_2)
                                  0.250000    0.541829   clock uncertainty
                                  0.000000    0.541829   clock reconvergence pessimism
                                  0.364038    0.905868   library removal time
                                              0.905868   data required time
---------------------------------------------------------------------------------------------
                                              0.905868   data required time
                                             -2.147027   data arrival time
---------------------------------------------------------------------------------------------
                                              1.241159   slack (MET)


Startpoint: rst_n (input port clocked by clk)
Endpoint: _43_ (removal check against rising-edge clock clk)
Path Group: asynchronous
Path Type: min

Fanout         Cap        Slew       Delay        Time   Description
---------------------------------------------------------------------------------------------
                                  0.000000    0.000000   clock clk (rise edge)
                                  0.000000    0.000000   clock network delay (propagated)
                                  2.000000    2.000000 ^ input external delay
    10    0.046082    0.211567    0.146231    2.146231 ^ rst_n (in)
                                                         rst_n (net)
                      0.211569    0.000000    2.146231 ^ _43_/RESET_B (sky130_fd_sc_hd__dfrtp_2)
                                              2.146231   data arrival time

                                  0.000000    0.000000   clock clk (rise edge)
                                  0.000000    0.000000   clock source latency
     1    0.011836    0.059623    0.040002    0.040002 ^ clk (in)
                                                         clk (net)
                      0.059624    0.000000    0.040002 ^ clkbuf_0_clk/A (sky130_fd_sc_hd__clkbuf_16)
     2    0.019500    0.041427    0.130282    0.170284 ^ clkbuf_0_clk/X (sky130_fd_sc_hd__clkbuf_16)
                                                         clknet_0_clk (net)
                      0.041427    0.000197    0.170481 ^ clkbuf_1_0__f_clk/A (sky130_fd_sc_hd__clkbuf_16)
     5    0.014464    0.037133    0.118850    0.289332 ^ clkbuf_1_0__f_clk/X (sky130_fd_sc_hd__clkbuf_16)
                                                         clknet_1_0__leaf_clk (net)
                      0.037133    0.000122    0.289454 ^ _43_/CLK (sky130_fd_sc_hd__dfrtp_2)
                                  0.250000    0.539454   clock uncertainty
                                  0.000000    0.539454   clock reconvergence pessimism
                                  0.363502    0.902956   library removal time
                                              0.902956   data required time
---------------------------------------------------------------------------------------------
                                              0.902956   data required time
                                             -2.146231   data arrival time
---------------------------------------------------------------------------------------------
                                              1.243275   slack (MET)


Startpoint: rst_n (input port clocked by clk)
Endpoint: _39_ (removal check against rising-edge clock clk)
Path Group: asynchronous
Path Type: min

Fanout         Cap        Slew       Delay        Time   Description
---------------------------------------------------------------------------------------------
                                  0.000000    0.000000   clock clk (rise edge)
                                  0.000000    0.000000   clock network delay (propagated)
                                  2.000000    2.000000 ^ input external delay
    10    0.046082    0.211567    0.146351    2.146351 ^ rst_n (in)
                                                         rst_n (net)
                      0.211570    0.000000    2.146351 ^ _39_/RESET_B (sky130_fd_sc_hd__dfrtp_2)
                                              2.146351   data arrival time

                                  0.000000    0.000000   clock clk (rise edge)
                                  0.000000    0.000000   clock source latency
     1    0.011836    0.059623    0.040002    0.040002 ^ clk (in)
                                                         clk (net)
                      0.059624    0.000000    0.040002 ^ clkbuf_0_clk/A (sky130_fd_sc_hd__clkbuf_16)
     2    0.019500    0.041427    0.130282    0.170284 ^ clkbuf_0_clk/X (sky130_fd_sc_hd__clkbuf_16)
                                                         clknet_0_clk (net)
                      0.041427    0.000197    0.170481 ^ clkbuf_1_0__f_clk/A (sky130_fd_sc_hd__clkbuf_16)
     5    0.014464    0.037133    0.118850    0.289332 ^ clkbuf_1_0__f_clk/X (sky130_fd_sc_hd__clkbuf_16)
                                                         clknet_1_0__leaf_clk (net)
                      0.037133    0.000127    0.289459 ^ _39_/CLK (sky130_fd_sc_hd__dfrtp_2)
                                  0.250000    0.539459   clock uncertainty
                                  0.000000    0.539459   clock reconvergence pessimism
                                  0.363503    0.902961   library removal time
                                              0.902961   data required time
---------------------------------------------------------------------------------------------
                                              0.902961   data required time
                                             -2.146351   data arrival time
---------------------------------------------------------------------------------------------
                                              1.243389   slack (MET)


Startpoint: rst_n (input port clocked by clk)
Endpoint: _37_ (removal check against rising-edge clock clk)
Path Group: asynchronous
Path Type: min

Fanout         Cap        Slew       Delay        Time   Description
---------------------------------------------------------------------------------------------
                                  0.000000    0.000000   clock clk (rise edge)
                                  0.000000    0.000000   clock network delay (propagated)
                                  2.000000    2.000000 ^ input external delay
    10    0.046082    0.211567    0.147105    2.147105 ^ rst_n (in)
                                                         rst_n (net)
                      0.211580    0.000000    2.147105 ^ _37_/RESET_B (sky130_fd_sc_hd__dfrtp_2)
                                              2.147105   data arrival time

                                  0.000000    0.000000   clock clk (rise edge)
                                  0.000000    0.000000   clock source latency
     1    0.011836    0.059623    0.040002    0.040002 ^ clk (in)
                                                         clk (net)
                      0.059624    0.000000    0.040002 ^ clkbuf_0_clk/A (sky130_fd_sc_hd__clkbuf_16)
     2    0.019500    0.041427    0.130282    0.170284 ^ clkbuf_0_clk/X (sky130_fd_sc_hd__clkbuf_16)
                                                         clknet_0_clk (net)
                      0.041427    0.000197    0.170481 ^ clkbuf_1_0__f_clk/A (sky130_fd_sc_hd__clkbuf_16)
     5    0.014464    0.037133    0.118850    0.289332 ^ clkbuf_1_0__f_clk/X (sky130_fd_sc_hd__clkbuf_16)
                                                         clknet_1_0__leaf_clk (net)
                      0.037133    0.000130    0.289462 ^ _37_/CLK (sky130_fd_sc_hd__dfrtp_2)
                                  0.250000    0.539462   clock uncertainty
                                  0.000000    0.539462   clock reconvergence pessimism
                                  0.363506    0.902967   library removal time
                                              0.902967   data required time
---------------------------------------------------------------------------------------------
                                              0.902967   data required time
                                             -2.147105   data arrival time
---------------------------------------------------------------------------------------------
                                              1.244137   slack (MET)


Startpoint: rst_n (input port clocked by clk)
Endpoint: _38_ (removal check against rising-edge clock clk)
Path Group: asynchronous
Path Type: min

Fanout         Cap        Slew       Delay        Time   Description
---------------------------------------------------------------------------------------------
                                  0.000000    0.000000   clock clk (rise edge)
                                  0.000000    0.000000   clock network delay (propagated)
                                  2.000000    2.000000 ^ input external delay
    10    0.046082    0.211567    0.147100    2.147100 ^ rst_n (in)
                                                         rst_n (net)
                      0.211580    0.000000    2.147100 ^ _38_/RESET_B (sky130_fd_sc_hd__dfrtp_2)
                                              2.147100   data arrival time

                                  0.000000    0.000000   clock clk (rise edge)
                                  0.000000    0.000000   clock source latency
     1    0.011836    0.059623    0.040002    0.040002 ^ clk (in)
                                                         clk (net)
                      0.059624    0.000000    0.040002 ^ clkbuf_0_clk/A (sky130_fd_sc_hd__clkbuf_16)
     2    0.019500    0.041427    0.130282    0.170284 ^ clkbuf_0_clk/X (sky130_fd_sc_hd__clkbuf_16)
                                                         clknet_0_clk (net)
                      0.041427    0.000197    0.170481 ^ clkbuf_1_0__f_clk/A (sky130_fd_sc_hd__clkbuf_16)
     5    0.014464    0.037133    0.118850    0.289332 ^ clkbuf_1_0__f_clk/X (sky130_fd_sc_hd__clkbuf_16)
                                                         clknet_1_0__leaf_clk (net)
                      0.037133    0.000106    0.289438 ^ _38_/CLK (sky130_fd_sc_hd__dfrtp_2)
                                  0.250000    0.539438   clock uncertainty
                                  0.000000    0.539438   clock reconvergence pessimism
                                  0.363506    0.902943   library removal time
                                              0.902943   data required time
---------------------------------------------------------------------------------------------
                                              0.902943   data required time
                                             -2.147100   data arrival time
---------------------------------------------------------------------------------------------
                                              1.244157   slack (MET)


Startpoint: _37_ (rising edge-triggered flip-flop clocked by clk)
Endpoint: pad_pu_en (output port clocked by clk)
Path Group: clk
Path Type: min

Fanout         Cap        Slew       Delay        Time   Description
---------------------------------------------------------------------------------------------
                                  0.000000    0.000000   clock clk (rise edge)
                                  0.000000    0.000000   clock source latency
     1    0.011836    0.059623    0.040002    0.040002 ^ clk (in)
                                                         clk (net)
                      0.059624    0.000000    0.040002 ^ clkbuf_0_clk/A (sky130_fd_sc_hd__clkbuf_16)
     2    0.019500    0.041427    0.130282    0.170284 ^ clkbuf_0_clk/X (sky130_fd_sc_hd__clkbuf_16)
                                                         clknet_0_clk (net)
                      0.041427    0.000197    0.170481 ^ clkbuf_1_0__f_clk/A (sky130_fd_sc_hd__clkbuf_16)
     5    0.014464    0.037133    0.118850    0.289332 ^ clkbuf_1_0__f_clk/X (sky130_fd_sc_hd__clkbuf_16)
                                                         clknet_1_0__leaf_clk (net)
                      0.037133    0.000130    0.289462 ^ _37_/CLK (sky130_fd_sc_hd__dfrtp_2)
     3    0.041091    0.201767    0.468792    0.758254 ^ _37_/Q (sky130_fd_sc_hd__dfrtp_2)
                                                         pad_pu_en (net)
                      0.201767    0.000450    0.758704 ^ pad_pu_en (out)
                                              0.758704   data arrival time

                                  0.000000    0.000000   clock clk (rise edge)
                                  0.000000    0.000000   clock network delay (propagated)
                                  0.250000    0.250000   clock uncertainty
                                  0.000000    0.250000   clock reconvergence pessimism
                                 -2.000000   -1.750000   output external delay
                                             -1.750000   data required time
---------------------------------------------------------------------------------------------
                                             -1.750000   data required time
                                             -0.758704   data arrival time
---------------------------------------------------------------------------------------------
                                              2.508704   slack (MET)


Startpoint: _44_ (rising edge-triggered flip-flop clocked by clk)
Endpoint: core_din (output port clocked by clk)
Path Group: clk
Path Type: min

Fanout         Cap        Slew       Delay        Time   Description
---------------------------------------------------------------------------------------------
                                  0.000000    0.000000   clock clk (rise edge)
                                  0.000000    0.000000   clock source latency
     1    0.011836    0.059623    0.040002    0.040002 ^ clk (in)
                                                         clk (net)
                      0.059624    0.000000    0.040002 ^ clkbuf_0_clk/A (sky130_fd_sc_hd__clkbuf_16)
     2    0.019500    0.041427    0.130282    0.170284 ^ clkbuf_0_clk/X (sky130_fd_sc_hd__clkbuf_16)
                                                         clknet_0_clk (net)
                      0.041427    0.000223    0.170507 ^ clkbuf_1_1__f_clk/A (sky130_fd_sc_hd__clkbuf_16)
     6    0.016743    0.039069    0.120963    0.291470 ^ clkbuf_1_1__f_clk/X (sky130_fd_sc_hd__clkbuf_16)
                                                         clknet_1_1__leaf_clk (net)
                      0.039078    0.000359    0.291829 ^ _44_/CLK (sky130_fd_sc_hd__dfrtp_2)
     2    0.040595    0.199566    0.467697    0.759526 ^ _44_/Q (sky130_fd_sc_hd__dfrtp_2)
                                                         core_din (net)
                      0.199566    0.000846    0.760372 ^ core_din (out)
                                              0.760372   data arrival time

                                  0.000000    0.000000   clock clk (rise edge)
                                  0.000000    0.000000   clock network delay (propagated)
                                  0.250000    0.250000   clock uncertainty
                                  0.000000    0.250000   clock reconvergence pessimism
                                 -2.000000   -1.750000   output external delay
                                             -1.750000   data required time
---------------------------------------------------------------------------------------------
                                             -1.750000   data required time
                                             -0.760372   data arrival time
---------------------------------------------------------------------------------------------
                                              2.510372   slack (MET)


Startpoint: _38_ (rising edge-triggered flip-flop clocked by clk)
Endpoint: pad_pd_en (output port clocked by clk)
Path Group: clk
Path Type: min

Fanout         Cap        Slew       Delay        Time   Description
---------------------------------------------------------------------------------------------
                                  0.000000    0.000000   clock clk (rise edge)
                                  0.000000    0.000000   clock source latency
     1    0.011836    0.059623    0.040002    0.040002 ^ clk (in)
                                                         clk (net)
                      0.059624    0.000000    0.040002 ^ clkbuf_0_clk/A (sky130_fd_sc_hd__clkbuf_16)
     2    0.019500    0.041427    0.130282    0.170284 ^ clkbuf_0_clk/X (sky130_fd_sc_hd__clkbuf_16)
                                                         clknet_0_clk (net)
                      0.041427    0.000197    0.170481 ^ clkbuf_1_0__f_clk/A (sky130_fd_sc_hd__clkbuf_16)
     5    0.014464    0.037133    0.118850    0.289332 ^ clkbuf_1_0__f_clk/X (sky130_fd_sc_hd__clkbuf_16)
                                                         clknet_1_0__leaf_clk (net)
                      0.037133    0.000106    0.289438 ^ _38_/CLK (sky130_fd_sc_hd__dfrtp_2)
     3    0.042079    0.206298    0.471805    0.761242 ^ _38_/Q (sky130_fd_sc_hd__dfrtp_2)
                                                         pad_pd_en (net)
                      0.206298    0.000729    0.761971 ^ pad_pd_en (out)
                                              0.761971   data arrival time

                                  0.000000    0.000000   clock clk (rise edge)
                                  0.000000    0.000000   clock network delay (propagated)
                                  0.250000    0.250000   clock uncertainty
                                  0.000000    0.250000   clock reconvergence pessimism
                                 -2.000000   -1.750000   output external delay
                                             -1.750000   data required time
---------------------------------------------------------------------------------------------
                                             -1.750000   data required time
                                             -0.761971   data arrival time
---------------------------------------------------------------------------------------------
                                              2.511971   slack (MET)


Startpoint: _36_ (rising edge-triggered flip-flop clocked by clk)
Endpoint: pad_oe (output port clocked by clk)
Path Group: clk
Path Type: min

Fanout         Cap        Slew       Delay        Time   Description
---------------------------------------------------------------------------------------------
                                  0.000000    0.000000   clock clk (rise edge)
                                  0.000000    0.000000   clock source latency
     1    0.011836    0.059623    0.040002    0.040002 ^ clk (in)
                                                         clk (net)
                      0.059624    0.000000    0.040002 ^ clkbuf_0_clk/A (sky130_fd_sc_hd__clkbuf_16)
     2    0.019500    0.041427    0.130282    0.170284 ^ clkbuf_0_clk/X (sky130_fd_sc_hd__clkbuf_16)
                                                         clknet_0_clk (net)
                      0.041427    0.000223    0.170507 ^ clkbuf_1_1__f_clk/A (sky130_fd_sc_hd__clkbuf_16)
     6    0.016743    0.039069    0.120963    0.291470 ^ clkbuf_1_1__f_clk/X (sky130_fd_sc_hd__clkbuf_16)
                                                         clknet_1_1__leaf_clk (net)
                      0.039077    0.000293    0.291763 ^ _36_/CLK (sky130_fd_sc_hd__dfrtp_2)
     3    0.041401    0.203140    0.470634    0.762398 ^ _36_/Q (sky130_fd_sc_hd__dfrtp_2)
                                                         pad_oe (net)
                      0.203140    0.000278    0.762676 ^ pad_oe (out)
                                              0.762676   data arrival time

                                  0.000000    0.000000   clock clk (rise edge)
                                  0.000000    0.000000   clock network delay (propagated)
                                  0.250000    0.250000   clock uncertainty
                                  0.000000    0.250000   clock reconvergence pessimism
                                 -2.000000   -1.750000   output external delay
                                             -1.750000   data required time
---------------------------------------------------------------------------------------------
                                             -1.750000   data required time
                                             -0.762676   data arrival time
---------------------------------------------------------------------------------------------
                                              2.512676   slack (MET)


Startpoint: _40_ (rising edge-triggered flip-flop clocked by clk)
Endpoint: pad_slew[1] (output port clocked by clk)
Path Group: clk
Path Type: min

Fanout         Cap        Slew       Delay        Time   Description
---------------------------------------------------------------------------------------------
                                  0.000000    0.000000   clock clk (rise edge)
                                  0.000000    0.000000   clock source latency
     1    0.011836    0.059623    0.040002    0.040002 ^ clk (in)
                                                         clk (net)
                      0.059624    0.000000    0.040002 ^ clkbuf_0_clk/A (sky130_fd_sc_hd__clkbuf_16)
     2    0.019500    0.041427    0.130282    0.170284 ^ clkbuf_0_clk/X (sky130_fd_sc_hd__clkbuf_16)
                                                         clknet_0_clk (net)
                      0.041427    0.000223    0.170507 ^ clkbuf_1_1__f_clk/A (sky130_fd_sc_hd__clkbuf_16)
     6    0.016743    0.039069    0.120963    0.291470 ^ clkbuf_1_1__f_clk/X (sky130_fd_sc_hd__clkbuf_16)
                                                         clknet_1_1__leaf_clk (net)
                      0.039077    0.000288    0.291758 ^ _40_/CLK (sky130_fd_sc_hd__dfrtp_2)
     3    0.042261    0.207185    0.472837    0.764595 ^ _40_/Q (sky130_fd_sc_hd__dfrtp_2)
                                                         pad_slew[1] (net)
                      0.207188    0.001174    0.765769 ^ pad_slew[1] (out)
                                              0.765769   data arrival time

                                  0.000000    0.000000   clock clk (rise edge)
                                  0.000000    0.000000   clock network delay (propagated)
                                  0.250000    0.250000   clock uncertainty
                                  0.000000    0.250000   clock reconvergence pessimism
                                 -2.000000   -1.750000   output external delay
                                             -1.750000   data required time
---------------------------------------------------------------------------------------------
                                             -1.750000   data required time
                                             -0.765769   data arrival time
---------------------------------------------------------------------------------------------
                                              2.515769   slack (MET)


Startpoint: _39_ (rising edge-triggered flip-flop clocked by clk)
Endpoint: pad_slew[0] (output port clocked by clk)
Path Group: clk
Path Type: min

Fanout         Cap        Slew       Delay        Time   Description
---------------------------------------------------------------------------------------------
                                  0.000000    0.000000   clock clk (rise edge)
                                  0.000000    0.000000   clock source latency
     1    0.011836    0.059623    0.040002    0.040002 ^ clk (in)
                                                         clk (net)
                      0.059624    0.000000    0.040002 ^ clkbuf_0_clk/A (sky130_fd_sc_hd__clkbuf_16)
     2    0.019500    0.041427    0.130282    0.170284 ^ clkbuf_0_clk/X (sky130_fd_sc_hd__clkbuf_16)
                                                         clknet_0_clk (net)
                      0.041427    0.000197    0.170481 ^ clkbuf_1_0__f_clk/A (sky130_fd_sc_hd__clkbuf_16)
     5    0.014464    0.037133    0.118850    0.289332 ^ clkbuf_1_0__f_clk/X (sky130_fd_sc_hd__clkbuf_16)
                                                         clknet_1_0__leaf_clk (net)
                      0.037133    0.000127    0.289459 ^ _39_/CLK (sky130_fd_sc_hd__dfrtp_2)
     3    0.043728    0.213731    0.477321    0.766779 ^ _39_/Q (sky130_fd_sc_hd__dfrtp_2)
                                                         pad_slew[0] (net)
                      0.213731    0.000372    0.767152 ^ pad_slew[0] (out)
                                              0.767152   data arrival time

                                  0.000000    0.000000   clock clk (rise edge)
                                  0.000000    0.000000   clock network delay (propagated)
                                  0.250000    0.250000   clock uncertainty
                                  0.000000    0.250000   clock reconvergence pessimism
                                 -2.000000   -1.750000   output external delay
                                             -1.750000   data required time
---------------------------------------------------------------------------------------------
                                             -1.750000   data required time
                                             -0.767152   data arrival time
---------------------------------------------------------------------------------------------
                                              2.517151   slack (MET)


Startpoint: _42_ (rising edge-triggered flip-flop clocked by clk)
Endpoint: pad_schmitt_en (output port clocked by clk)
Path Group: clk
Path Type: min

Fanout         Cap        Slew       Delay        Time   Description
---------------------------------------------------------------------------------------------
                                  0.000000    0.000000   clock clk (rise edge)
                                  0.000000    0.000000   clock source latency
     1    0.011836    0.059623    0.040002    0.040002 ^ clk (in)
                                                         clk (net)
                      0.059624    0.000000    0.040002 ^ clkbuf_0_clk/A (sky130_fd_sc_hd__clkbuf_16)
     2    0.019500    0.041427    0.130282    0.170284 ^ clkbuf_0_clk/X (sky130_fd_sc_hd__clkbuf_16)
                                                         clknet_0_clk (net)
                      0.041427    0.000223    0.170507 ^ clkbuf_1_1__f_clk/A (sky130_fd_sc_hd__clkbuf_16)
     6    0.016743    0.039069    0.120963    0.291470 ^ clkbuf_1_1__f_clk/X (sky130_fd_sc_hd__clkbuf_16)
                                                         clknet_1_1__leaf_clk (net)
                      0.039077    0.000194    0.291664 ^ _42_/CLK (sky130_fd_sc_hd__dfrtp_2)
     3    0.043719    0.213712    0.477906    0.769570 ^ _42_/Q (sky130_fd_sc_hd__dfrtp_2)
                                                         pad_schmitt_en (net)
                      0.213712    0.000566    0.770137 ^ pad_schmitt_en (out)
                                              0.770137   data arrival time

                                  0.000000    0.000000   clock clk (rise edge)
                                  0.000000    0.000000   clock network delay (propagated)
                                  0.250000    0.250000   clock uncertainty
                                  0.000000    0.250000   clock reconvergence pessimism
                                 -2.000000   -1.750000   output external delay
                                             -1.750000   data required time
---------------------------------------------------------------------------------------------
                                             -1.750000   data required time
                                             -0.770137   data arrival time
---------------------------------------------------------------------------------------------
                                              2.520137   slack (MET)


Startpoint: _41_ (rising edge-triggered flip-flop clocked by clk)
Endpoint: reg_rdata[5] (output port clocked by clk)
Path Group: clk
Path Type: min

Fanout         Cap        Slew       Delay        Time   Description
---------------------------------------------------------------------------------------------
                                  0.000000    0.000000   clock clk (rise edge)
                                  0.000000    0.000000   clock source latency
     1    0.011836    0.059623    0.040002    0.040002 ^ clk (in)
                                                         clk (net)
                      0.059624    0.000000    0.040002 ^ clkbuf_0_clk/A (sky130_fd_sc_hd__clkbuf_16)
     2    0.019500    0.041427    0.130282    0.170284 ^ clkbuf_0_clk/X (sky130_fd_sc_hd__clkbuf_16)
                                                         clknet_0_clk (net)
                      0.041427    0.000223    0.170507 ^ clkbuf_1_1__f_clk/A (sky130_fd_sc_hd__clkbuf_16)
     6    0.016743    0.039069    0.120963    0.291470 ^ clkbuf_1_1__f_clk/X (sky130_fd_sc_hd__clkbuf_16)
                                                         clknet_1_1__leaf_clk (net)
                      0.039078    0.000388    0.291858 ^ _41_/CLK (sky130_fd_sc_hd__dfrtp_2)
     4    0.011804    0.076801    0.369284    0.661142 ^ _41_/Q (sky130_fd_sc_hd__dfrtp_2)
                                                         ie (net)
                      0.076801    0.000037    0.661179 ^ _21_/A (sky130_fd_sc_hd__and2_2)
     1    0.034235    0.181540    0.251676    0.912855 ^ _21_/X (sky130_fd_sc_hd__and2_2)
                                                         reg_rdata[5] (net)
                      0.181540    0.000253    0.913108 ^ reg_rdata[5] (out)
                                              0.913108   data arrival time

                                  0.000000    0.000000   clock clk (rise edge)
                                  0.000000    0.000000   clock network delay (propagated)
                                  0.250000    0.250000   clock uncertainty
                                  0.000000    0.250000   clock reconvergence pessimism
                                 -2.000000   -1.750000   output external delay
                                             -1.750000   data required time
---------------------------------------------------------------------------------------------
                                             -1.750000   data required time
                                             -0.913108   data arrival time
---------------------------------------------------------------------------------------------
                                              2.663108   slack (MET)


Startpoint: _43_ (rising edge-triggered flip-flop clocked by clk)
Endpoint: reg_rdata[7] (output port clocked by clk)
Path Group: clk
Path Type: min

Fanout         Cap        Slew       Delay        Time   Description
---------------------------------------------------------------------------------------------
                                  0.000000    0.000000   clock clk (rise edge)
                                  0.000000    0.000000   clock source latency
     1    0.011836    0.059623    0.040002    0.040002 ^ clk (in)
                                                         clk (net)
                      0.059624    0.000000    0.040002 ^ clkbuf_0_clk/A (sky130_fd_sc_hd__clkbuf_16)
     2    0.019500    0.041427    0.130282    0.170284 ^ clkbuf_0_clk/X (sky130_fd_sc_hd__clkbuf_16)
                                                         clknet_0_clk (net)
                      0.041427    0.000197    0.170481 ^ clkbuf_1_0__f_clk/A (sky130_fd_sc_hd__clkbuf_16)
     5    0.014464    0.037133    0.118850    0.289332 ^ clkbuf_1_0__f_clk/X (sky130_fd_sc_hd__clkbuf_16)
                                                         clknet_1_0__leaf_clk (net)
                      0.037133    0.000122    0.289454 ^ _43_/CLK (sky130_fd_sc_hd__dfrtp_2)
     3    0.014925    0.088807    0.379964    0.669418 ^ _43_/Q (sky130_fd_sc_hd__dfrtp_2)
                                                         loopback_en (net)
                      0.088807    0.000081    0.669499 ^ _23_/A (sky130_fd_sc_hd__and2_2)
     1    0.034315    0.181893    0.256201    0.925700 ^ _23_/X (sky130_fd_sc_hd__and2_2)
                                                         reg_rdata[7] (net)
                      0.181893    0.000271    0.925971 ^ reg_rdata[7] (out)
                                              0.925971   data arrival time

                                  0.000000    0.000000   clock clk (rise edge)
                                  0.000000    0.000000   clock network delay (propagated)
                                  0.250000    0.250000   clock uncertainty
                                  0.000000    0.250000   clock reconvergence pessimism
                                 -2.000000   -1.750000   output external delay
                                             -1.750000   data required time
---------------------------------------------------------------------------------------------
                                             -1.750000   data required time
                                             -0.925971   data arrival time
---------------------------------------------------------------------------------------------
                                              2.675971   slack (MET)


Startpoint: _38_ (rising edge-triggered flip-flop clocked by clk)
Endpoint: reg_rdata[2] (output port clocked by clk)
Path Group: clk
Path Type: min

Fanout         Cap        Slew       Delay        Time   Description
---------------------------------------------------------------------------------------------
                                  0.000000    0.000000   clock clk (rise edge)
                                  0.000000    0.000000   clock source latency
     1    0.011836    0.059623    0.040002    0.040002 ^ clk (in)
                                                         clk (net)
                      0.059624    0.000000    0.040002 ^ clkbuf_0_clk/A (sky130_fd_sc_hd__clkbuf_16)
     2    0.019500    0.041427    0.130282    0.170284 ^ clkbuf_0_clk/X (sky130_fd_sc_hd__clkbuf_16)
                                                         clknet_0_clk (net)
                      0.041427    0.000197    0.170481 ^ clkbuf_1_0__f_clk/A (sky130_fd_sc_hd__clkbuf_16)
     5    0.014464    0.037133    0.118850    0.289332 ^ clkbuf_1_0__f_clk/X (sky130_fd_sc_hd__clkbuf_16)
                                                         clknet_1_0__leaf_clk (net)
                      0.037133    0.000106    0.289438 ^ _38_/CLK (sky130_fd_sc_hd__dfrtp_2)
     3    0.041855    0.124101    0.482311    0.771748 v _38_/Q (sky130_fd_sc_hd__dfrtp_2)
                                                         pad_pd_en (net)
                      0.124101    0.000081    0.771829 v _18_/A (sky130_fd_sc_hd__and2_2)
     1    0.036144    0.102168    0.279061    1.050890 v _18_/X (sky130_fd_sc_hd__and2_2)
                                                         reg_rdata[2] (net)
                      0.102169    0.000588    1.051478 v reg_rdata[2] (out)
                                              1.051478   data arrival time

                                  0.000000    0.000000   clock clk (rise edge)
                                  0.000000    0.000000   clock network delay (propagated)
                                  0.250000    0.250000   clock uncertainty
                                  0.000000    0.250000   clock reconvergence pessimism
                                 -2.000000   -1.750000   output external delay
                                             -1.750000   data required time
---------------------------------------------------------------------------------------------
                                             -1.750000   data required time
                                             -1.051478   data arrival time
---------------------------------------------------------------------------------------------
                                              2.801478   slack (MET)


Startpoint: _44_ (rising edge-triggered flip-flop clocked by clk)
Endpoint: reg_rdata[1] (output port clocked by clk)
Path Group: clk
Path Type: min

Fanout         Cap        Slew       Delay        Time   Description
---------------------------------------------------------------------------------------------
                                  0.000000    0.000000   clock clk (rise edge)
                                  0.000000    0.000000   clock source latency
     1    0.011836    0.059623    0.040002    0.040002 ^ clk (in)
                                                         clk (net)
                      0.059624    0.000000    0.040002 ^ clkbuf_0_clk/A (sky130_fd_sc_hd__clkbuf_16)
     2    0.019500    0.041427    0.130282    0.170284 ^ clkbuf_0_clk/X (sky130_fd_sc_hd__clkbuf_16)
                                                         clknet_0_clk (net)
                      0.041427    0.000223    0.170507 ^ clkbuf_1_1__f_clk/A (sky130_fd_sc_hd__clkbuf_16)
     6    0.016743    0.039069    0.120963    0.291470 ^ clkbuf_1_1__f_clk/X (sky130_fd_sc_hd__clkbuf_16)
                                                         clknet_1_1__leaf_clk (net)
                      0.039078    0.000359    0.291829 ^ _44_/CLK (sky130_fd_sc_hd__dfrtp_2)
     2    0.040595    0.199566    0.467697    0.759526 ^ _44_/Q (sky130_fd_sc_hd__dfrtp_2)
                                                         core_din (net)
                      0.199566    0.000324    0.759851 ^ _17_/B2 (sky130_fd_sc_hd__a22o_2)
     1    0.037160    0.193626    0.290881    1.050732 ^ _17_/X (sky130_fd_sc_hd__a22o_2)
                                                         reg_rdata[1] (net)
                      0.193626    0.000753    1.051484 ^ reg_rdata[1] (out)
                                              1.051484   data arrival time

                                  0.000000    0.000000   clock clk (rise edge)
                                  0.000000    0.000000   clock network delay (propagated)
                                  0.250000    0.250000   clock uncertainty
                                  0.000000    0.250000   clock reconvergence pessimism
                                 -2.000000   -1.750000   output external delay
                                             -1.750000   data required time
---------------------------------------------------------------------------------------------
                                             -1.750000   data required time
                                             -1.051484   data arrival time
---------------------------------------------------------------------------------------------
                                              2.801484   slack (MET)


Startpoint: _40_ (rising edge-triggered flip-flop clocked by clk)
Endpoint: reg_rdata[4] (output port clocked by clk)
Path Group: clk
Path Type: min

Fanout         Cap        Slew       Delay        Time   Description
---------------------------------------------------------------------------------------------
                                  0.000000    0.000000   clock clk (rise edge)
                                  0.000000    0.000000   clock source latency
     1    0.011836    0.059623    0.040002    0.040002 ^ clk (in)
                                                         clk (net)
                      0.059624    0.000000    0.040002 ^ clkbuf_0_clk/A (sky130_fd_sc_hd__clkbuf_16)
     2    0.019500    0.041427    0.130282    0.170284 ^ clkbuf_0_clk/X (sky130_fd_sc_hd__clkbuf_16)
                                                         clknet_0_clk (net)
                      0.041427    0.000223    0.170507 ^ clkbuf_1_1__f_clk/A (sky130_fd_sc_hd__clkbuf_16)
     6    0.016743    0.039069    0.120963    0.291470 ^ clkbuf_1_1__f_clk/X (sky130_fd_sc_hd__clkbuf_16)
                                                         clknet_1_1__leaf_clk (net)
                      0.039077    0.000288    0.291758 ^ _40_/CLK (sky130_fd_sc_hd__dfrtp_2)
     3    0.042037    0.124599    0.483093    0.774851 v _40_/Q (sky130_fd_sc_hd__dfrtp_2)
                                                         pad_slew[1] (net)
                      0.124600    0.000708    0.775560 v _20_/A (sky130_fd_sc_hd__and2_2)
     1    0.036331    0.102485    0.279775    1.055335 v _20_/X (sky130_fd_sc_hd__and2_2)
                                                         reg_rdata[4] (net)
                      0.102485    0.000296    1.055630 v reg_rdata[4] (out)
                                              1.055630   data arrival time

                                  0.000000    0.000000   clock clk (rise edge)
                                  0.000000    0.000000   clock network delay (propagated)
                                  0.250000    0.250000   clock uncertainty
                                  0.000000    0.250000   clock reconvergence pessimism
                                 -2.000000   -1.750000   output external delay
                                             -1.750000   data required time
---------------------------------------------------------------------------------------------
                                             -1.750000   data required time
                                             -1.055630   data arrival time
---------------------------------------------------------------------------------------------
                                              2.805630   slack (MET)


Startpoint: _42_ (rising edge-triggered flip-flop clocked by clk)
Endpoint: reg_rdata[6] (output port clocked by clk)
Path Group: clk
Path Type: min

Fanout         Cap        Slew       Delay        Time   Description
---------------------------------------------------------------------------------------------
                                  0.000000    0.000000   clock clk (rise edge)
                                  0.000000    0.000000   clock source latency
     1    0.011836    0.059623    0.040002    0.040002 ^ clk (in)
                                                         clk (net)
                      0.059624    0.000000    0.040002 ^ clkbuf_0_clk/A (sky130_fd_sc_hd__clkbuf_16)
     2    0.019500    0.041427    0.130282    0.170284 ^ clkbuf_0_clk/X (sky130_fd_sc_hd__clkbuf_16)
                                                         clknet_0_clk (net)
                      0.041427    0.000223    0.170507 ^ clkbuf_1_1__f_clk/A (sky130_fd_sc_hd__clkbuf_16)
     6    0.016743    0.039069    0.120963    0.291470 ^ clkbuf_1_1__f_clk/X (sky130_fd_sc_hd__clkbuf_16)
                                                         clknet_1_1__leaf_clk (net)
                      0.039077    0.000194    0.291664 ^ _42_/CLK (sky130_fd_sc_hd__dfrtp_2)
     3    0.043495    0.127553    0.486100    0.777764 v _42_/Q (sky130_fd_sc_hd__dfrtp_2)
                                                         pad_schmitt_en (net)
                      0.127553    0.000247    0.778011 v _22_/A (sky130_fd_sc_hd__and2_2)
     1    0.034834    0.103221    0.278028    1.056039 v _22_/X (sky130_fd_sc_hd__and2_2)
                                                         reg_rdata[6] (net)
                      0.103221    0.000397    1.056436 v reg_rdata[6] (out)
                                              1.056436   data arrival time

                                  0.000000    0.000000   clock clk (rise edge)
                                  0.000000    0.000000   clock network delay (propagated)
                                  0.250000    0.250000   clock uncertainty
                                  0.000000    0.250000   clock reconvergence pessimism
                                 -2.000000   -1.750000   output external delay
                                             -1.750000   data required time
---------------------------------------------------------------------------------------------
                                             -1.750000   data required time
                                             -1.056436   data arrival time
---------------------------------------------------------------------------------------------
                                              2.806436   slack (MET)


Startpoint: _39_ (rising edge-triggered flip-flop clocked by clk)
Endpoint: reg_rdata[3] (output port clocked by clk)
Path Group: clk
Path Type: min

Fanout         Cap        Slew       Delay        Time   Description
---------------------------------------------------------------------------------------------
                                  0.000000    0.000000   clock clk (rise edge)
                                  0.000000    0.000000   clock source latency
     1    0.011836    0.059623    0.040002    0.040002 ^ clk (in)
                                                         clk (net)
                      0.059624    0.000000    0.040002 ^ clkbuf_0_clk/A (sky130_fd_sc_hd__clkbuf_16)
     2    0.019500    0.041427    0.130282    0.170284 ^ clkbuf_0_clk/X (sky130_fd_sc_hd__clkbuf_16)
                                                         clknet_0_clk (net)
                      0.041427    0.000197    0.170481 ^ clkbuf_1_0__f_clk/A (sky130_fd_sc_hd__clkbuf_16)
     5    0.014464    0.037133    0.118850    0.289332 ^ clkbuf_1_0__f_clk/X (sky130_fd_sc_hd__clkbuf_16)
                                                         clknet_1_0__leaf_clk (net)
                      0.037133    0.000127    0.289459 ^ _39_/CLK (sky130_fd_sc_hd__dfrtp_2)
     3    0.043504    0.127517    0.485517    0.774976 v _39_/Q (sky130_fd_sc_hd__dfrtp_2)
                                                         pad_slew[0] (net)
                      0.127517    0.000103    0.775078 v _19_/A (sky130_fd_sc_hd__and2_2)
     1    0.036199    0.102318    0.280640    1.055718 v _19_/X (sky130_fd_sc_hd__and2_2)
                                                         reg_rdata[3] (net)
                      0.102322    0.000752    1.056471 v reg_rdata[3] (out)
                                              1.056471   data arrival time

                                  0.000000    0.000000   clock clk (rise edge)
                                  0.000000    0.000000   clock network delay (propagated)
                                  0.250000    0.250000   clock uncertainty
                                  0.000000    0.250000   clock reconvergence pessimism
                                 -2.000000   -1.750000   output external delay
                                             -1.750000   data required time
---------------------------------------------------------------------------------------------
                                             -1.750000   data required time
                                             -1.056471   data arrival time
---------------------------------------------------------------------------------------------
                                              2.806471   slack (MET)


Startpoint: _36_ (rising edge-triggered flip-flop clocked by clk)
Endpoint: reg_rdata[0] (output port clocked by clk)
Path Group: clk
Path Type: min

Fanout         Cap        Slew       Delay        Time   Description
---------------------------------------------------------------------------------------------
                                  0.000000    0.000000   clock clk (rise edge)
                                  0.000000    0.000000   clock source latency
     1    0.011836    0.059623    0.040002    0.040002 ^ clk (in)
                                                         clk (net)
                      0.059624    0.000000    0.040002 ^ clkbuf_0_clk/A (sky130_fd_sc_hd__clkbuf_16)
     2    0.019500    0.041427    0.130282    0.170284 ^ clkbuf_0_clk/X (sky130_fd_sc_hd__clkbuf_16)
                                                         clknet_0_clk (net)
                      0.041427    0.000223    0.170507 ^ clkbuf_1_1__f_clk/A (sky130_fd_sc_hd__clkbuf_16)
     6    0.016743    0.039069    0.120963    0.291470 ^ clkbuf_1_1__f_clk/X (sky130_fd_sc_hd__clkbuf_16)
                                                         clknet_1_1__leaf_clk (net)
                      0.039077    0.000293    0.291763 ^ _36_/CLK (sky130_fd_sc_hd__dfrtp_2)
     3    0.041401    0.203140    0.470634    0.762398 ^ _36_/Q (sky130_fd_sc_hd__dfrtp_2)
                                                         pad_oe (net)
                      0.203140    0.000200    0.762598 ^ _16_/A1 (sky130_fd_sc_hd__a22o_2)
     1    0.037410    0.194563    0.306193    1.068791 ^ _16_/X (sky130_fd_sc_hd__a22o_2)
                                                         reg_rdata[0] (net)
                      0.194564    0.000788    1.069579 ^ reg_rdata[0] (out)
                                              1.069579   data arrival time

                                  0.000000    0.000000   clock clk (rise edge)
                                  0.000000    0.000000   clock network delay (propagated)
                                  0.250000    0.250000   clock uncertainty
                                  0.000000    0.250000   clock reconvergence pessimism
                                 -2.000000   -1.750000   output external delay
                                             -1.750000   data required time
---------------------------------------------------------------------------------------------
                                             -1.750000   data required time
                                             -1.069579   data arrival time
---------------------------------------------------------------------------------------------
                                              2.819579   slack (MET)


Startpoint: core_dout (input port clocked by clk)
Endpoint: pad_dout (output port clocked by clk)
Path Group: clk
Path Type: min

Fanout         Cap        Slew       Delay        Time   Description
---------------------------------------------------------------------------------------------
                                  0.000000    0.000000   clock clk (rise edge)
                                  0.000000    0.000000   clock network delay (propagated)
                                  2.000000    2.000000 v input external delay
     2    0.005809    0.015367    0.009394    2.009394 v core_dout (in)
                                                         core_dout (net)
                      0.015367    0.000000    2.009394 v _46_/A (sky130_fd_sc_hd__buf_2)
     1    0.034519    0.089973    0.168304    2.177698 v _46_/X (sky130_fd_sc_hd__buf_2)
                                                         pad_dout (net)
                      0.089973    0.000294    2.177992 v pad_dout (out)
                                              2.177992   data arrival time

                                  0.000000    0.000000   clock clk (rise edge)
                                  0.000000    0.000000   clock network delay (propagated)
                                  0.250000    0.250000   clock uncertainty
                                  0.000000    0.250000   clock reconvergence pessimism
                                 -2.000000   -1.750000   output external delay
                                             -1.750000   data required time
---------------------------------------------------------------------------------------------
                                             -1.750000   data required time
                                             -2.177992   data arrival time
---------------------------------------------------------------------------------------------
                                              3.927992   slack (MET)



