Reading timing models for corner min_ss_100C_1v60…
Reading cell library for the 'min_ss_100C_1v60' corner at '/root/.volare/sky130A/libs.ref/sky130_fd_sc_hd/lib/sky130_fd_sc_hd__ss_100C_1v60.lib'…
Reading top-level netlist at '/content/openlane_run/30-openroad-fillinsertion/io_pad_wrapper.nl.v'…
Linking design 'io_pad_wrapper' from netlist…
Warning: /content/openlane_run/30-openroad-fillinsertion/io_pad_wrapper.nl.v line 197, module sky130_fd_sc_hd__tapvpwrvgnd_1 not found. Creating black box for TAP_TAPCELL_ROW_0_22.
Warning: /content/openlane_run/30-openroad-fillinsertion/io_pad_wrapper.nl.v line 220, module sky130_fd_sc_hd__fill_1 not found. Creating black box for FILLER_0_0_46.
Warning: /content/openlane_run/30-openroad-fillinsertion/io_pad_wrapper.nl.v line 230, module sky130_fd_sc_hd__fill_2 not found. Creating black box for FILLER_0_3_3.
Warning: /content/openlane_run/30-openroad-fillinsertion/io_pad_wrapper.nl.v line 244, module sky130_ef_sc_hd__decap_12 not found. Creating black box for FILLER_0_8_15.
Reading design constraints file at '/content/openlane_ipynb/openlane/scripts/base.sdc'…
[INFO] Using clock clk…
[INFO] Setting output delay to: 2
[INFO] Setting input delay to: 2
[INFO] Setting load to: 0.033442
[INFO] Setting clock uncertainty to: 0.25
[INFO] Setting clock transition to: 0.1499999999999999944488848768742172978818416595458984375
[INFO] Setting timing derate to: 5%
Reading top-level design parasitics for the 'min_ss_100C_1v60' corner at '/content/openlane_run/31-openroad-rcx/min/io_pad_wrapper.min.spef'…
%OL_CREATE_REPORT min.rpt

===========================================================================
report_checks -path_delay min (Hold)
============================================================================
======================= min_ss_100C_1v60 Corner ===================================

Startpoint: rst_n (input port clocked by clk)
Endpoint: _41_ (removal check against rising-edge clock clk)
Path Group: asynchronous
Path Type: min

Fanout         Cap        Slew       Delay        Time   Description
---------------------------------------------------------------------------------------------
                                  0.000000    0.000000   clock clk (rise edge)
                                  0.000000    0.000000   clock network delay (propagated)
                                  2.000000    2.000000 ^ input external delay
    10    0.042592    0.307969    0.213455    2.213455 ^ rst_n (in)
                                                         rst_n (net)
                      0.307971    0.000000    2.213455 ^ _41_/RESET_B (sky130_fd_sc_hd__dfrtp_2)
                                              2.213455   data arrival time

                                  0.000000    0.000000   clock clk (rise edge)
                                  0.000000    0.000000   clock source latency
     1    0.011836    0.093701    0.061554    0.061554 ^ clk (in)
                                                         clk (net)
                      0.093702    0.000000    0.061554 ^ clkbuf_0_clk/A (sky130_fd_sc_hd__clkbuf_16)
     2    0.019500    0.066802    0.231705    0.293259 ^ clkbuf_0_clk/X (sky130_fd_sc_hd__clkbuf_16)
                                                         clknet_0_clk (net)
                      0.066802    0.000223    0.293483 ^ clkbuf_1_1__f_clk/A (sky130_fd_sc_hd__clkbuf_16)
     6    0.016167    0.062659    0.214672    0.508154 ^ clkbuf_1_1__f_clk/X (sky130_fd_sc_hd__clkbuf_16)
                                                         clknet_1_1__leaf_clk (net)
                      0.062659    0.000374    0.508529 ^ _41_/CLK (sky130_fd_sc_hd__dfrtp_2)
                                  0.250000    0.758529   clock uncertainty
                                  0.000000    0.758529   clock reconvergence pessimism
                                  0.728155    1.486684   library removal time
                                              1.486684   data required time
---------------------------------------------------------------------------------------------
                                              1.486684   data required time
                                             -2.213455   data arrival time
---------------------------------------------------------------------------------------------
                                              0.726771   slack (MET)


Startpoint: rst_n (input port clocked by clk)
Endpoint: _40_ (removal check against rising-edge clock clk)
Path Group: asynchronous
Path Type: min

Fanout         Cap        Slew       Delay        Time   Description
---------------------------------------------------------------------------------------------
                                  0.000000    0.000000   clock clk (rise edge)
                                  0.000000    0.000000   clock network delay (propagated)
                                  2.000000    2.000000 ^ input external delay
    10    0.042592    0.307969    0.213732    2.213732 ^ rst_n (in)
                                                         rst_n (net)
                      0.307973    0.000000    2.213732 ^ _40_/RESET_B (sky130_fd_sc_hd__dfrtp_2)
                                              2.213732   data arrival time

                                  0.000000    0.000000   clock clk (rise edge)
                                  0.000000    0.000000   clock source latency
     1    0.011836    0.093701    0.061554    0.061554 ^ clk (in)
                                                         clk (net)
                      0.093702    0.000000    0.061554 ^ clkbuf_0_clk/A (sky130_fd_sc_hd__clkbuf_16)
     2    0.019500    0.066802    0.231705    0.293259 ^ clkbuf_0_clk/X (sky130_fd_sc_hd__clkbuf_16)
                                                         clknet_0_clk (net)
                      0.066802    0.000223    0.293483 ^ clkbuf_1_1__f_clk/A (sky130_fd_sc_hd__clkbuf_16)
     6    0.016167    0.062659    0.214672    0.508154 ^ clkbuf_1_1__f_clk/X (sky130_fd_sc_hd__clkbuf_16)
                                                         clknet_1_1__leaf_clk (net)
                      0.062659    0.000278    0.508432 ^ _40_/CLK (sky130_fd_sc_hd__dfrtp_2)
                                  0.250000    0.758432   clock uncertainty
                                  0.000000    0.758432   clock reconvergence pessimism
                                  0.728155    1.486588   library removal time
                                              1.486588   data required time
---------------------------------------------------------------------------------------------
                                              1.486588   data required time
                                             -2.213732   data arrival time
---------------------------------------------------------------------------------------------
                                              0.727144   slack (MET)


Startpoint: rst_n (input port clocked by clk)
Endpoint: _42_ (removal check against rising-edge clock clk)
Path Group: asynchronous
Path Type: min

Fanout         Cap        Slew       Delay        Time   Description
---------------------------------------------------------------------------------------------
                                  0.000000    0.000000   clock clk (rise edge)
                                  0.000000    0.000000   clock network delay (propagated)
                                  2.000000    2.000000 ^ input external delay
    10    0.042592    0.307969    0.213685    2.213685 ^ rst_n (in)
                                                         rst_n (net)
                      0.307972    0.000000    2.213685 ^ _42_/RESET_B (sky130_fd_sc_hd__dfrtp_2)
                                              2.213685   data arrival time

                                  0.000000    0.000000   clock clk (rise edge)
                                  0.000000    0.000000   clock source latency
     1    0.011836    0.093701    0.061554    0.061554 ^ clk (in)
                                                         clk (net)
                      0.093702    0.000000    0.061554 ^ clkbuf_0_clk/A (sky130_fd_sc_hd__clkbuf_16)
     2    0.019500    0.066802    0.231705    0.293259 ^ clkbuf_0_clk/X (sky130_fd_sc_hd__clkbuf_16)
                                                         clknet_0_clk (net)
                      0.066802    0.000223    0.293483 ^ clkbuf_1_1__f_clk/A (sky130_fd_sc_hd__clkbuf_16)
     6    0.016167    0.062659    0.214672    0.508154 ^ clkbuf_1_1__f_clk/X (sky130_fd_sc_hd__clkbuf_16)
                                                         clknet_1_1__leaf_clk (net)
                      0.062659    0.000187    0.508341 ^ _42_/CLK (sky130_fd_sc_hd__dfrtp_2)
                                  0.250000    0.758341   clock uncertainty
                                  0.000000    0.758341   clock reconvergence pessimism
                                  0.728155    1.486497   library removal time
                                              1.486497   data required time
---------------------------------------------------------------------------------------------
                                              1.486497   data required time
                                             -2.213685   data arrival time
---------------------------------------------------------------------------------------------
                                              0.727188   slack (MET)


Startpoint: rst_n (input port clocked by clk)
Endpoint: _36_ (removal check against rising-edge clock clk)
Path Group: asynchronous
Path Type: min

Fanout         Cap        Slew       Delay        Time   Description
---------------------------------------------------------------------------------------------
                                  0.000000    0.000000   clock clk (rise edge)
                                  0.000000    0.000000   clock network delay (propagated)
                                  2.000000    2.000000 ^ input external delay
    10    0.042592    0.307969    0.213935    2.213935 ^ rst_n (in)
                                                         rst_n (net)
                      0.307975    0.000000    2.213935 ^ _36_/RESET_B (sky130_fd_sc_hd__dfrtp_2)
                                              2.213935   data arrival time

                                  0.000000    0.000000   clock clk (rise edge)
                                  0.000000    0.000000   clock source latency
     1    0.011836    0.093701    0.061554    0.061554 ^ clk (in)
                                                         clk (net)
                      0.093702    0.000000    0.061554 ^ clkbuf_0_clk/A (sky130_fd_sc_hd__clkbuf_16)
     2    0.019500    0.066802    0.231705    0.293259 ^ clkbuf_0_clk/X (sky130_fd_sc_hd__clkbuf_16)
                                                         clknet_0_clk (net)
                      0.066802    0.000223    0.293483 ^ clkbuf_1_1__f_clk/A (sky130_fd_sc_hd__clkbuf_16)
     6    0.016167    0.062659    0.214672    0.508154 ^ clkbuf_1_1__f_clk/X (sky130_fd_sc_hd__clkbuf_16)
                                                         clknet_1_1__leaf_clk (net)
                      0.062659    0.000283    0.508437 ^ _36_/CLK (sky130_fd_sc_hd__dfrtp_2)
                                  0.250000    0.758437   clock uncertainty
                                  0.000000    0.758437   clock reconvergence pessimism
                                  0.728156    1.486593   library removal time
                                              1.486593   data required time
---------------------------------------------------------------------------------------------
                                              1.486593   data required time
                                             -2.213935   data arrival time
---------------------------------------------------------------------------------------------
                                              0.727342   slack (MET)


Startpoint: rst_n (input port clocked by clk)
Endpoint: _45_ (removal check against rising-edge clock clk)
Path Group: asynchronous
Path Type: min

Fanout         Cap        Slew       Delay        Time   Description
---------------------------------------------------------------------------------------------
                                  0.000000    0.000000   clock clk (rise edge)
                                  0.000000    0.000000   clock network delay (propagated)
                                  2.000000    2.000000 ^ input external delay
    10    0.042592    0.307969    0.214043    2.214043 ^ rst_n (in)
                                                         rst_n (net)
                      0.307976    0.000000    2.214043 ^ _45_/RESET_B (sky130_fd_sc_hd__dfrtp_2)
                                              2.214043   data arrival time

                                  0.000000    0.000000   clock clk (rise edge)
                                  0.000000    0.000000   clock source latency
     1    0.011836    0.093701    0.061554    0.061554 ^ clk (in)
                                                         clk (net)
                      0.093702    0.000000    0.061554 ^ clkbuf_0_clk/A (sky130_fd_sc_hd__clkbuf_16)
     2    0.019500    0.066802    0.231705    0.293259 ^ clkbuf_0_clk/X (sky130_fd_sc_hd__clkbuf_16)
                                                         clknet_0_clk (net)
                      0.066802    0.000223    0.293483 ^ clkbuf_1_1__f_clk/A (sky130_fd_sc_hd__clkbuf_16)
     6    0.016167    0.062659    0.214672    0.508154 ^ clkbuf_1_1__f_clk/X (sky130_fd_sc_hd__clkbuf_16)
                                                         clknet_1_1__leaf_clk (net)
                      0.062659    0.000379    0.508533 ^ _45_/CLK (sky130_fd_sc_hd__dfrtp_2)
                                  0.250000    0.758533   clock uncertainty
                                  0.000000    0.758533   clock reconvergence pessimism
                                  0.728156    1.486689   library removal time
                                              1.486689   data required time
---------------------------------------------------------------------------------------------
                                              1.486689   data required time
                                             -2.214043   data arrival time
---------------------------------------------------------------------------------------------
                                              0.727353   slack (MET)


Startpoint: rst_n (input port clocked by clk)
Endpoint: _44_ (removal check against rising-edge clock clk)
Path Group: asynchronous
Path Type: min

Fanout         Cap        Slew       Delay        Time   Description
---------------------------------------------------------------------------------------------
                                  0.000000    0.000000   clock clk (rise edge)
                                  0.000000    0.000000   clock network delay (propagated)
                                  2.000000    2.000000 ^ input external delay
    10    0.042592    0.307969    0.214035    2.214036 ^ rst_n (in)
                                                         rst_n (net)
                      0.307976    0.000000    2.214036 ^ _44_/RESET_B (sky130_fd_sc_hd__dfrtp_2)
                                              2.214036   data arrival time

                                  0.000000    0.000000   clock clk (rise edge)
                                  0.000000    0.000000   clock source latency
     1    0.011836    0.093701    0.061554    0.061554 ^ clk (in)
                                                         clk (net)
                      0.093702    0.000000    0.061554 ^ clkbuf_0_clk/A (sky130_fd_sc_hd__clkbuf_16)
     2    0.019500    0.066802    0.231705    0.293259 ^ clkbuf_0_clk/X (sky130_fd_sc_hd__clkbuf_16)
                                                         clknet_0_clk (net)
                      0.066802    0.000223    0.293483 ^ clkbuf_1_1__f_clk/A (sky130_fd_sc_hd__clkbuf_16)
     6    0.016167    0.062659    0.214672    0.508154 ^ clkbuf_1_1__f_clk/X (sky130_fd_sc_hd__clkbuf_16)
                                                         clknet_1_1__leaf_clk (net)
                      0.062659    0.000346    0.508501 ^ _44_/CLK (sky130_fd_sc_hd__dfrtp_2)
                                  0.250000    0.758501   clock uncertainty
                                  0.000000    0.758501   clock reconvergence pessimism
                                  0.728156    1.486657   library removal time
                                              1.486657   data required time
---------------------------------------------------------------------------------------------
                                              1.486657   data required time
                                             -2.214036   data arrival time
---------------------------------------------------------------------------------------------
                                              0.727378   slack (MET)


Startpoint: rst_n (input port clocked by clk)
Endpoint: _43_ (removal check against rising-edge clock clk)
Path Group: asynchronous
Path Type: min

Fanout         Cap        Slew       Delay        Time   Description
---------------------------------------------------------------------------------------------
                                  0.000000    0.000000   clock clk (rise edge)
                                  0.000000    0.000000   clock network delay (propagated)
                                  2.000000    2.000000 ^ input external delay
    10    0.042592    0.307969    0.213301    2.213301 ^ rst_n (in)
                                                         rst_n (net)
                      0.307970    0.000000    2.213301 ^ _43_/RESET_B (sky130_fd_sc_hd__dfrtp_2)
                                              2.213301   data arrival time

                                  0.000000    0.000000   clock clk (rise edge)
                                  0.000000    0.000000   clock source latency
     1    0.011836    0.093701    0.061554    0.061554 ^ clk (in)
                                                         clk (net)
                      0.093702    0.000000    0.061554 ^ clkbuf_0_clk/A (sky130_fd_sc_hd__clkbuf_16)
     2    0.019500    0.066802    0.231705    0.293259 ^ clkbuf_0_clk/X (sky130_fd_sc_hd__clkbuf_16)
                                                         clknet_0_clk (net)
                      0.066802    0.000197    0.293457 ^ clkbuf_1_0__f_clk/A (sky130_fd_sc_hd__clkbuf_16)
     5    0.014074    0.060042    0.211748    0.505205 ^ clkbuf_1_0__f_clk/X (sky130_fd_sc_hd__clkbuf_16)
                                                         clknet_1_0__leaf_clk (net)
                      0.060042    0.000118    0.505323 ^ _43_/CLK (sky130_fd_sc_hd__dfrtp_2)
                                  0.250000    0.755323   clock uncertainty
                                  0.000000    0.755323   clock reconvergence pessimism
                                  0.727368    1.482690   library removal time
                                              1.482690   data required time
---------------------------------------------------------------------------------------------
                                              1.482690   data required time
                                             -2.213301   data arrival time
---------------------------------------------------------------------------------------------
                                              0.730611   slack (MET)


Startpoint: rst_n (input port clocked by clk)
Endpoint: _39_ (removal check against rising-edge clock clk)
Path Group: asynchronous
Path Type: min

Fanout         Cap        Slew       Delay        Time   Description
---------------------------------------------------------------------------------------------
                                  0.000000    0.000000   clock clk (rise edge)
                                  0.000000    0.000000   clock network delay (propagated)
                                  2.000000    2.000000 ^ input external delay
    10    0.042592    0.307969    0.213412    2.213412 ^ rst_n (in)
                                                         rst_n (net)
                      0.307971    0.000000    2.213412 ^ _39_/RESET_B (sky130_fd_sc_hd__dfrtp_2)
                                              2.213412   data arrival time

                                  0.000000    0.000000   clock clk (rise edge)
                                  0.000000    0.000000   clock source latency
     1    0.011836    0.093701    0.061554    0.061554 ^ clk (in)
                                                         clk (net)
                      0.093702    0.000000    0.061554 ^ clkbuf_0_clk/A (sky130_fd_sc_hd__clkbuf_16)
     2    0.019500    0.066802    0.231705    0.293259 ^ clkbuf_0_clk/X (sky130_fd_sc_hd__clkbuf_16)
                                                         clknet_0_clk (net)
                      0.066802    0.000197    0.293457 ^ clkbuf_1_0__f_clk/A (sky130_fd_sc_hd__clkbuf_16)
     5    0.014074    0.060042    0.211748    0.505205 ^ clkbuf_1_0__f_clk/X (sky130_fd_sc_hd__clkbuf_16)
                                                         clknet_1_0__leaf_clk (net)
                      0.060042    0.000123    0.505328 ^ _39_/CLK (sky130_fd_sc_hd__dfrtp_2)
                                  0.250000    0.755328   clock uncertainty
                                  0.000000    0.755328   clock reconvergence pessimism
                                  0.727368    1.482695   library removal time
                                              1.482695   data required time
---------------------------------------------------------------------------------------------
                                              1.482695   data required time
                                             -2.213412   data arrival time
---------------------------------------------------------------------------------------------
                                              0.730716   slack (MET)


Startpoint: rst_n (input port clocked by clk)
Endpoint: _37_ (removal check against rising-edge clock clk)
Path Group: asynchronous
Path Type: min

Fanout         Cap        Slew       Delay        Time   Description
---------------------------------------------------------------------------------------------
                                  0.000000    0.000000   clock clk (rise edge)
                                  0.000000    0.000000   clock network delay (propagated)
                                  2.000000    2.000000 ^ input external delay
    10    0.042592    0.307969    0.214107    2.214107 ^ rst_n (in)
                                                         rst_n (net)
                      0.307977    0.000000    2.214107 ^ _37_/RESET_B (sky130_fd_sc_hd__dfrtp_2)
                                              2.214107   data arrival time

                                  0.000000    0.000000   clock clk (rise edge)
                                  0.000000    0.000000   clock source latency
     1    0.011836    0.093701    0.061554    0.061554 ^ clk (in)
                                                         clk (net)
                      0.093702    0.000000    0.061554 ^ clkbuf_0_clk/A (sky130_fd_sc_hd__clkbuf_16)
     2    0.019500    0.066802    0.231705    0.293259 ^ clkbuf_0_clk/X (sky130_fd_sc_hd__clkbuf_16)
                                                         clknet_0_clk (net)
                      0.066802    0.000197    0.293457 ^ clkbuf_1_0__f_clk/A (sky130_fd_sc_hd__clkbuf_16)
     5    0.014074    0.060042    0.211748    0.505205 ^ clkbuf_1_0__f_clk/X (sky130_fd_sc_hd__clkbuf_16)
                                                         clknet_1_0__leaf_clk (net)
                      0.060042    0.000125    0.505330 ^ _37_/CLK (sky130_fd_sc_hd__dfrtp_2)
                                  0.250000    0.755330   clock uncertainty
                                  0.000000    0.755330   clock reconvergence pessimism
                                  0.727370    1.482700   library removal time
                                              1.482700   data required time
---------------------------------------------------------------------------------------------
                                              1.482700   data required time
                                             -2.214107   data arrival time
---------------------------------------------------------------------------------------------
                                              0.731407   slack (MET)


Startpoint: rst_n (input port clocked by clk)
Endpoint: _38_ (removal check against rising-edge clock clk)
Path Group: asynchronous
Path Type: min

Fanout         Cap        Slew       Delay        Time   Description
---------------------------------------------------------------------------------------------
                                  0.000000    0.000000   clock clk (rise edge)
                                  0.000000    0.000000   clock network delay (propagated)
                                  2.000000    2.000000 ^ input external delay
    10    0.042592    0.307969    0.214102    2.214102 ^ rst_n (in)
                                                         rst_n (net)
                      0.307976    0.000000    2.214102 ^ _38_/RESET_B (sky130_fd_sc_hd__dfrtp_2)
                                              2.214102   data arrival time

                                  0.000000    0.000000   clock clk (rise edge)
                                  0.000000    0.000000   clock source latency
     1    0.011836    0.093701    0.061554    0.061554 ^ clk (in)
                                                         clk (net)
                      0.093702    0.000000    0.061554 ^ clkbuf_0_clk/A (sky130_fd_sc_hd__clkbuf_16)
     2    0.019500    0.066802    0.231705    0.293259 ^ clkbuf_0_clk/X (sky130_fd_sc_hd__clkbuf_16)
                                                         clknet_0_clk (net)
                      0.066802    0.000197    0.293457 ^ clkbuf_1_0__f_clk/A (sky130_fd_sc_hd__clkbuf_16)
     5    0.014074    0.060042    0.211748    0.505205 ^ clkbuf_1_0__f_clk/X (sky130_fd_sc_hd__clkbuf_16)
                                                         clknet_1_0__leaf_clk (net)
                      0.060042    0.000102    0.505307 ^ _38_/CLK (sky130_fd_sc_hd__dfrtp_2)
                                  0.250000    0.755307   clock uncertainty
                                  0.000000    0.755307   clock reconvergence pessimism
                                  0.727370    1.482677   library removal time
                                              1.482677   data required time
---------------------------------------------------------------------------------------------
                                              1.482677   data required time
                                             -2.214102   data arrival time
---------------------------------------------------------------------------------------------
                                              0.731426   slack (MET)


Startpoint: _45_ (rising edge-triggered flip-flop clocked by clk)
Endpoint: _44_ (rising edge-triggered flip-flop clocked by clk)
Path Group: clk
Path Type: min

Fanout         Cap        Slew       Delay        Time   Description
---------------------------------------------------------------------------------------------
                                  0.000000    0.000000   clock clk (rise edge)
                                  0.000000    0.000000   clock source latency
     1    0.011836    0.093701    0.061554    0.061554 ^ clk (in)
                                                         clk (net)
                      0.093702    0.000000    0.061554 ^ clkbuf_0_clk/A (sky130_fd_sc_hd__clkbuf_16)
     2    0.019500    0.066802    0.231705    0.293259 ^ clkbuf_0_clk/X (sky130_fd_sc_hd__clkbuf_16)
                                                         clknet_0_clk (net)
                      0.066802    0.000223    0.293483 ^ clkbuf_1_1__f_clk/A (sky130_fd_sc_hd__clkbuf_16)
     6    0.016167    0.062659    0.214672    0.508154 ^ clkbuf_1_1__f_clk/X (sky130_fd_sc_hd__clkbuf_16)
                                                         clknet_1_1__leaf_clk (net)
                      0.062659    0.000379    0.508533 ^ _45_/CLK (sky130_fd_sc_hd__dfrtp_2)
     1    0.002241    0.065957    0.663777    1.172310 ^ _45_/Q (sky130_fd_sc_hd__dfrtp_2)
                                                         sync_ff1 (net)
                      0.065957    0.000022    1.172332 ^ _24_/B (sky130_fd_sc_hd__and2_2)
     1    0.002777    0.066896    0.256610    1.428942 ^ _24_/X (sky130_fd_sc_hd__and2_2)
                                                         _00_ (net)
                      0.066896    0.000030    1.428972 ^ _44_/D (sky130_fd_sc_hd__dfrtp_2)
                                              1.428972   data arrival time

                                  0.000000    0.000000   clock clk (rise edge)
                                  0.000000    0.000000   clock source latency
     1    0.011836    0.093701    0.061554    0.061554 ^ clk (in)
                                                         clk (net)
                      0.093702    0.000000    0.061554 ^ clkbuf_0_clk/A (sky130_fd_sc_hd__clkbuf_16)
     2    0.019500    0.066802    0.231705    0.293259 ^ clkbuf_0_clk/X (sky130_fd_sc_hd__clkbuf_16)
                                                         clknet_0_clk (net)
                      0.066802    0.000223    0.293483 ^ clkbuf_1_1__f_clk/A (sky130_fd_sc_hd__clkbuf_16)
     6    0.016167    0.062659    0.214672    0.508154 ^ clkbuf_1_1__f_clk/X (sky130_fd_sc_hd__clkbuf_16)
                                                         clknet_1_1__leaf_clk (net)
                      0.062659    0.000346    0.508501 ^ _44_/CLK (sky130_fd_sc_hd__dfrtp_2)
                                  0.250000    0.758501   clock uncertainty
                                  0.000000    0.758501   clock reconvergence pessimism
                                 -0.077395    0.681106   library hold time
                                              0.681106   data required time
---------------------------------------------------------------------------------------------
                                              0.681106   data required time
                                             -1.428972   data arrival time
---------------------------------------------------------------------------------------------
                                              0.747866   slack (MET)


Startpoint: _41_ (rising edge-triggered flip-flop clocked by clk)
Endpoint: _41_ (rising edge-triggered flip-flop clocked by clk)
Path Group: clk
Path Type: min

Fanout         Cap        Slew       Delay        Time   Description
---------------------------------------------------------------------------------------------
                                  0.000000    0.000000   clock clk (rise edge)
                                  0.000000    0.000000   clock source latency
     1    0.011836    0.093701    0.061554    0.061554 ^ clk (in)
                                                         clk (net)
                      0.093702    0.000000    0.061554 ^ clkbuf_0_clk/A (sky130_fd_sc_hd__clkbuf_16)
     2    0.019500    0.066802    0.231705    0.293259 ^ clkbuf_0_clk/X (sky130_fd_sc_hd__clkbuf_16)
                                                         clknet_0_clk (net)
                      0.066802    0.000223    0.293483 ^ clkbuf_1_1__f_clk/A (sky130_fd_sc_hd__clkbuf_16)
     6    0.016167    0.062659    0.214672    0.508154 ^ clkbuf_1_1__f_clk/X (sky130_fd_sc_hd__clkbuf_16)
                                                         clknet_1_1__leaf_clk (net)
                      0.062659    0.000374    0.508529 ^ _41_/CLK (sky130_fd_sc_hd__dfrtp_2)
     4    0.011531    0.128880    0.737713    1.246241 ^ _41_/Q (sky130_fd_sc_hd__dfrtp_2)
                                                         ie (net)
                      0.128880    0.000128    1.246370 ^ _33_/A1 (sky130_fd_sc_hd__mux2_1)
     1    0.002981    0.074361    0.256890    1.503259 ^ _33_/X (sky130_fd_sc_hd__mux2_1)
                                                         _07_ (net)
                      0.074361    0.000034    1.503294 ^ _41_/D (sky130_fd_sc_hd__dfrtp_2)
                                              1.503294   data arrival time

                                  0.000000    0.000000   clock clk (rise edge)
                                  0.000000    0.000000   clock source latency
     1    0.011836    0.093701    0.061554    0.061554 ^ clk (in)
                                                         clk (net)
                      0.093702    0.000000    0.061554 ^ clkbuf_0_clk/A (sky130_fd_sc_hd__clkbuf_16)
     2    0.019500    0.066802    0.231705    0.293259 ^ clkbuf_0_clk/X (sky130_fd_sc_hd__clkbuf_16)
                                                         clknet_0_clk (net)
                      0.066802    0.000223    0.293483 ^ clkbuf_1_1__f_clk/A (sky130_fd_sc_hd__clkbuf_16)
     6    0.016167    0.062659    0.214672    0.508154 ^ clkbuf_1_1__f_clk/X (sky130_fd_sc_hd__clkbuf_16)
                                                         clknet_1_1__leaf_clk (net)
                      0.062659    0.000374    0.508529 ^ _41_/CLK (sky130_fd_sc_hd__dfrtp_2)
                                  0.250000    0.758529   clock uncertainty
                                  0.000000    0.758529   clock reconvergence pessimism
                                 -0.079094    0.679435   library hold time
                                              0.679435   data required time
---------------------------------------------------------------------------------------------
                                              0.679435   data required time
                                             -1.503294   data arrival time
---------------------------------------------------------------------------------------------
                                              0.823859   slack (MET)


Startpoint: _41_ (rising edge-triggered flip-flop clocked by clk)
Endpoint: _45_ (rising edge-triggered flip-flop clocked by clk)
Path Group: clk
Path Type: min

Fanout         Cap        Slew       Delay        Time   Description
---------------------------------------------------------------------------------------------
                                  0.000000    0.000000   clock clk (rise edge)
                                  0.000000    0.000000   clock source latency
     1    0.011836    0.093701    0.061554    0.061554 ^ clk (in)
                                                         clk (net)
                      0.093702    0.000000    0.061554 ^ clkbuf_0_clk/A (sky130_fd_sc_hd__clkbuf_16)
     2    0.019500    0.066802    0.231705    0.293259 ^ clkbuf_0_clk/X (sky130_fd_sc_hd__clkbuf_16)
                                                         clknet_0_clk (net)
                      0.066802    0.000223    0.293483 ^ clkbuf_1_1__f_clk/A (sky130_fd_sc_hd__clkbuf_16)
     6    0.016167    0.062659    0.214672    0.508154 ^ clkbuf_1_1__f_clk/X (sky130_fd_sc_hd__clkbuf_16)
                                                         clknet_1_1__leaf_clk (net)
                      0.062659    0.000374    0.508529 ^ _41_/CLK (sky130_fd_sc_hd__dfrtp_2)
     4    0.011531    0.128880    0.737713    1.246241 ^ _41_/Q (sky130_fd_sc_hd__dfrtp_2)
                                                         ie (net)
                      0.128880    0.000164    1.246405 ^ _26_/A (sky130_fd_sc_hd__and2_2)
     1    0.002595    0.065634    0.271530    1.517935 ^ _26_/X (sky130_fd_sc_hd__and2_2)
                                                         _01_ (net)
                      0.065634    0.000029    1.517964 ^ _45_/D (sky130_fd_sc_hd__dfrtp_2)
                                              1.517964   data arrival time

                                  0.000000    0.000000   clock clk (rise edge)
                                  0.000000    0.000000   clock source latency
     1    0.011836    0.093701    0.061554    0.061554 ^ clk (in)
                                                         clk (net)
                      0.093702    0.000000    0.061554 ^ clkbuf_0_clk/A (sky130_fd_sc_hd__clkbuf_16)
     2    0.019500    0.066802    0.231705    0.293259 ^ clkbuf_0_clk/X (sky130_fd_sc_hd__clkbuf_16)
                                                         clknet_0_clk (net)
                      0.066802    0.000223    0.293483 ^ clkbuf_1_1__f_clk/A (sky130_fd_sc_hd__clkbuf_16)
     6    0.016167    0.062659    0.214672    0.508154 ^ clkbuf_1_1__f_clk/X (sky130_fd_sc_hd__clkbuf_16)
                                                         clknet_1_1__leaf_clk (net)
                      0.062659    0.000379    0.508533 ^ _45_/CLK (sky130_fd_sc_hd__dfrtp_2)
                                  0.250000    0.758533   clock uncertainty
                                  0.000000    0.758533   clock reconvergence pessimism
                                 -0.077108    0.681425   library hold time
                                              0.681425   data required time
---------------------------------------------------------------------------------------------
                                              0.681425   data required time
                                             -1.517964   data arrival time
---------------------------------------------------------------------------------------------
                                              0.836539   slack (MET)


Startpoint: _43_ (rising edge-triggered flip-flop clocked by clk)
Endpoint: _43_ (rising edge-triggered flip-flop clocked by clk)
Path Group: clk
Path Type: min

Fanout         Cap        Slew       Delay        Time   Description
---------------------------------------------------------------------------------------------
                                  0.000000    0.000000   clock clk (rise edge)
                                  0.000000    0.000000   clock source latency
     1    0.011836    0.093701    0.061554    0.061554 ^ clk (in)
                                                         clk (net)
                      0.093702    0.000000    0.061554 ^ clkbuf_0_clk/A (sky130_fd_sc_hd__clkbuf_16)
     2    0.019500    0.066802    0.231705    0.293259 ^ clkbuf_0_clk/X (sky130_fd_sc_hd__clkbuf_16)
                                                         clknet_0_clk (net)
                      0.066802    0.000197    0.293457 ^ clkbuf_1_0__f_clk/A (sky130_fd_sc_hd__clkbuf_16)
     5    0.014074    0.060042    0.211748    0.505205 ^ clkbuf_1_0__f_clk/X (sky130_fd_sc_hd__clkbuf_16)
                                                         clknet_1_0__leaf_clk (net)
                      0.060042    0.000118    0.505323 ^ _43_/CLK (sky130_fd_sc_hd__dfrtp_2)
     3    0.014622    0.150947    0.757558    1.262881 ^ _43_/Q (sky130_fd_sc_hd__dfrtp_2)
                                                         loopback_en (net)
                      0.150947    0.000262    1.263143 ^ _35_/A1 (sky130_fd_sc_hd__mux2_1)
     1    0.003524    0.080893    0.273477    1.536620 ^ _35_/X (sky130_fd_sc_hd__mux2_1)
                                                         _09_ (net)
                      0.080893    0.000046    1.536665 ^ _43_/D (sky130_fd_sc_hd__dfrtp_2)
                                              1.536665   data arrival time

                                  0.000000    0.000000   clock clk (rise edge)
                                  0.000000    0.000000   clock source latency
     1    0.011836    0.093701    0.061554    0.061554 ^ clk (in)
                                                         clk (net)
                      0.093702    0.000000    0.061554 ^ clkbuf_0_clk/A (sky130_fd_sc_hd__clkbuf_16)
     2    0.019500    0.066802    0.231705    0.293259 ^ clkbuf_0_clk/X (sky130_fd_sc_hd__clkbuf_16)
                                                         clknet_0_clk (net)
                      0.066802    0.000197    0.293457 ^ clkbuf_1_0__f_clk/A (sky130_fd_sc_hd__clkbuf_16)
     5    0.014074    0.060042    0.211748    0.505205 ^ clkbuf_1_0__f_clk/X (sky130_fd_sc_hd__clkbuf_16)
                                                         clknet_1_0__leaf_clk (net)
                      0.060042    0.000118    0.505323 ^ _43_/CLK (sky130_fd_sc_hd__dfrtp_2)
                                  0.250000    0.755323   clock uncertainty
                                  0.000000    0.755323   clock reconvergence pessimism
                                 -0.081010    0.674313   library hold time
                                              0.674313   data required time
---------------------------------------------------------------------------------------------
                                              0.674313   data required time
                                             -1.536665   data arrival time
---------------------------------------------------------------------------------------------
                                              0.862352   slack (MET)


Startpoint: _37_ (rising edge-triggered flip-flop clocked by clk)
Endpoint: _37_ (rising edge-triggered flip-flop clocked by clk)
Path Group: clk
Path Type: min

Fanout         Cap        Slew       Delay        Time   Description
---------------------------------------------------------------------------------------------
                                  0.000000    0.000000   clock clk (rise edge)
                                  0.000000    0.000000   clock source latency
     1    0.011836    0.093701    0.061554    0.061554 ^ clk (in)
                                                         clk (net)
                      0.093702    0.000000    0.061554 ^ clkbuf_0_clk/A (sky130_fd_sc_hd__clkbuf_16)
     2    0.019500    0.066802    0.231705    0.293259 ^ clkbuf_0_clk/X (sky130_fd_sc_hd__clkbuf_16)
                                                         clknet_0_clk (net)
                      0.066802    0.000197    0.293457 ^ clkbuf_1_0__f_clk/A (sky130_fd_sc_hd__clkbuf_16)
     5    0.014074    0.060042    0.211748    0.505205 ^ clkbuf_1_0__f_clk/X (sky130_fd_sc_hd__clkbuf_16)
                                                         clknet_1_0__leaf_clk (net)
                      0.060042    0.000125    0.505330 ^ _37_/CLK (sky130_fd_sc_hd__dfrtp_2)
     3    0.041025    0.328493    0.904764    1.410095 ^ _37_/Q (sky130_fd_sc_hd__dfrtp_2)
                                                         pad_pu_en (net)
                      0.328493    0.000311    1.410406 ^ _29_/A1 (sky130_fd_sc_hd__mux2_1)
     1    0.002223    0.065332    0.323378    1.733784 ^ _29_/X (sky130_fd_sc_hd__mux2_1)
                                                         _03_ (net)
                      0.065332    0.000019    1.733804 ^ _37_/D (sky130_fd_sc_hd__dfrtp_2)
                                              1.733804   data arrival time

                                  0.000000    0.000000   clock clk (rise edge)
                                  0.000000    0.000000   clock source latency
     1    0.011836    0.093701    0.061554    0.061554 ^ clk (in)
                                                         clk (net)
                      0.093702    0.000000    0.061554 ^ clkbuf_0_clk/A (sky130_fd_sc_hd__clkbuf_16)
     2    0.019500    0.066802    0.231705    0.293259 ^ clkbuf_0_clk/X (sky130_fd_sc_hd__clkbuf_16)
                                                         clknet_0_clk (net)
                      0.066802    0.000197    0.293457 ^ clkbuf_1_0__f_clk/A (sky130_fd_sc_hd__clkbuf_16)
     5    0.014074    0.060042    0.211748    0.505205 ^ clkbuf_1_0__f_clk/X (sky130_fd_sc_hd__clkbuf_16)
                                                         clknet_1_0__leaf_clk (net)
                      0.060042    0.000125    0.505330 ^ _37_/CLK (sky130_fd_sc_hd__dfrtp_2)
                                  0.250000    0.755330   clock uncertainty
                                  0.000000    0.755330   clock reconvergence pessimism
                                 -0.077468    0.677862   library hold time
                                              0.677862   data required time
---------------------------------------------------------------------------------------------
                                              0.677862   data required time
                                             -1.733804   data arrival time
---------------------------------------------------------------------------------------------
                                              1.055941   slack (MET)


Startpoint: _40_ (rising edge-triggered flip-flop clocked by clk)
Endpoint: _40_ (rising edge-triggered flip-flop clocked by clk)
Path Group: clk
Path Type: min

Fanout         Cap        Slew       Delay        Time   Description
---------------------------------------------------------------------------------------------
                                  0.000000    0.000000   clock clk (rise edge)
                                  0.000000    0.000000   clock source latency
     1    0.011836    0.093701    0.061554    0.061554 ^ clk (in)
                                                         clk (net)
                      0.093702    0.000000    0.061554 ^ clkbuf_0_clk/A (sky130_fd_sc_hd__clkbuf_16)
     2    0.019500    0.066802    0.231705    0.293259 ^ clkbuf_0_clk/X (sky130_fd_sc_hd__clkbuf_16)
                                                         clknet_0_clk (net)
                      0.066802    0.000223    0.293483 ^ clkbuf_1_1__f_clk/A (sky130_fd_sc_hd__clkbuf_16)
     6    0.016167    0.062659    0.214672    0.508154 ^ clkbuf_1_1__f_clk/X (sky130_fd_sc_hd__clkbuf_16)
                                                         clknet_1_1__leaf_clk (net)
                      0.062659    0.000278    0.508432 ^ _40_/CLK (sky130_fd_sc_hd__dfrtp_2)
     3    0.042122    0.336318    0.911375    1.419807 ^ _40_/Q (sky130_fd_sc_hd__dfrtp_2)
                                                         pad_slew[1] (net)
                      0.336318    0.000376    1.420183 ^ _32_/A1 (sky130_fd_sc_hd__mux2_1)
     1    0.002529    0.069173    0.330351    1.750534 ^ _32_/X (sky130_fd_sc_hd__mux2_1)
                                                         _06_ (net)
                      0.069173    0.000026    1.750561 ^ _40_/D (sky130_fd_sc_hd__dfrtp_2)
                                              1.750561   data arrival time

                                  0.000000    0.000000   clock clk (rise edge)
                                  0.000000    0.000000   clock source latency
     1    0.011836    0.093701    0.061554    0.061554 ^ clk (in)
                                                         clk (net)
                      0.093702    0.000000    0.061554 ^ clkbuf_0_clk/A (sky130_fd_sc_hd__clkbuf_16)
     2    0.019500    0.066802    0.231705    0.293259 ^ clkbuf_0_clk/X (sky130_fd_sc_hd__clkbuf_16)
                                                         clknet_0_clk (net)
                      0.066802    0.000223    0.293483 ^ clkbuf_1_1__f_clk/A (sky130_fd_sc_hd__clkbuf_16)
     6    0.016167    0.062659    0.214672    0.508154 ^ clkbuf_1_1__f_clk/X (sky130_fd_sc_hd__clkbuf_16)
                                                         clknet_1_1__leaf_clk (net)
                      0.062659    0.000278    0.508432 ^ _40_/CLK (sky130_fd_sc_hd__dfrtp_2)
                                  0.250000    0.758432   clock uncertainty
                                  0.000000    0.758432   clock reconvergence pessimism
                                 -0.077913    0.680519   library hold time
                                              0.680519   data required time
---------------------------------------------------------------------------------------------
                                              0.680519   data required time
                                             -1.750561   data arrival time
---------------------------------------------------------------------------------------------
                                              1.070042   slack (MET)


Startpoint: _38_ (rising edge-triggered flip-flop clocked by clk)
Endpoint: _38_ (rising edge-triggered flip-flop clocked by clk)
Path Group: clk
Path Type: min

Fanout         Cap        Slew       Delay        Time   Description
---------------------------------------------------------------------------------------------
                                  0.000000    0.000000   clock clk (rise edge)
                                  0.000000    0.000000   clock source latency
     1    0.011836    0.093701    0.061554    0.061554 ^ clk (in)
                                                         clk (net)
                      0.093702    0.000000    0.061554 ^ clkbuf_0_clk/A (sky130_fd_sc_hd__clkbuf_16)
     2    0.019500    0.066802    0.231705    0.293259 ^ clkbuf_0_clk/X (sky130_fd_sc_hd__clkbuf_16)
                                                         clknet_0_clk (net)
                      0.066802    0.000197    0.293457 ^ clkbuf_1_0__f_clk/A (sky130_fd_sc_hd__clkbuf_16)
     5    0.014074    0.060042    0.211748    0.505205 ^ clkbuf_1_0__f_clk/X (sky130_fd_sc_hd__clkbuf_16)
                                                         clknet_1_0__leaf_clk (net)
                      0.060042    0.000102    0.505307 ^ _38_/CLK (sky130_fd_sc_hd__dfrtp_2)
     3    0.041940    0.334927    0.909500    1.414807 ^ _38_/Q (sky130_fd_sc_hd__dfrtp_2)
                                                         pad_pd_en (net)
                      0.334927    0.000377    1.415185 ^ _30_/A1 (sky130_fd_sc_hd__mux2_1)
     1    0.002648    0.070518    0.331511    1.746696 ^ _30_/X (sky130_fd_sc_hd__mux2_1)
                                                         _04_ (net)
                      0.070518    0.000028    1.746724 ^ _38_/D (sky130_fd_sc_hd__dfrtp_2)
                                              1.746724   data arrival time

                                  0.000000    0.000000   clock clk (rise edge)
                                  0.000000    0.000000   clock source latency
     1    0.011836    0.093701    0.061554    0.061554 ^ clk (in)
                                                         clk (net)
                      0.093702    0.000000    0.061554 ^ clkbuf_0_clk/A (sky130_fd_sc_hd__clkbuf_16)
     2    0.019500    0.066802    0.231705    0.293259 ^ clkbuf_0_clk/X (sky130_fd_sc_hd__clkbuf_16)
                                                         clknet_0_clk (net)
                      0.066802    0.000197    0.293457 ^ clkbuf_1_0__f_clk/A (sky130_fd_sc_hd__clkbuf_16)
     5    0.014074    0.060042    0.211748    0.505205 ^ clkbuf_1_0__f_clk/X (sky130_fd_sc_hd__clkbuf_16)
                                                         clknet_1_0__leaf_clk (net)
                      0.060042    0.000102    0.505307 ^ _38_/CLK (sky130_fd_sc_hd__dfrtp_2)
                                  0.250000    0.755307   clock uncertainty
                                  0.000000    0.755307   clock reconvergence pessimism
                                 -0.078649    0.676659   library hold time
                                              0.676659   data required time
---------------------------------------------------------------------------------------------
                                              0.676659   data required time
                                             -1.746724   data arrival time
---------------------------------------------------------------------------------------------
                                              1.070065   slack (MET)


Startpoint: _36_ (rising edge-triggered flip-flop clocked by clk)
Endpoint: _36_ (rising edge-triggered flip-flop clocked by clk)
Path Group: clk
Path Type: min

Fanout         Cap        Slew       Delay        Time   Description
---------------------------------------------------------------------------------------------
                                  0.000000    0.000000   clock clk (rise edge)
                                  0.000000    0.000000   clock source latency
     1    0.011836    0.093701    0.061554    0.061554 ^ clk (in)
                                                         clk (net)
                      0.093702    0.000000    0.061554 ^ clkbuf_0_clk/A (sky130_fd_sc_hd__clkbuf_16)
     2    0.019500    0.066802    0.231705    0.293259 ^ clkbuf_0_clk/X (sky130_fd_sc_hd__clkbuf_16)
                                                         clknet_0_clk (net)
                      0.066802    0.000223    0.293483 ^ clkbuf_1_1__f_clk/A (sky130_fd_sc_hd__clkbuf_16)
     6    0.016167    0.062659    0.214672    0.508154 ^ clkbuf_1_1__f_clk/X (sky130_fd_sc_hd__clkbuf_16)
                                                         clknet_1_1__leaf_clk (net)
                      0.062659    0.000283    0.508437 ^ _36_/CLK (sky130_fd_sc_hd__dfrtp_2)
     3    0.041335    0.330614    0.907744    1.416181 ^ _36_/Q (sky130_fd_sc_hd__dfrtp_2)
                                                         pad_oe (net)
                      0.330614    0.000245    1.416426 ^ _28_/A1 (sky130_fd_sc_hd__mux2_1)
     1    0.003214    0.077127    0.337775    1.754202 ^ _28_/X (sky130_fd_sc_hd__mux2_1)
                                                         _02_ (net)
                      0.077127    0.000042    1.754243 ^ _36_/D (sky130_fd_sc_hd__dfrtp_2)
                                              1.754243   data arrival time

                                  0.000000    0.000000   clock clk (rise edge)
                                  0.000000    0.000000   clock source latency
     1    0.011836    0.093701    0.061554    0.061554 ^ clk (in)
                                                         clk (net)
                      0.093702    0.000000    0.061554 ^ clkbuf_0_clk/A (sky130_fd_sc_hd__clkbuf_16)
     2    0.019500    0.066802    0.231705    0.293259 ^ clkbuf_0_clk/X (sky130_fd_sc_hd__clkbuf_16)
                                                         clknet_0_clk (net)
                      0.066802    0.000223    0.293483 ^ clkbuf_1_1__f_clk/A (sky130_fd_sc_hd__clkbuf_16)
     6    0.016167    0.062659    0.214672    0.508154 ^ clkbuf_1_1__f_clk/X (sky130_fd_sc_hd__clkbuf_16)
                                                         clknet_1_1__leaf_clk (net)
                      0.062659    0.000283    0.508437 ^ _36_/CLK (sky130_fd_sc_hd__dfrtp_2)
                                  0.250000    0.758437   clock uncertainty
                                  0.000000    0.758437   clock reconvergence pessimism
                                 -0.079723    0.678714   library hold time
                                              0.678714   data required time
---------------------------------------------------------------------------------------------
                                              0.678714   data required time
                                             -1.754243   data arrival time
---------------------------------------------------------------------------------------------
                                              1.075529   slack (MET)


Startpoint: _42_ (rising edge-triggered flip-flop clocked by clk)
Endpoint: _42_ (rising edge-triggered flip-flop clocked by clk)
Path Group: clk
Path Type: min

Fanout         Cap        Slew       Delay        Time   Description
---------------------------------------------------------------------------------------------
                                  0.000000    0.000000   clock clk (rise edge)
                                  0.000000    0.000000   clock source latency
     1    0.011836    0.093701    0.061554    0.061554 ^ clk (in)
                                                         clk (net)
                      0.093702    0.000000    0.061554 ^ clkbuf_0_clk/A (sky130_fd_sc_hd__clkbuf_16)
     2    0.019500    0.066802    0.231705    0.293259 ^ clkbuf_0_clk/X (sky130_fd_sc_hd__clkbuf_16)
                                                         clknet_0_clk (net)
                      0.066802    0.000223    0.293483 ^ clkbuf_1_1__f_clk/A (sky130_fd_sc_hd__clkbuf_16)
     6    0.016167    0.062659    0.214672    0.508154 ^ clkbuf_1_1__f_clk/X (sky130_fd_sc_hd__clkbuf_16)
                                                         clknet_1_1__leaf_clk (net)
                      0.062659    0.000187    0.508341 ^ _42_/CLK (sky130_fd_sc_hd__dfrtp_2)
     3    0.043580    0.346300    0.919591    1.427933 ^ _42_/Q (sky130_fd_sc_hd__dfrtp_2)
                                                         pad_schmitt_en (net)
                      0.346300    0.000201    1.428134 ^ _34_/A1 (sky130_fd_sc_hd__mux2_1)
     1    0.002782    0.072038    0.337380    1.765514 ^ _34_/X (sky130_fd_sc_hd__mux2_1)
                                                         _08_ (net)
                      0.072038    0.000030    1.765544 ^ _42_/D (sky130_fd_sc_hd__dfrtp_2)
                                              1.765544   data arrival time

                                  0.000000    0.000000   clock clk (rise edge)
                                  0.000000    0.000000   clock source latency
     1    0.011836    0.093701    0.061554    0.061554 ^ clk (in)
                                                         clk (net)
                      0.093702    0.000000    0.061554 ^ clkbuf_0_clk/A (sky130_fd_sc_hd__clkbuf_16)
     2    0.019500    0.066802    0.231705    0.293259 ^ clkbuf_0_clk/X (sky130_fd_sc_hd__clkbuf_16)
                                                         clknet_0_clk (net)
                      0.066802    0.000223    0.293483 ^ clkbuf_1_1__f_clk/A (sky130_fd_sc_hd__clkbuf_16)
     6    0.016167    0.062659    0.214672    0.508154 ^ clkbuf_1_1__f_clk/X (sky130_fd_sc_hd__clkbuf_16)
                                                         clknet_1_1__leaf_clk (net)
                      0.062659    0.000187    0.508341 ^ _42_/CLK (sky130_fd_sc_hd__dfrtp_2)
                                  0.250000    0.758341   clock uncertainty
                                  0.000000    0.758341   clock reconvergence pessimism
                                 -0.078565    0.679776   library hold time
                                              0.679776   data required time
---------------------------------------------------------------------------------------------
                                              0.679776   data required time
                                             -1.765544   data arrival time
---------------------------------------------------------------------------------------------
                                              1.085768   slack (MET)


Startpoint: _39_ (rising edge-triggered flip-flop clocked by clk)
Endpoint: _39_ (rising edge-triggered flip-flop clocked by clk)
Path Group: clk
Path Type: min

Fanout         Cap        Slew       Delay        Time   Description
---------------------------------------------------------------------------------------------
                                  0.000000    0.000000   clock clk (rise edge)
                                  0.000000    0.000000   clock source latency
     1    0.011836    0.093701    0.061554    0.061554 ^ clk (in)
                                                         clk (net)
                      0.093702    0.000000    0.061554 ^ clkbuf_0_clk/A (sky130_fd_sc_hd__clkbuf_16)
     2    0.019500    0.066802    0.231705    0.293259 ^ clkbuf_0_clk/X (sky130_fd_sc_hd__clkbuf_16)
                                                         clknet_0_clk (net)
                      0.066802    0.000197    0.293457 ^ clkbuf_1_0__f_clk/A (sky130_fd_sc_hd__clkbuf_16)
     5    0.014074    0.060042    0.211748    0.505205 ^ clkbuf_1_0__f_clk/X (sky130_fd_sc_hd__clkbuf_16)
                                                         clknet_1_0__leaf_clk (net)
                      0.060042    0.000123    0.505328 ^ _39_/CLK (sky130_fd_sc_hd__dfrtp_2)
     3    0.043589    0.346306    0.918567    1.423895 ^ _39_/Q (sky130_fd_sc_hd__dfrtp_2)
                                                         pad_slew[0] (net)
                      0.346306    0.000256    1.424151 ^ _31_/A1 (sky130_fd_sc_hd__mux2_1)
     1    0.003368    0.078985    0.345480    1.769631 ^ _31_/X (sky130_fd_sc_hd__mux2_1)
                                                         _05_ (net)
                      0.078985    0.000047    1.769679 ^ _39_/D (sky130_fd_sc_hd__dfrtp_2)
                                              1.769679   data arrival time

                                  0.000000    0.000000   clock clk (rise edge)
                                  0.000000    0.000000   clock source latency
     1    0.011836    0.093701    0.061554    0.061554 ^ clk (in)
                                                         clk (net)
                      0.093702    0.000000    0.061554 ^ clkbuf_0_clk/A (sky130_fd_sc_hd__clkbuf_16)
     2    0.019500    0.066802    0.231705    0.293259 ^ clkbuf_0_clk/X (sky130_fd_sc_hd__clkbuf_16)
                                                         clknet_0_clk (net)
                      0.066802    0.000197    0.293457 ^ clkbuf_1_0__f_clk/A (sky130_fd_sc_hd__clkbuf_16)
     5    0.014074    0.060042    0.211748    0.505205 ^ clkbuf_1_0__f_clk/X (sky130_fd_sc_hd__clkbuf_16)
                                                         clknet_1_0__leaf_clk (net)
                      0.060042    0.000123    0.505328 ^ _39_/CLK (sky130_fd_sc_hd__dfrtp_2)
                                  0.250000    0.755328   clock uncertainty
                                  0.000000    0.755328   clock reconvergence pessimism
                                 -0.080576    0.674752   library hold time
                                              0.674752   data required time
---------------------------------------------------------------------------------------------
                                              0.674752   data required time
                                             -1.769679   data arrival time
---------------------------------------------------------------------------------------------
                                              1.094927   slack (MET)


Startpoint: _37_ (rising edge-triggered flip-flop clocked by clk)
Endpoint: pad_pu_en (output port clocked by clk)
Path Group: clk
Path Type: min

Fanout         Cap        Slew       Delay        Time   Description
---------------------------------------------------------------------------------------------
                                  0.000000    0.000000   clock clk (rise edge)
                                  0.000000    0.000000   clock source latency
     1    0.011836    0.093701    0.061554    0.061554 ^ clk (in)
                                                         clk (net)
                      0.093702    0.000000    0.061554 ^ clkbuf_0_clk/A (sky130_fd_sc_hd__clkbuf_16)
     2    0.019500    0.066802    0.231705    0.293259 ^ clkbuf_0_clk/X (sky130_fd_sc_hd__clkbuf_16)
                                                         clknet_0_clk (net)
                      0.066802    0.000197    0.293457 ^ clkbuf_1_0__f_clk/A (sky130_fd_sc_hd__clkbuf_16)
     5    0.014074    0.060042    0.211748    0.505205 ^ clkbuf_1_0__f_clk/X (sky130_fd_sc_hd__clkbuf_16)
                                                         clknet_1_0__leaf_clk (net)
                      0.060042    0.000125    0.505330 ^ _37_/CLK (sky130_fd_sc_hd__dfrtp_2)
     3    0.041025    0.328493    0.904764    1.410095 ^ _37_/Q (sky130_fd_sc_hd__dfrtp_2)
                                                         pad_pu_en (net)
                      0.328493    0.000450    1.410545 ^ pad_pu_en (out)
                                              1.410545   data arrival time

                                  0.000000    0.000000   clock clk (rise edge)
                                  0.000000    0.000000   clock network delay (propagated)
                                  0.250000    0.250000   clock uncertainty
                                  0.000000    0.250000   clock reconvergence pessimism
                                 -2.000000   -1.750000   output external delay
                                             -1.750000   data required time
---------------------------------------------------------------------------------------------
                                             -1.750000   data required time
                                             -1.410545   data arrival time
---------------------------------------------------------------------------------------------
                                              3.160545   slack (MET)


Startpoint: _44_ (rising edge-triggered flip-flop clocked by clk)
Endpoint: core_din (output port clocked by clk)
Path Group: clk
Path Type: min

Fanout         Cap        Slew       Delay        Time   Description
---------------------------------------------------------------------------------------------
                                  0.000000    0.000000   clock clk (rise edge)
                                  0.000000    0.000000   clock source latency
     1    0.011836    0.093701    0.061554    0.061554 ^ clk (in)
                                                         clk (net)
                      0.093702    0.000000    0.061554 ^ clkbuf_0_clk/A (sky130_fd_sc_hd__clkbuf_16)
     2    0.019500    0.066802    0.231705    0.293259 ^ clkbuf_0_clk/X (sky130_fd_sc_hd__clkbuf_16)
                                                         clknet_0_clk (net)
                      0.066802    0.000223    0.293483 ^ clkbuf_1_1__f_clk/A (sky130_fd_sc_hd__clkbuf_16)
     6    0.016167    0.062659    0.214672    0.508154 ^ clkbuf_1_1__f_clk/X (sky130_fd_sc_hd__clkbuf_16)
                                                         clknet_1_1__leaf_clk (net)
                      0.062659    0.000346    0.508501 ^ _44_/CLK (sky130_fd_sc_hd__dfrtp_2)
     2    0.040590    0.325575    0.903387    1.411887 ^ _44_/Q (sky130_fd_sc_hd__dfrtp_2)
                                                         core_din (net)
                      0.325575    0.000846    1.412733 ^ core_din (out)
                                              1.412733   data arrival time

                                  0.000000    0.000000   clock clk (rise edge)
                                  0.000000    0.000000   clock network delay (propagated)
                                  0.250000    0.250000   clock uncertainty
                                  0.000000    0.250000   clock reconvergence pessimism
                                 -2.000000   -1.750000   output external delay
                                             -1.750000   data required time
---------------------------------------------------------------------------------------------
                                             -1.750000   data required time
                                             -1.412733   data arrival time
---------------------------------------------------------------------------------------------
                                              3.162733   slack (MET)


Startpoint: _38_ (rising edge-triggered flip-flop clocked by clk)
Endpoint: pad_pd_en (output port clocked by clk)
Path Group: clk
Path Type: min

Fanout         Cap        Slew       Delay        Time   Description
---------------------------------------------------------------------------------------------
                                  0.000000    0.000000   clock clk (rise edge)
                                  0.000000    0.000000   clock source latency
     1    0.011836    0.093701    0.061554    0.061554 ^ clk (in)
                                                         clk (net)
                      0.093702    0.000000    0.061554 ^ clkbuf_0_clk/A (sky130_fd_sc_hd__clkbuf_16)
     2    0.019500    0.066802    0.231705    0.293259 ^ clkbuf_0_clk/X (sky130_fd_sc_hd__clkbuf_16)
                                                         clknet_0_clk (net)
                      0.066802    0.000197    0.293457 ^ clkbuf_1_0__f_clk/A (sky130_fd_sc_hd__clkbuf_16)
     5    0.014074    0.060042    0.211748    0.505205 ^ clkbuf_1_0__f_clk/X (sky130_fd_sc_hd__clkbuf_16)
                                                         clknet_1_0__leaf_clk (net)
                      0.060042    0.000102    0.505307 ^ _38_/CLK (sky130_fd_sc_hd__dfrtp_2)
     3    0.041940    0.334927    0.909500    1.414807 ^ _38_/Q (sky130_fd_sc_hd__dfrtp_2)
                                                         pad_pd_en (net)
                      0.334927    0.000729    1.415536 ^ pad_pd_en (out)
                                              1.415536   data arrival time

                                  0.000000    0.000000   clock clk (rise edge)
                                  0.000000    0.000000   clock network delay (propagated)
                                  0.250000    0.250000   clock uncertainty
                                  0.000000    0.250000   clock reconvergence pessimism
                                 -2.000000   -1.750000   output external delay
                                             -1.750000   data required time
---------------------------------------------------------------------------------------------
                                             -1.750000   data required time
                                             -1.415536   data arrival time
---------------------------------------------------------------------------------------------
                                              3.165536   slack (MET)


Startpoint: _36_ (rising edge-triggered flip-flop clocked by clk)
Endpoint: pad_oe (output port clocked by clk)
Path Group: clk
Path Type: min

Fanout         Cap        Slew       Delay        Time   Description
---------------------------------------------------------------------------------------------
                                  0.000000    0.000000   clock clk (rise edge)
                                  0.000000    0.000000   clock source latency
     1    0.011836    0.093701    0.061554    0.061554 ^ clk (in)
                                                         clk (net)
                      0.093702    0.000000    0.061554 ^ clkbuf_0_clk/A (sky130_fd_sc_hd__clkbuf_16)
     2    0.019500    0.066802    0.231705    0.293259 ^ clkbuf_0_clk/X (sky130_fd_sc_hd__clkbuf_16)
                                                         clknet_0_clk (net)
                      0.066802    0.000223    0.293483 ^ clkbuf_1_1__f_clk/A (sky130_fd_sc_hd__clkbuf_16)
     6    0.016167    0.062659    0.214672    0.508154 ^ clkbuf_1_1__f_clk/X (sky130_fd_sc_hd__clkbuf_16)
                                                         clknet_1_1__leaf_clk (net)
                      0.062659    0.000283    0.508437 ^ _36_/CLK (sky130_fd_sc_hd__dfrtp_2)
     3    0.041335    0.330614    0.907744    1.416181 ^ _36_/Q (sky130_fd_sc_hd__dfrtp_2)
                                                         pad_oe (net)
                      0.330614    0.000278    1.416459 ^ pad_oe (out)
                                              1.416459   data arrival time

                                  0.000000    0.000000   clock clk (rise edge)
                                  0.000000    0.000000   clock network delay (propagated)
                                  0.250000    0.250000   clock uncertainty
                                  0.000000    0.250000   clock reconvergence pessimism
                                 -2.000000   -1.750000   output external delay
                                             -1.750000   data required time
---------------------------------------------------------------------------------------------
                                             -1.750000   data required time
                                             -1.416459   data arrival time
---------------------------------------------------------------------------------------------
                                              3.166459   slack (MET)


Startpoint: _40_ (rising edge-triggered flip-flop clocked by clk)
Endpoint: pad_slew[1] (output port clocked by clk)
Path Group: clk
Path Type: min

Fanout         Cap        Slew       Delay        Time   Description
---------------------------------------------------------------------------------------------
                                  0.000000    0.000000   clock clk (rise edge)
                                  0.000000    0.000000   clock source latency
     1    0.011836    0.093701    0.061554    0.061554 ^ clk (in)
                                                         clk (net)
                      0.093702    0.000000    0.061554 ^ clkbuf_0_clk/A (sky130_fd_sc_hd__clkbuf_16)
     2    0.019500    0.066802    0.231705    0.293259 ^ clkbuf_0_clk/X (sky130_fd_sc_hd__clkbuf_16)
                                                         clknet_0_clk (net)
                      0.066802    0.000223    0.293483 ^ clkbuf_1_1__f_clk/A (sky130_fd_sc_hd__clkbuf_16)
     6    0.016167    0.062659    0.214672    0.508154 ^ clkbuf_1_1__f_clk/X (sky130_fd_sc_hd__clkbuf_16)
                                                         clknet_1_1__leaf_clk (net)
                      0.062659    0.000278    0.508432 ^ _40_/CLK (sky130_fd_sc_hd__dfrtp_2)
     3    0.042122    0.336318    0.911375    1.419807 ^ _40_/Q (sky130_fd_sc_hd__dfrtp_2)
                                                         pad_slew[1] (net)
                      0.336318    0.001172    1.420980 ^ pad_slew[1] (out)
                                              1.420980   data arrival time

                                  0.000000    0.000000   clock clk (rise edge)
                                  0.000000    0.000000   clock network delay (propagated)
                                  0.250000    0.250000   clock uncertainty
                                  0.000000    0.250000   clock reconvergence pessimism
                                 -2.000000   -1.750000   output external delay
                                             -1.750000   data required time
---------------------------------------------------------------------------------------------
                                             -1.750000   data required time
                                             -1.420980   data arrival time
---------------------------------------------------------------------------------------------
                                              3.170979   slack (MET)


Startpoint: _39_ (rising edge-triggered flip-flop clocked by clk)
Endpoint: pad_slew[0] (output port clocked by clk)
Path Group: clk
Path Type: min

Fanout         Cap        Slew       Delay        Time   Description
---------------------------------------------------------------------------------------------
                                  0.000000    0.000000   clock clk (rise edge)
                                  0.000000    0.000000   clock source latency
     1    0.011836    0.093701    0.061554    0.061554 ^ clk (in)
                                                         clk (net)
                      0.093702    0.000000    0.061554 ^ clkbuf_0_clk/A (sky130_fd_sc_hd__clkbuf_16)
     2    0.019500    0.066802    0.231705    0.293259 ^ clkbuf_0_clk/X (sky130_fd_sc_hd__clkbuf_16)
                                                         clknet_0_clk (net)
                      0.066802    0.000197    0.293457 ^ clkbuf_1_0__f_clk/A (sky130_fd_sc_hd__clkbuf_16)
     5    0.014074    0.060042    0.211748    0.505205 ^ clkbuf_1_0__f_clk/X (sky130_fd_sc_hd__clkbuf_16)
                                                         clknet_1_0__leaf_clk (net)
                      0.060042    0.000123    0.505328 ^ _39_/CLK (sky130_fd_sc_hd__dfrtp_2)
     3    0.043589    0.346306    0.918567    1.423895 ^ _39_/Q (sky130_fd_sc_hd__dfrtp_2)
                                                         pad_slew[0] (net)
                      0.346306    0.000372    1.424267 ^ pad_slew[0] (out)
                                              1.424267   data arrival time

                                  0.000000    0.000000   clock clk (rise edge)
                                  0.000000    0.000000   clock network delay (propagated)
                                  0.250000    0.250000   clock uncertainty
                                  0.000000    0.250000   clock reconvergence pessimism
                                 -2.000000   -1.750000   output external delay
                                             -1.750000   data required time
---------------------------------------------------------------------------------------------
                                             -1.750000   data required time
                                             -1.424267   data arrival time
---------------------------------------------------------------------------------------------
                                              3.174267   slack (MET)


Startpoint: _42_ (rising edge-triggered flip-flop clocked by clk)
Endpoint: pad_schmitt_en (output port clocked by clk)
Path Group: clk
Path Type: min

Fanout         Cap        Slew       Delay        Time   Description
---------------------------------------------------------------------------------------------
                                  0.000000    0.000000   clock clk (rise edge)
                                  0.000000    0.000000   clock source latency
     1    0.011836    0.093701    0.061554    0.061554 ^ clk (in)
                                                         clk (net)
                      0.093702    0.000000    0.061554 ^ clkbuf_0_clk/A (sky130_fd_sc_hd__clkbuf_16)
     2    0.019500    0.066802    0.231705    0.293259 ^ clkbuf_0_clk/X (sky130_fd_sc_hd__clkbuf_16)
                                                         clknet_0_clk (net)
                      0.066802    0.000223    0.293483 ^ clkbuf_1_1__f_clk/A (sky130_fd_sc_hd__clkbuf_16)
     6    0.016167    0.062659    0.214672    0.508154 ^ clkbuf_1_1__f_clk/X (sky130_fd_sc_hd__clkbuf_16)
                                                         clknet_1_1__leaf_clk (net)
                      0.062659    0.000187    0.508341 ^ _42_/CLK (sky130_fd_sc_hd__dfrtp_2)
     3    0.043580    0.346300    0.919591    1.427933 ^ _42_/Q (sky130_fd_sc_hd__dfrtp_2)
                                                         pad_schmitt_en (net)
                      0.346300    0.000566    1.428499 ^ pad_schmitt_en (out)
                                              1.428499   data arrival time

                                  0.000000    0.000000   clock clk (rise edge)
                                  0.000000    0.000000   clock network delay (propagated)
                                  0.250000    0.250000   clock uncertainty
                                  0.000000    0.250000   clock reconvergence pessimism
                                 -2.000000   -1.750000   output external delay
                                             -1.750000   data required time
---------------------------------------------------------------------------------------------
                                             -1.750000   data required time
                                             -1.428499   data arrival time
---------------------------------------------------------------------------------------------
                                              3.178499   slack (MET)


Startpoint: _41_ (rising edge-triggered flip-flop clocked by clk)
Endpoint: reg_rdata[5] (output port clocked by clk)
Path Group: clk
Path Type: min

Fanout         Cap        Slew       Delay        Time   Description
---------------------------------------------------------------------------------------------
                                  0.000000    0.000000   clock clk (rise edge)
                                  0.000000    0.000000   clock source latency
     1    0.011836    0.093701    0.061554    0.061554 ^ clk (in)
                                                         clk (net)
                      0.093702    0.000000    0.061554 ^ clkbuf_0_clk/A (sky130_fd_sc_hd__clkbuf_16)
     2    0.019500    0.066802    0.231705    0.293259 ^ clkbuf_0_clk/X (sky130_fd_sc_hd__clkbuf_16)
                                                         clknet_0_clk (net)
                      0.066802    0.000223    0.293483 ^ clkbuf_1_1__f_clk/A (sky130_fd_sc_hd__clkbuf_16)
     6    0.016167    0.062659    0.214672    0.508154 ^ clkbuf_1_1__f_clk/X (sky130_fd_sc_hd__clkbuf_16)
                                                         clknet_1_1__leaf_clk (net)
                      0.062659    0.000374    0.508529 ^ _41_/CLK (sky130_fd_sc_hd__dfrtp_2)
     4    0.011531    0.128880    0.737713    1.246241 ^ _41_/Q (sky130_fd_sc_hd__dfrtp_2)
                                                         ie (net)
                      0.128880    0.000036    1.246277 ^ _21_/A (sky130_fd_sc_hd__and2_2)
     1    0.034235    0.295475    0.470378    1.716655 ^ _21_/X (sky130_fd_sc_hd__and2_2)
                                                         reg_rdata[5] (net)
                      0.295475    0.000253    1.716908 ^ reg_rdata[5] (out)
                                              1.716908   data arrival time

                                  0.000000    0.000000   clock clk (rise edge)
                                  0.000000    0.000000   clock network delay (propagated)
                                  0.250000    0.250000   clock uncertainty
                                  0.000000    0.250000   clock reconvergence pessimism
                                 -2.000000   -1.750000   output external delay
                                             -1.750000   data required time
---------------------------------------------------------------------------------------------
                                             -1.750000   data required time
                                             -1.716908   data arrival time
---------------------------------------------------------------------------------------------
                                              3.466908   slack (MET)


Startpoint: _43_ (rising edge-triggered flip-flop clocked by clk)
Endpoint: reg_rdata[7] (output port clocked by clk)
Path Group: clk
Path Type: min

Fanout         Cap        Slew       Delay        Time   Description
---------------------------------------------------------------------------------------------
                                  0.000000    0.000000   clock clk (rise edge)
                                  0.000000    0.000000   clock source latency
     1    0.011836    0.093701    0.061554    0.061554 ^ clk (in)
                                                         clk (net)
                      0.093702    0.000000    0.061554 ^ clkbuf_0_clk/A (sky130_fd_sc_hd__clkbuf_16)
     2    0.019500    0.066802    0.231705    0.293259 ^ clkbuf_0_clk/X (sky130_fd_sc_hd__clkbuf_16)
                                                         clknet_0_clk (net)
                      0.066802    0.000197    0.293457 ^ clkbuf_1_0__f_clk/A (sky130_fd_sc_hd__clkbuf_16)
     5    0.014074    0.060042    0.211748    0.505205 ^ clkbuf_1_0__f_clk/X (sky130_fd_sc_hd__clkbuf_16)
                                                         clknet_1_0__leaf_clk (net)
                      0.060042    0.000118    0.505323 ^ _43_/CLK (sky130_fd_sc_hd__dfrtp_2)
     3    0.014622    0.150947    0.757558    1.262881 ^ _43_/Q (sky130_fd_sc_hd__dfrtp_2)
                                                         loopback_en (net)
                      0.150947    0.000079    1.262960 ^ _23_/A (sky130_fd_sc_hd__and2_2)
     1    0.034315    0.296045    0.480320    1.743280 ^ _23_/X (sky130_fd_sc_hd__and2_2)
                                                         reg_rdata[7] (net)
                      0.296045    0.000271    1.743551 ^ reg_rdata[7] (out)
                                              1.743551   data arrival time

                                  0.000000    0.000000   clock clk (rise edge)
                                  0.000000    0.000000   clock network delay (propagated)
                                  0.250000    0.250000   clock uncertainty
                                  0.000000    0.250000   clock reconvergence pessimism
                                 -2.000000   -1.750000   output external delay
                                             -1.750000   data required time
---------------------------------------------------------------------------------------------
                                             -1.750000   data required time
                                             -1.743551   data arrival time
---------------------------------------------------------------------------------------------
                                              3.493551   slack (MET)


Startpoint: _38_ (rising edge-triggered flip-flop clocked by clk)
Endpoint: reg_rdata[2] (output port clocked by clk)
Path Group: clk
Path Type: min

Fanout         Cap        Slew       Delay        Time   Description
---------------------------------------------------------------------------------------------
                                  0.000000    0.000000   clock clk (rise edge)
                                  0.000000    0.000000   clock source latency
     1    0.011836    0.093701    0.061554    0.061554 ^ clk (in)
                                                         clk (net)
                      0.093702    0.000000    0.061554 ^ clkbuf_0_clk/A (sky130_fd_sc_hd__clkbuf_16)
     2    0.019500    0.066802    0.231705    0.293259 ^ clkbuf_0_clk/X (sky130_fd_sc_hd__clkbuf_16)
                                                         clknet_0_clk (net)
                      0.066802    0.000197    0.293457 ^ clkbuf_1_0__f_clk/A (sky130_fd_sc_hd__clkbuf_16)
     5    0.014074    0.060042    0.211748    0.505205 ^ clkbuf_1_0__f_clk/X (sky130_fd_sc_hd__clkbuf_16)
                                                         clknet_1_0__leaf_clk (net)
                      0.060042    0.000102    0.505307 ^ _38_/CLK (sky130_fd_sc_hd__dfrtp_2)
     3    0.041940    0.334927    0.909500    1.414807 ^ _38_/Q (sky130_fd_sc_hd__dfrtp_2)
                                                         pad_pd_en (net)
                      0.334927    0.000081    1.414888 ^ _18_/A (sky130_fd_sc_hd__and2_2)
     1    0.036144    0.310194    0.566521    1.981409 ^ _18_/X (sky130_fd_sc_hd__and2_2)
                                                         reg_rdata[2] (net)
                      0.310194    0.000588    1.981997 ^ reg_rdata[2] (out)
                                              1.981997   data arrival time

                                  0.000000    0.000000   clock clk (rise edge)
                                  0.000000    0.000000   clock network delay (propagated)
                                  0.250000    0.250000   clock uncertainty
                                  0.000000    0.250000   clock reconvergence pessimism
                                 -2.000000   -1.750000   output external delay
                                             -1.750000   data required time
---------------------------------------------------------------------------------------------
                                             -1.750000   data required time
                                             -1.981997   data arrival time
---------------------------------------------------------------------------------------------
                                              3.731997   slack (MET)


Startpoint: _44_ (rising edge-triggered flip-flop clocked by clk)
Endpoint: reg_rdata[1] (output port clocked by clk)
Path Group: clk
Path Type: min

Fanout         Cap        Slew       Delay        Time   Description
---------------------------------------------------------------------------------------------
                                  0.000000    0.000000   clock clk (rise edge)
                                  0.000000    0.000000   clock source latency
     1    0.011836    0.093701    0.061554    0.061554 ^ clk (in)
                                                         clk (net)
                      0.093702    0.000000    0.061554 ^ clkbuf_0_clk/A (sky130_fd_sc_hd__clkbuf_16)
     2    0.019500    0.066802    0.231705    0.293259 ^ clkbuf_0_clk/X (sky130_fd_sc_hd__clkbuf_16)
                                                         clknet_0_clk (net)
                      0.066802    0.000223    0.293483 ^ clkbuf_1_1__f_clk/A (sky130_fd_sc_hd__clkbuf_16)
     6    0.016167    0.062659    0.214672    0.508154 ^ clkbuf_1_1__f_clk/X (sky130_fd_sc_hd__clkbuf_16)
                                                         clknet_1_1__leaf_clk (net)
                      0.062659    0.000346    0.508501 ^ _44_/CLK (sky130_fd_sc_hd__dfrtp_2)
     2    0.040590    0.325575    0.903387    1.411887 ^ _44_/Q (sky130_fd_sc_hd__dfrtp_2)
                                                         core_din (net)
                      0.325575    0.000324    1.412212 ^ _17_/B2 (sky130_fd_sc_hd__a22o_2)
     1    0.037160    0.315793    0.570197    1.982409 ^ _17_/X (sky130_fd_sc_hd__a22o_2)
                                                         reg_rdata[1] (net)
                      0.315793    0.000753    1.983161 ^ reg_rdata[1] (out)
                                              1.983161   data arrival time

                                  0.000000    0.000000   clock clk (rise edge)
                                  0.000000    0.000000   clock network delay (propagated)
                                  0.250000    0.250000   clock uncertainty
                                  0.000000    0.250000   clock reconvergence pessimism
                                 -2.000000   -1.750000   output external delay
                                             -1.750000   data required time
---------------------------------------------------------------------------------------------
                                             -1.750000   data required time
                                             -1.983161   data arrival time
---------------------------------------------------------------------------------------------
                                              3.733161   slack (MET)


Startpoint: _40_ (rising edge-triggered flip-flop clocked by clk)
Endpoint: reg_rdata[4] (output port clocked by clk)
Path Group: clk
Path Type: min

Fanout         Cap        Slew       Delay        Time   Description
---------------------------------------------------------------------------------------------
                                  0.000000    0.000000   clock clk (rise edge)
                                  0.000000    0.000000   clock source latency
     1    0.011836    0.093701    0.061554    0.061554 ^ clk (in)
                                                         clk (net)
                      0.093702    0.000000    0.061554 ^ clkbuf_0_clk/A (sky130_fd_sc_hd__clkbuf_16)
     2    0.019500    0.066802    0.231705    0.293259 ^ clkbuf_0_clk/X (sky130_fd_sc_hd__clkbuf_16)
                                                         clknet_0_clk (net)
                      0.066802    0.000223    0.293483 ^ clkbuf_1_1__f_clk/A (sky130_fd_sc_hd__clkbuf_16)
     6    0.016167    0.062659    0.214672    0.508154 ^ clkbuf_1_1__f_clk/X (sky130_fd_sc_hd__clkbuf_16)
                                                         clknet_1_1__leaf_clk (net)
                      0.062659    0.000278    0.508432 ^ _40_/CLK (sky130_fd_sc_hd__dfrtp_2)
     3    0.042122    0.336318    0.911375    1.419807 ^ _40_/Q (sky130_fd_sc_hd__dfrtp_2)
                                                         pad_slew[1] (net)
                      0.336318    0.000709    1.420517 ^ _20_/A (sky130_fd_sc_hd__and2_2)
     1    0.036331    0.311537    0.568318    1.988835 ^ _20_/X (sky130_fd_sc_hd__and2_2)
                                                         reg_rdata[4] (net)
                      0.311537    0.000296    1.989130 ^ reg_rdata[4] (out)
                                              1.989130   data arrival time

                                  0.000000    0.000000   clock clk (rise edge)
                                  0.000000    0.000000   clock network delay (propagated)
                                  0.250000    0.250000   clock uncertainty
                                  0.000000    0.250000   clock reconvergence pessimism
                                 -2.000000   -1.750000   output external delay
                                             -1.750000   data required time
---------------------------------------------------------------------------------------------
                                             -1.750000   data required time
                                             -1.989130   data arrival time
---------------------------------------------------------------------------------------------
                                              3.739130   slack (MET)


Startpoint: _42_ (rising edge-triggered flip-flop clocked by clk)
Endpoint: reg_rdata[6] (output port clocked by clk)
Path Group: clk
Path Type: min

Fanout         Cap        Slew       Delay        Time   Description
---------------------------------------------------------------------------------------------
                                  0.000000    0.000000   clock clk (rise edge)
                                  0.000000    0.000000   clock source latency
     1    0.011836    0.093701    0.061554    0.061554 ^ clk (in)
                                                         clk (net)
                      0.093702    0.000000    0.061554 ^ clkbuf_0_clk/A (sky130_fd_sc_hd__clkbuf_16)
     2    0.019500    0.066802    0.231705    0.293259 ^ clkbuf_0_clk/X (sky130_fd_sc_hd__clkbuf_16)
                                                         clknet_0_clk (net)
                      0.066802    0.000223    0.293483 ^ clkbuf_1_1__f_clk/A (sky130_fd_sc_hd__clkbuf_16)
     6    0.016167    0.062659    0.214672    0.508154 ^ clkbuf_1_1__f_clk/X (sky130_fd_sc_hd__clkbuf_16)
                                                         clknet_1_1__leaf_clk (net)
                      0.062659    0.000187    0.508341 ^ _42_/CLK (sky130_fd_sc_hd__dfrtp_2)
     3    0.043580    0.346300    0.919591    1.427933 ^ _42_/Q (sky130_fd_sc_hd__dfrtp_2)
                                                         pad_schmitt_en (net)
                      0.346300    0.000248    1.428180 ^ _22_/A (sky130_fd_sc_hd__and2_2)
     1    0.034834    0.300324    0.563885    1.992065 ^ _22_/X (sky130_fd_sc_hd__and2_2)
                                                         reg_rdata[6] (net)
                      0.300324    0.000397    1.992462 ^ reg_rdata[6] (out)
                                              1.992462   data arrival time

                                  0.000000    0.000000   clock clk (rise edge)
                                  0.000000    0.000000   clock network delay (propagated)
                                  0.250000    0.250000   clock uncertainty
                                  0.000000    0.250000   clock reconvergence pessimism
                                 -2.000000   -1.750000   output external delay
                                             -1.750000   data required time
---------------------------------------------------------------------------------------------
                                             -1.750000   data required time
                                             -1.992462   data arrival time
---------------------------------------------------------------------------------------------
                                              3.742461   slack (MET)


Startpoint: _39_ (rising edge-triggered flip-flop clocked by clk)
Endpoint: reg_rdata[3] (output port clocked by clk)
Path Group: clk
Path Type: min

Fanout         Cap        Slew       Delay        Time   Description
---------------------------------------------------------------------------------------------
                                  0.000000    0.000000   clock clk (rise edge)
                                  0.000000    0.000000   clock source latency
     1    0.011836    0.093701    0.061554    0.061554 ^ clk (in)
                                                         clk (net)
                      0.093702    0.000000    0.061554 ^ clkbuf_0_clk/A (sky130_fd_sc_hd__clkbuf_16)
     2    0.019500    0.066802    0.231705    0.293259 ^ clkbuf_0_clk/X (sky130_fd_sc_hd__clkbuf_16)
                                                         clknet_0_clk (net)
                      0.066802    0.000197    0.293457 ^ clkbuf_1_0__f_clk/A (sky130_fd_sc_hd__clkbuf_16)
     5    0.014074    0.060042    0.211748    0.505205 ^ clkbuf_1_0__f_clk/X (sky130_fd_sc_hd__clkbuf_16)
                                                         clknet_1_0__leaf_clk (net)
                      0.060042    0.000123    0.505328 ^ _39_/CLK (sky130_fd_sc_hd__dfrtp_2)
     3    0.043589    0.346306    0.918567    1.423895 ^ _39_/Q (sky130_fd_sc_hd__dfrtp_2)
                                                         pad_slew[0] (net)
                      0.346306    0.000103    1.423998 ^ _19_/A (sky130_fd_sc_hd__and2_2)
     1    0.036199    0.310679    0.571296    1.995294 ^ _19_/X (sky130_fd_sc_hd__and2_2)
                                                         reg_rdata[3] (net)
                      0.310679    0.000753    1.996046 ^ reg_rdata[3] (out)
                                              1.996046   data arrival time

                                  0.000000    0.000000   clock clk (rise edge)
                                  0.000000    0.000000   clock network delay (propagated)
                                  0.250000    0.250000   clock uncertainty
                                  0.000000    0.250000   clock reconvergence pessimism
                                 -2.000000   -1.750000   output external delay
                                             -1.750000   data required time
---------------------------------------------------------------------------------------------
                                             -1.750000   data required time
                                             -1.996046   data arrival time
---------------------------------------------------------------------------------------------
                                              3.746046   slack (MET)


Startpoint: _36_ (rising edge-triggered flip-flop clocked by clk)
Endpoint: reg_rdata[0] (output port clocked by clk)
Path Group: clk
Path Type: min

Fanout         Cap        Slew       Delay        Time   Description
---------------------------------------------------------------------------------------------
                                  0.000000    0.000000   clock clk (rise edge)
                                  0.000000    0.000000   clock source latency
     1    0.011836    0.093701    0.061554    0.061554 ^ clk (in)
                                                         clk (net)
                      0.093702    0.000000    0.061554 ^ clkbuf_0_clk/A (sky130_fd_sc_hd__clkbuf_16)
     2    0.019500    0.066802    0.231705    0.293259 ^ clkbuf_0_clk/X (sky130_fd_sc_hd__clkbuf_16)
                                                         clknet_0_clk (net)
                      0.066802    0.000223    0.293483 ^ clkbuf_1_1__f_clk/A (sky130_fd_sc_hd__clkbuf_16)
     6    0.016167    0.062659    0.214672    0.508154 ^ clkbuf_1_1__f_clk/X (sky130_fd_sc_hd__clkbuf_16)
                                                         clknet_1_1__leaf_clk (net)
                      0.062659    0.000283    0.508437 ^ _36_/CLK (sky130_fd_sc_hd__dfrtp_2)
     3    0.041335    0.330614    0.907744    1.416181 ^ _36_/Q (sky130_fd_sc_hd__dfrtp_2)
                                                         pad_oe (net)
                      0.330614    0.000200    1.416381 ^ _16_/A1 (sky130_fd_sc_hd__a22o_2)
     1    0.037410    0.317721    0.597095    2.013476 ^ _16_/X (sky130_fd_sc_hd__a22o_2)
                                                         reg_rdata[0] (net)
                      0.317721    0.000788    2.014264 ^ reg_rdata[0] (out)
                                              2.014264   data arrival time

                                  0.000000    0.000000   clock clk (rise edge)
                                  0.000000    0.000000   clock network delay (propagated)
                                  0.250000    0.250000   clock uncertainty
                                  0.000000    0.250000   clock reconvergence pessimism
                                 -2.000000   -1.750000   output external delay
                                             -1.750000   data required time
---------------------------------------------------------------------------------------------
                                             -1.750000   data required time
                                             -2.014264   data arrival time
---------------------------------------------------------------------------------------------
                                              3.764265   slack (MET)


Startpoint: core_dout (input port clocked by clk)
Endpoint: pad_dout (output port clocked by clk)
Path Group: clk
Path Type: min

Fanout         Cap        Slew       Delay        Time   Description
---------------------------------------------------------------------------------------------
                                  0.000000    0.000000   clock clk (rise edge)
                                  0.000000    0.000000   clock network delay (propagated)
                                  2.000000    2.000000 v input external delay
     2    0.005745    0.030061    0.018458    2.018458 v core_dout (in)
                                                         core_dout (net)
                      0.030061    0.000000    2.018458 v _46_/A (sky130_fd_sc_hd__buf_2)
     1    0.034519    0.166985    0.327324    2.345782 v _46_/X (sky130_fd_sc_hd__buf_2)
                                                         pad_dout (net)
                      0.166985    0.000294    2.346076 v pad_dout (out)
                                              2.346076   data arrival time

                                  0.000000    0.000000   clock clk (rise edge)
                                  0.000000    0.000000   clock network delay (propagated)
                                  0.250000    0.250000   clock uncertainty
                                  0.000000    0.250000   clock reconvergence pessimism
                                 -2.000000   -1.750000   output external delay
                                             -1.750000   data required time
---------------------------------------------------------------------------------------------
                                             -1.750000   data required time
                                             -2.346076   data arrival time
---------------------------------------------------------------------------------------------
                                              4.096076   slack (MET)



%OL_END_REPORT
%OL_CREATE_REPORT max.rpt

===========================================================================
report_checks -path_delay max (Setup)
============================================================================
======================= min_ss_100C_1v60 Corner ===================================

Startpoint: reg_addr[1] (input port clocked by clk)
Endpoint: reg_rdata[0] (output port clocked by clk)
Path Group: clk
Path Type: max

Fanout         Cap        Slew       Delay        Time   Description
---------------------------------------------------------------------------------------------
                                  0.000000    0.000000   clock clk (rise edge)
                                  0.000000    0.000000   clock network delay (propagated)
                                  2.000000    2.000000 ^ input external delay
     3    0.009508    0.077756    0.049896    2.049896 ^ reg_addr[1] (in)
                                                         reg_addr[1] (net)
                      0.077756    0.000000    2.049896 ^ _15_/A_N (sky130_fd_sc_hd__and2b_2)
     2    0.005876    0.084467    0.462165    2.512061 v _15_/X (sky130_fd_sc_hd__and2b_2)
                                                         _11_ (net)
                      0.084467    0.000068    2.512129 v _16_/B1 (sky130_fd_sc_hd__a22o_2)
     1    0.037410    0.209306    0.548856    3.060985 v _16_/X (sky130_fd_sc_hd__a22o_2)
                                                         reg_rdata[0] (net)
                      0.209307    0.000788    3.061773 v reg_rdata[0] (out)
                                              3.061773   data arrival time

                                 10.000000   10.000000   clock clk (rise edge)
                                  0.000000   10.000000   clock network delay (propagated)
                                 -0.250000    9.750000   clock uncertainty
                                  0.000000    9.750000   clock reconvergence pessimism
                                 -2.000000    7.750000   output external delay
                                              7.750000   data required time
---------------------------------------------------------------------------------------------
                                              7.750000   data required time
                                             -3.061773   data arrival time
---------------------------------------------------------------------------------------------
                                              4.688227   slack (MET)


Startpoint: reg_addr[1] (input port clocked by clk)
Endpoint: reg_rdata[1] (output port clocked by clk)
Path Group: clk
Path Type: max

Fanout         Cap        Slew       Delay        Time   Description
---------------------------------------------------------------------------------------------
                                  0.000000    0.000000   clock clk (rise edge)
                                  0.000000    0.000000   clock network delay (propagated)
                                  2.000000    2.000000 ^ input external delay
     3    0.009508    0.077756    0.049896    2.049896 ^ reg_addr[1] (in)
                                                         reg_addr[1] (net)
                      0.077756    0.000000    2.049896 ^ _15_/A_N (sky130_fd_sc_hd__and2b_2)
     2    0.005876    0.084467    0.462165    2.512061 v _15_/X (sky130_fd_sc_hd__and2b_2)
                                                         _11_ (net)
                      0.084467    0.000073    2.512134 v _17_/B1 (sky130_fd_sc_hd__a22o_2)
     1    0.037160    0.208284    0.547945    3.060079 v _17_/X (sky130_fd_sc_hd__a22o_2)
                                                         reg_rdata[1] (net)
                      0.208284    0.000753    3.060832 v reg_rdata[1] (out)
                                              3.060832   data arrival time

                                 10.000000   10.000000   clock clk (rise edge)
                                  0.000000   10.000000   clock network delay (propagated)
                                 -0.250000    9.750000   clock uncertainty
                                  0.000000    9.750000   clock reconvergence pessimism
                                 -2.000000    7.750000   output external delay
                                              7.750000   data required time
---------------------------------------------------------------------------------------------
                                              7.750000   data required time
                                             -3.060832   data arrival time
---------------------------------------------------------------------------------------------
                                              4.689168   slack (MET)


Startpoint: reg_addr[1] (input port clocked by clk)
Endpoint: reg_rdata[4] (output port clocked by clk)
Path Group: clk
Path Type: max

Fanout         Cap        Slew       Delay        Time   Description
---------------------------------------------------------------------------------------------
                                  0.000000    0.000000   clock clk (rise edge)
                                  0.000000    0.000000   clock network delay (propagated)
                                  2.000000    2.000000 v input external delay
     3    0.008967    0.043117    0.028206    2.028206 v reg_addr[1] (in)
                                                         reg_addr[1] (net)
                      0.043117    0.000000    2.028206 v _14_/A (sky130_fd_sc_hd__nor2_2)
     8    0.021181    0.399019    0.371985    2.400191 ^ _14_/Y (sky130_fd_sc_hd__nor2_2)
                                                         _10_ (net)
                      0.399019    0.000339    2.400530 ^ _20_/B (sky130_fd_sc_hd__and2_2)
     1    0.036331    0.311970    0.586837    2.987367 ^ _20_/X (sky130_fd_sc_hd__and2_2)
                                                         reg_rdata[4] (net)
                      0.311970    0.000296    2.987662 ^ reg_rdata[4] (out)
                                              2.987662   data arrival time

                                 10.000000   10.000000   clock clk (rise edge)
                                  0.000000   10.000000   clock network delay (propagated)
                                 -0.250000    9.750000   clock uncertainty
                                  0.000000    9.750000   clock reconvergence pessimism
                                 -2.000000    7.750000   output external delay
                                              7.750000   data required time
---------------------------------------------------------------------------------------------
                                              7.750000   data required time
                                             -2.987662   data arrival time
---------------------------------------------------------------------------------------------
                                              4.762338   slack (MET)


Startpoint: reg_addr[1] (input port clocked by clk)
Endpoint: reg_rdata[3] (output port clocked by clk)
Path Group: clk
Path Type: max

Fanout         Cap        Slew       Delay        Time   Description
---------------------------------------------------------------------------------------------
                                  0.000000    0.000000   clock clk (rise edge)
                                  0.000000    0.000000   clock network delay (propagated)
                                  2.000000    2.000000 v input external delay
     3    0.008967    0.043117    0.028206    2.028206 v reg_addr[1] (in)
                                                         reg_addr[1] (net)
                      0.043117    0.000000    2.028206 v _14_/A (sky130_fd_sc_hd__nor2_2)
     8    0.021181    0.399019    0.371985    2.400191 ^ _14_/Y (sky130_fd_sc_hd__nor2_2)
                                                         _10_ (net)
                      0.399019    0.000427    2.400618 ^ _19_/B (sky130_fd_sc_hd__and2_2)
     1    0.036199    0.311080    0.585787    2.986405 ^ _19_/X (sky130_fd_sc_hd__and2_2)
                                                         reg_rdata[3] (net)
                      0.311080    0.000753    2.987158 ^ reg_rdata[3] (out)
                                              2.987158   data arrival time

                                 10.000000   10.000000   clock clk (rise edge)
                                  0.000000   10.000000   clock network delay (propagated)
                                 -0.250000    9.750000   clock uncertainty
                                  0.000000    9.750000   clock reconvergence pessimism
                                 -2.000000    7.750000   output external delay
                                              7.750000   data required time
---------------------------------------------------------------------------------------------
                                              7.750000   data required time
                                             -2.987158   data arrival time
---------------------------------------------------------------------------------------------
                                              4.762842   slack (MET)


Startpoint: reg_addr[1] (input port clocked by clk)
Endpoint: reg_rdata[2] (output port clocked by clk)
Path Group: clk
Path Type: max

Fanout         Cap        Slew       Delay        Time   Description
---------------------------------------------------------------------------------------------
                                  0.000000    0.000000   clock clk (rise edge)
                                  0.000000    0.000000   clock network delay (propagated)
                                  2.000000    2.000000 v input external delay
     3    0.008967    0.043117    0.028206    2.028206 v reg_addr[1] (in)
                                                         reg_addr[1] (net)
                      0.043117    0.000000    2.028206 v _14_/A (sky130_fd_sc_hd__nor2_2)
     8    0.021181    0.399019    0.371985    2.400191 ^ _14_/Y (sky130_fd_sc_hd__nor2_2)
                                                         _10_ (net)
                      0.399019    0.000102    2.400293 ^ _18_/B (sky130_fd_sc_hd__and2_2)
     1    0.036144    0.310632    0.585594    2.985886 ^ _18_/X (sky130_fd_sc_hd__and2_2)
                                                         reg_rdata[2] (net)
                      0.310632    0.000588    2.986474 ^ reg_rdata[2] (out)
                                              2.986474   data arrival time

                                 10.000000   10.000000   clock clk (rise edge)
                                  0.000000   10.000000   clock network delay (propagated)
                                 -0.250000    9.750000   clock uncertainty
                                  0.000000    9.750000   clock reconvergence pessimism
                                 -2.000000    7.750000   output external delay
                                              7.750000   data required time
---------------------------------------------------------------------------------------------
                                              7.750000   data required time
                                             -2.986474   data arrival time
---------------------------------------------------------------------------------------------
                                              4.763525   slack (MET)


Startpoint: reg_addr[1] (input port clocked by clk)
Endpoint: reg_rdata[6] (output port clocked by clk)
Path Group: clk
Path Type: max

Fanout         Cap        Slew       Delay        Time   Description
---------------------------------------------------------------------------------------------
                                  0.000000    0.000000   clock clk (rise edge)
                                  0.000000    0.000000   clock network delay (propagated)
                                  2.000000    2.000000 v input external delay
     3    0.008967    0.043117    0.028206    2.028206 v reg_addr[1] (in)
                                                         reg_addr[1] (net)
                      0.043117    0.000000    2.028206 v _14_/A (sky130_fd_sc_hd__nor2_2)
     8    0.021181    0.399019    0.371985    2.400191 ^ _14_/Y (sky130_fd_sc_hd__nor2_2)
                                                         _10_ (net)
                      0.399019    0.000433    2.400625 ^ _22_/B (sky130_fd_sc_hd__and2_2)
     1    0.034834    0.300706    0.578343    2.978967 ^ _22_/X (sky130_fd_sc_hd__and2_2)
                                                         reg_rdata[6] (net)
                      0.300706    0.000397    2.979364 ^ reg_rdata[6] (out)
                                              2.979364   data arrival time

                                 10.000000   10.000000   clock clk (rise edge)
                                  0.000000   10.000000   clock network delay (propagated)
                                 -0.250000    9.750000   clock uncertainty
                                  0.000000    9.750000   clock reconvergence pessimism
                                 -2.000000    7.750000   output external delay
                                              7.750000   data required time
---------------------------------------------------------------------------------------------
                                              7.750000   data required time
                                             -2.979364   data arrival time
---------------------------------------------------------------------------------------------
                                              4.770636   slack (MET)


Startpoint: reg_addr[1] (input port clocked by clk)
Endpoint: reg_rdata[7] (output port clocked by clk)
Path Group: clk
Path Type: max

Fanout         Cap        Slew       Delay        Time   Description
---------------------------------------------------------------------------------------------
                                  0.000000    0.000000   clock clk (rise edge)
                                  0.000000    0.000000   clock network delay (propagated)
                                  2.000000    2.000000 v input external delay
     3    0.008967    0.043117    0.028206    2.028206 v reg_addr[1] (in)
                                                         reg_addr[1] (net)
                      0.043117    0.000000    2.028206 v _14_/A (sky130_fd_sc_hd__nor2_2)
     8    0.021181    0.399019    0.371985    2.400191 ^ _14_/Y (sky130_fd_sc_hd__nor2_2)
                                                         _10_ (net)
                      0.399019    0.000405    2.400596 ^ _23_/B (sky130_fd_sc_hd__and2_2)
     1    0.034315    0.296764    0.575505    2.976101 ^ _23_/X (sky130_fd_sc_hd__and2_2)
                                                         reg_rdata[7] (net)
                      0.296764    0.000271    2.976372 ^ reg_rdata[7] (out)
                                              2.976372   data arrival time

                                 10.000000   10.000000   clock clk (rise edge)
                                  0.000000   10.000000   clock network delay (propagated)
                                 -0.250000    9.750000   clock uncertainty
                                  0.000000    9.750000   clock reconvergence pessimism
                                 -2.000000    7.750000   output external delay
                                              7.750000   data required time
---------------------------------------------------------------------------------------------
                                              7.750000   data required time
                                             -2.976372   data arrival time
---------------------------------------------------------------------------------------------
                                              4.773628   slack (MET)


Startpoint: reg_addr[1] (input port clocked by clk)
Endpoint: reg_rdata[5] (output port clocked by clk)
Path Group: clk
Path Type: max

Fanout         Cap        Slew       Delay        Time   Description
---------------------------------------------------------------------------------------------
                                  0.000000    0.000000   clock clk (rise edge)
                                  0.000000    0.000000   clock network delay (propagated)
                                  2.000000    2.000000 v input external delay
     3    0.008967    0.043117    0.028206    2.028206 v reg_addr[1] (in)
                                                         reg_addr[1] (net)
                      0.043117    0.000000    2.028206 v _14_/A (sky130_fd_sc_hd__nor2_2)
     8    0.021181    0.399019    0.371985    2.400191 ^ _14_/Y (sky130_fd_sc_hd__nor2_2)
                                                         _10_ (net)
                      0.399019    0.000431    2.400622 ^ _21_/B (sky130_fd_sc_hd__and2_2)
     1    0.034235    0.296156    0.575067    2.975689 ^ _21_/X (sky130_fd_sc_hd__and2_2)
                                                         reg_rdata[5] (net)
                      0.296156    0.000253    2.975942 ^ reg_rdata[5] (out)
                                              2.975942   data arrival time

                                 10.000000   10.000000   clock clk (rise edge)
                                  0.000000   10.000000   clock network delay (propagated)
                                 -0.250000    9.750000   clock uncertainty
                                  0.000000    9.750000   clock reconvergence pessimism
                                 -2.000000    7.750000   output external delay
                                              7.750000   data required time
---------------------------------------------------------------------------------------------
                                              7.750000   data required time
                                             -2.975942   data arrival time
---------------------------------------------------------------------------------------------
                                              4.774058   slack (MET)


Startpoint: core_dout (input port clocked by clk)
Endpoint: pad_dout (output port clocked by clk)
Path Group: clk
Path Type: max

Fanout         Cap        Slew       Delay        Time   Description
---------------------------------------------------------------------------------------------
                                  0.000000    0.000000   clock clk (rise edge)
                                  0.000000    0.000000   clock network delay (propagated)
                                  2.000000    2.000000 ^ input external delay
     2    0.006002    0.053976    0.032532    2.032532 ^ core_dout (in)
                                                         core_dout (net)
                      0.053976    0.000000    2.032532 ^ _46_/A (sky130_fd_sc_hd__buf_2)
     1    0.034519    0.273898    0.337751    2.370283 ^ _46_/X (sky130_fd_sc_hd__buf_2)
                                                         pad_dout (net)
                      0.273898    0.000294    2.370577 ^ pad_dout (out)
                                              2.370577   data arrival time

                                 10.000000   10.000000   clock clk (rise edge)
                                  0.000000   10.000000   clock network delay (propagated)
                                 -0.250000    9.750000   clock uncertainty
                                  0.000000    9.750000   clock reconvergence pessimism
                                 -2.000000    7.750000   output external delay
                                              7.750000   data required time
---------------------------------------------------------------------------------------------
                                              7.750000   data required time
                                             -2.370577   data arrival time
---------------------------------------------------------------------------------------------
                                              5.379423   slack (MET)


Startpoint: reg_addr[1] (input port clocked by clk)
Endpoint: _43_ (rising edge-triggered flip-flop clocked by clk)
Path Group: clk
Path Type: max

Fanout         Cap        Slew       Delay        Time   Description
---------------------------------------------------------------------------------------------
                                  0.000000    0.000000   clock clk (rise edge)
                                  0.000000    0.000000   clock network delay (propagated)
                                  2.000000    2.000000 v input external delay
     3    0.008967    0.043117    0.028207    2.028207 v reg_addr[1] (in)
                                                         reg_addr[1] (net)
                      0.043117    0.000000    2.028207 v _27_/A (sky130_fd_sc_hd__or3b_2)
     8    0.035941    0.330181    1.326495    3.354702 v _27_/X (sky130_fd_sc_hd__or3b_2)
                                                         _13_ (net)
                      0.330181    0.000308    3.355010 v _35_/S (sky130_fd_sc_hd__mux2_1)
     1    0.003509    0.117255    0.805543    4.160553 v _35_/X (sky130_fd_sc_hd__mux2_1)
                                                         _09_ (net)
                      0.117255    0.000045    4.160599 v _43_/D (sky130_fd_sc_hd__dfrtp_2)
                                              4.160599   data arrival time

                                 10.000000   10.000000   clock clk (rise edge)
                                  0.000000   10.000000   clock source latency
     1    0.011836    0.093701    0.061554   10.061555 ^ clk (in)
                                                         clk (net)
                      0.093702    0.000000   10.061555 ^ clkbuf_0_clk/A (sky130_fd_sc_hd__clkbuf_16)
     2    0.019500    0.066802    0.231705   10.293260 ^ clkbuf_0_clk/X (sky130_fd_sc_hd__clkbuf_16)
                                                         clknet_0_clk (net)
                      0.066802    0.000197   10.293457 ^ clkbuf_1_0__f_clk/A (sky130_fd_sc_hd__clkbuf_16)
     5    0.014074    0.060042    0.211748   10.505205 ^ clkbuf_1_0__f_clk/X (sky130_fd_sc_hd__clkbuf_16)
                                                         clknet_1_0__leaf_clk (net)
                      0.060042    0.000118   10.505323 ^ _43_/CLK (sky130_fd_sc_hd__dfrtp_2)
                                 -0.250000   10.255323   clock uncertainty
                                  0.000000   10.255323   clock reconvergence pessimism
                                 -0.299009    9.956314   library setup time
                                              9.956314   data required time
---------------------------------------------------------------------------------------------
                                              9.956314   data required time
                                             -4.160599   data arrival time
---------------------------------------------------------------------------------------------
                                              5.795716   slack (MET)


Startpoint: reg_addr[1] (input port clocked by clk)
Endpoint: _39_ (rising edge-triggered flip-flop clocked by clk)
Path Group: clk
Path Type: max

Fanout         Cap        Slew       Delay        Time   Description
---------------------------------------------------------------------------------------------
                                  0.000000    0.000000   clock clk (rise edge)
                                  0.000000    0.000000   clock network delay (propagated)
                                  2.000000    2.000000 v input external delay
     3    0.008967    0.043117    0.028207    2.028207 v reg_addr[1] (in)
                                                         reg_addr[1] (net)
                      0.043117    0.000000    2.028207 v _27_/A (sky130_fd_sc_hd__or3b_2)
     8    0.035941    0.330181    1.326495    3.354702 v _27_/X (sky130_fd_sc_hd__or3b_2)
                                                         _13_ (net)
                      0.330181    0.000359    3.355061 v _31_/S (sky130_fd_sc_hd__mux2_1)
     1    0.003353    0.115555    0.802830    4.157891 v _31_/X (sky130_fd_sc_hd__mux2_1)
                                                         _05_ (net)
                      0.115555    0.000047    4.157938 v _39_/D (sky130_fd_sc_hd__dfrtp_2)
                                              4.157938   data arrival time

                                 10.000000   10.000000   clock clk (rise edge)
                                  0.000000   10.000000   clock source latency
     1    0.011836    0.093701    0.061554   10.061555 ^ clk (in)
                                                         clk (net)
                      0.093702    0.000000   10.061555 ^ clkbuf_0_clk/A (sky130_fd_sc_hd__clkbuf_16)
     2    0.019500    0.066802    0.231705   10.293260 ^ clkbuf_0_clk/X (sky130_fd_sc_hd__clkbuf_16)
                                                         clknet_0_clk (net)
                      0.066802    0.000197   10.293457 ^ clkbuf_1_0__f_clk/A (sky130_fd_sc_hd__clkbuf_16)
     5    0.014074    0.060042    0.211748   10.505205 ^ clkbuf_1_0__f_clk/X (sky130_fd_sc_hd__clkbuf_16)
                                                         clknet_1_0__leaf_clk (net)
                      0.060042    0.000123   10.505327 ^ _39_/CLK (sky130_fd_sc_hd__dfrtp_2)
                                 -0.250000   10.255327   clock uncertainty
                                  0.000000   10.255327   clock reconvergence pessimism
                                 -0.298299    9.957029   library setup time
                                              9.957029   data required time
---------------------------------------------------------------------------------------------
                                              9.957029   data required time
                                             -4.157938   data arrival time
---------------------------------------------------------------------------------------------
                                              5.799091   slack (MET)


Startpoint: reg_addr[1] (input port clocked by clk)
Endpoint: _36_ (rising edge-triggered flip-flop clocked by clk)
Path Group: clk
Path Type: max

Fanout         Cap        Slew       Delay        Time   Description
---------------------------------------------------------------------------------------------
                                  0.000000    0.000000   clock clk (rise edge)
                                  0.000000    0.000000   clock network delay (propagated)
                                  2.000000    2.000000 v input external delay
     3    0.008967    0.043117    0.028207    2.028207 v reg_addr[1] (in)
                                                         reg_addr[1] (net)
                      0.043117    0.000000    2.028207 v _27_/A (sky130_fd_sc_hd__or3b_2)
     8    0.035941    0.330181    1.326495    3.354702 v _27_/X (sky130_fd_sc_hd__or3b_2)
                                                         _13_ (net)
                      0.330181    0.000718    3.355420 v _28_/S (sky130_fd_sc_hd__mux2_1)
     1    0.003199    0.113952    0.800166    4.155586 v _28_/X (sky130_fd_sc_hd__mux2_1)
                                                         _02_ (net)
                      0.113952    0.000041    4.155627 v _36_/D (sky130_fd_sc_hd__dfrtp_2)
                                              4.155627   data arrival time

                                 10.000000   10.000000   clock clk (rise edge)
                                  0.000000   10.000000   clock source latency
     1    0.011836    0.093701    0.061554   10.061555 ^ clk (in)
                                                         clk (net)
                      0.093702    0.000000   10.061555 ^ clkbuf_0_clk/A (sky130_fd_sc_hd__clkbuf_16)
     2    0.019500    0.066802    0.231705   10.293260 ^ clkbuf_0_clk/X (sky130_fd_sc_hd__clkbuf_16)
                                                         clknet_0_clk (net)
                      0.066802    0.000223   10.293483 ^ clkbuf_1_1__f_clk/A (sky130_fd_sc_hd__clkbuf_16)
     6    0.016167    0.062659    0.214672   10.508155 ^ clkbuf_1_1__f_clk/X (sky130_fd_sc_hd__clkbuf_16)
                                                         clknet_1_1__leaf_clk (net)
                      0.062659    0.000282   10.508437 ^ _36_/CLK (sky130_fd_sc_hd__dfrtp_2)
                                 -0.250000   10.258437   clock uncertainty
                                  0.000000   10.258437   clock reconvergence pessimism
                                 -0.296930    9.961507   library setup time
                                              9.961507   data required time
---------------------------------------------------------------------------------------------
                                              9.961507   data required time
                                             -4.155627   data arrival time
---------------------------------------------------------------------------------------------
                                              5.805880   slack (MET)


Startpoint: reg_addr[1] (input port clocked by clk)
Endpoint: _41_ (rising edge-triggered flip-flop clocked by clk)
Path Group: clk
Path Type: max

Fanout         Cap        Slew       Delay        Time   Description
---------------------------------------------------------------------------------------------
                                  0.000000    0.000000   clock clk (rise edge)
                                  0.000000    0.000000   clock network delay (propagated)
                                  2.000000    2.000000 v input external delay
     3    0.008967    0.043117    0.028207    2.028207 v reg_addr[1] (in)
                                                         reg_addr[1] (net)
                      0.043117    0.000000    2.028207 v _27_/A (sky130_fd_sc_hd__or3b_2)
     8    0.035941    0.330181    1.326495    3.354702 v _27_/X (sky130_fd_sc_hd__or3b_2)
                                                         _13_ (net)
                      0.330181    0.000562    3.355264 v _33_/S (sky130_fd_sc_hd__mux2_1)
     1    0.002966    0.111654    0.796140    4.151404 v _33_/X (sky130_fd_sc_hd__mux2_1)
                                                         _07_ (net)
                      0.111654    0.000034    4.151438 v _41_/D (sky130_fd_sc_hd__dfrtp_2)
                                              4.151438   data arrival time

                                 10.000000   10.000000   clock clk (rise edge)
                                  0.000000   10.000000   clock source latency
     1    0.011836    0.093701    0.061554   10.061555 ^ clk (in)
                                                         clk (net)
                      0.093702    0.000000   10.061555 ^ clkbuf_0_clk/A (sky130_fd_sc_hd__clkbuf_16)
     2    0.019500    0.066802    0.231705   10.293260 ^ clkbuf_0_clk/X (sky130_fd_sc_hd__clkbuf_16)
                                                         clknet_0_clk (net)
                      0.066802    0.000223   10.293483 ^ clkbuf_1_1__f_clk/A (sky130_fd_sc_hd__clkbuf_16)
     6    0.016167    0.062659    0.214672   10.508155 ^ clkbuf_1_1__f_clk/X (sky130_fd_sc_hd__clkbuf_16)
                                                         clknet_1_1__leaf_clk (net)
                      0.062659    0.000374   10.508529 ^ _41_/CLK (sky130_fd_sc_hd__dfrtp_2)
                                 -0.250000   10.258529   clock uncertainty
                                  0.000000   10.258529   clock reconvergence pessimism
                                 -0.295970    9.962558   library setup time
                                              9.962558   data required time
---------------------------------------------------------------------------------------------
                                              9.962558   data required time
                                             -4.151438   data arrival time
---------------------------------------------------------------------------------------------
                                              5.811120   slack (MET)


Startpoint: reg_addr[1] (input port clocked by clk)
Endpoint: _38_ (rising edge-triggered flip-flop clocked by clk)
Path Group: clk
Path Type: max

Fanout         Cap        Slew       Delay        Time   Description
---------------------------------------------------------------------------------------------
                                  0.000000    0.000000   clock clk (rise edge)
                                  0.000000    0.000000   clock network delay (propagated)
                                  2.000000    2.000000 v input external delay
     3    0.008967    0.043117    0.028207    2.028207 v reg_addr[1] (in)
                                                         reg_addr[1] (net)
                      0.043117    0.000000    2.028207 v _27_/A (sky130_fd_sc_hd__or3b_2)
     8    0.035941    0.330181    1.326495    3.354702 v _27_/X (sky130_fd_sc_hd__or3b_2)
                                                         _13_ (net)
                      0.330181    0.000251    3.354953 v _30_/S (sky130_fd_sc_hd__mux2_1)
     1    0.002633    0.111489    0.790397    4.145350 v _30_/X (sky130_fd_sc_hd__mux2_1)
                                                         _04_ (net)
                      0.111489    0.000028    4.145378 v _38_/D (sky130_fd_sc_hd__dfrtp_2)
                                              4.145378   data arrival time

                                 10.000000   10.000000   clock clk (rise edge)
                                  0.000000   10.000000   clock source latency
     1    0.011836    0.093701    0.061554   10.061555 ^ clk (in)
                                                         clk (net)
                      0.093702    0.000000   10.061555 ^ clkbuf_0_clk/A (sky130_fd_sc_hd__clkbuf_16)
     2    0.019500    0.066802    0.231705   10.293260 ^ clkbuf_0_clk/X (sky130_fd_sc_hd__clkbuf_16)
                                                         clknet_0_clk (net)
                      0.066802    0.000197   10.293457 ^ clkbuf_1_0__f_clk/A (sky130_fd_sc_hd__clkbuf_16)
     5    0.014074    0.060042    0.211748   10.505205 ^ clkbuf_1_0__f_clk/X (sky130_fd_sc_hd__clkbuf_16)
                                                         clknet_1_0__leaf_clk (net)
                      0.060042    0.000102   10.505307 ^ _38_/CLK (sky130_fd_sc_hd__dfrtp_2)
                                 -0.250000   10.255307   clock uncertainty
                                  0.000000   10.255307   clock reconvergence pessimism
                                 -0.296600    9.958708   library setup time
                                              9.958708   data required time
---------------------------------------------------------------------------------------------
                                              9.958708   data required time
                                             -4.145378   data arrival time
---------------------------------------------------------------------------------------------
                                              5.813330   slack (MET)


Startpoint: reg_addr[1] (input port clocked by clk)
Endpoint: _42_ (rising edge-triggered flip-flop clocked by clk)
Path Group: clk
Path Type: max

Fanout         Cap        Slew       Delay        Time   Description
---------------------------------------------------------------------------------------------
                                  0.000000    0.000000   clock clk (rise edge)
                                  0.000000    0.000000   clock network delay (propagated)
                                  2.000000    2.000000 v input external delay
     3    0.008967    0.043117    0.028207    2.028207 v reg_addr[1] (in)
                                                         reg_addr[1] (net)
                      0.043117    0.000000    2.028207 v _27_/A (sky130_fd_sc_hd__or3b_2)
     8    0.035941    0.330181    1.326495    3.354702 v _27_/X (sky130_fd_sc_hd__or3b_2)
                                                         _13_ (net)
                      0.330181    0.000688    3.355390 v _34_/S (sky130_fd_sc_hd__mux2_1)
     1    0.002767    0.109503    0.792700    4.148090 v _34_/X (sky130_fd_sc_hd__mux2_1)
                                                         _08_ (net)
                      0.109503    0.000030    4.148120 v _42_/D (sky130_fd_sc_hd__dfrtp_2)
                                              4.148120   data arrival time

                                 10.000000   10.000000   clock clk (rise edge)
                                  0.000000   10.000000   clock source latency
     1    0.011836    0.093701    0.061554   10.061555 ^ clk (in)
                                                         clk (net)
                      0.093702    0.000000   10.061555 ^ clkbuf_0_clk/A (sky130_fd_sc_hd__clkbuf_16)
     2    0.019500    0.066802    0.231705   10.293260 ^ clkbuf_0_clk/X (sky130_fd_sc_hd__clkbuf_16)
                                                         clknet_0_clk (net)
                      0.066802    0.000223   10.293483 ^ clkbuf_1_1__f_clk/A (sky130_fd_sc_hd__clkbuf_16)
     6    0.016167    0.062659    0.214672   10.508155 ^ clkbuf_1_1__f_clk/X (sky130_fd_sc_hd__clkbuf_16)
                                                         clknet_1_1__leaf_clk (net)
                      0.062659    0.000187   10.508341 ^ _42_/CLK (sky130_fd_sc_hd__dfrtp_2)
                                 -0.250000   10.258341   clock uncertainty
                                  0.000000   10.258341   clock reconvergence pessimism
                                 -0.295071    9.963269   library setup time
                                              9.963269   data required time
---------------------------------------------------------------------------------------------
                                              9.963269   data required time
                                             -4.148120   data arrival time
---------------------------------------------------------------------------------------------
                                              5.815150   slack (MET)


Startpoint: reg_addr[1] (input port clocked by clk)
Endpoint: _40_ (rising edge-triggered flip-flop clocked by clk)
Path Group: clk
Path Type: max

Fanout         Cap        Slew       Delay        Time   Description
---------------------------------------------------------------------------------------------
                                  0.000000    0.000000   clock clk (rise edge)
                                  0.000000    0.000000   clock network delay (propagated)
                                  2.000000    2.000000 v input external delay
     3    0.008967    0.043117    0.028207    2.028207 v reg_addr[1] (in)
                                                         reg_addr[1] (net)
                      0.043117    0.000000    2.028207 v _27_/A (sky130_fd_sc_hd__or3b_2)
     8    0.035941    0.330181    1.326495    3.354702 v _27_/X (sky130_fd_sc_hd__or3b_2)
                                                         _13_ (net)
                      0.330181    0.000599    3.355301 v _32_/S (sky130_fd_sc_hd__mux2_1)
     1    0.002514    0.110104    0.788327    4.143628 v _32_/X (sky130_fd_sc_hd__mux2_1)
                                                         _06_ (net)
                      0.110104    0.000026    4.143654 v _40_/D (sky130_fd_sc_hd__dfrtp_2)
                                              4.143654   data arrival time

                                 10.000000   10.000000   clock clk (rise edge)
                                  0.000000   10.000000   clock source latency
     1    0.011836    0.093701    0.061554   10.061555 ^ clk (in)
                                                         clk (net)
                      0.093702    0.000000   10.061555 ^ clkbuf_0_clk/A (sky130_fd_sc_hd__clkbuf_16)
     2    0.019500    0.066802    0.231705   10.293260 ^ clkbuf_0_clk/X (sky130_fd_sc_hd__clkbuf_16)
                                                         clknet_0_clk (net)
                      0.066802    0.000223   10.293483 ^ clkbuf_1_1__f_clk/A (sky130_fd_sc_hd__clkbuf_16)
     6    0.016167    0.062659    0.214672   10.508155 ^ clkbuf_1_1__f_clk/X (sky130_fd_sc_hd__clkbuf_16)
                                                         clknet_1_1__leaf_clk (net)
                      0.062659    0.000278   10.508432 ^ _40_/CLK (sky130_fd_sc_hd__dfrtp_2)
                                 -0.250000   10.258432   clock uncertainty
                                  0.000000   10.258432   clock reconvergence pessimism
                                 -0.295323    9.963110   library setup time
                                              9.963110   data required time
---------------------------------------------------------------------------------------------
                                              9.963110   data required time
                                             -4.143654   data arrival time
---------------------------------------------------------------------------------------------
                                              5.819456   slack (MET)


Startpoint: reg_addr[1] (input port clocked by clk)
Endpoint: _37_ (rising edge-triggered flip-flop clocked by clk)
Path Group: clk
Path Type: max

Fanout         Cap        Slew       Delay        Time   Description
---------------------------------------------------------------------------------------------
                                  0.000000    0.000000   clock clk (rise edge)
                                  0.000000    0.000000   clock network delay (propagated)
                                  2.000000    2.000000 v input external delay
     3    0.008967    0.043117    0.028207    2.028207 v reg_addr[1] (in)
                                                         reg_addr[1] (net)
                      0.043117    0.000000    2.028207 v _27_/A (sky130_fd_sc_hd__or3b_2)
     8    0.035941    0.330181    1.326495    3.354702 v _27_/X (sky130_fd_sc_hd__or3b_2)
                                                         _13_ (net)
                      0.330181    0.000163    3.354865 v _29_/S (sky130_fd_sc_hd__mux2_1)
     1    0.002208    0.106563    0.783030    4.137895 v _29_/X (sky130_fd_sc_hd__mux2_1)
                                                         _03_ (net)
                      0.106563    0.000020    4.137915 v _37_/D (sky130_fd_sc_hd__dfrtp_2)
                                              4.137915   data arrival time

                                 10.000000   10.000000   clock clk (rise edge)
                                  0.000000   10.000000   clock source latency
     1    0.011836    0.093701    0.061554   10.061555 ^ clk (in)
                                                         clk (net)
                      0.093702    0.000000   10.061555 ^ clkbuf_0_clk/A (sky130_fd_sc_hd__clkbuf_16)
     2    0.019500    0.066802    0.231705   10.293260 ^ clkbuf_0_clk/X (sky130_fd_sc_hd__clkbuf_16)
                                                         clknet_0_clk (net)
                      0.066802    0.000197   10.293457 ^ clkbuf_1_0__f_clk/A (sky130_fd_sc_hd__clkbuf_16)
     5    0.014074    0.060042    0.211748   10.505205 ^ clkbuf_1_0__f_clk/X (sky130_fd_sc_hd__clkbuf_16)
                                                         clknet_1_0__leaf_clk (net)
                      0.060042    0.000125   10.505330 ^ _37_/CLK (sky130_fd_sc_hd__dfrtp_2)
                                 -0.250000   10.255330   clock uncertainty
                                  0.000000   10.255330   clock reconvergence pessimism
                                 -0.294541    9.960789   library setup time
                                              9.960789   data required time
---------------------------------------------------------------------------------------------
                                              9.960789   data required time
                                             -4.137915   data arrival time
---------------------------------------------------------------------------------------------
                                              5.822875   slack (MET)


Startpoint: _42_ (rising edge-triggered flip-flop clocked by clk)
Endpoint: pad_schmitt_en (output port clocked by clk)
Path Group: clk
Path Type: max

Fanout         Cap        Slew       Delay        Time   Description
---------------------------------------------------------------------------------------------
                                  0.000000    0.000000   clock clk (rise edge)
                                  0.000000    0.000000   clock source latency
     1    0.011836    0.093701    0.061554    0.061554 ^ clk (in)
                                                         clk (net)
                      0.093702    0.000000    0.061554 ^ clkbuf_0_clk/A (sky130_fd_sc_hd__clkbuf_16)
     2    0.019500    0.066802    0.231705    0.293259 ^ clkbuf_0_clk/X (sky130_fd_sc_hd__clkbuf_16)
                                                         clknet_0_clk (net)
                      0.066802    0.000223    0.293483 ^ clkbuf_1_1__f_clk/A (sky130_fd_sc_hd__clkbuf_16)
     6    0.016167    0.062659    0.214672    0.508154 ^ clkbuf_1_1__f_clk/X (sky130_fd_sc_hd__clkbuf_16)
                                                         clknet_1_1__leaf_clk (net)
                      0.062659    0.000187    0.508341 ^ _42_/CLK (sky130_fd_sc_hd__dfrtp_2)
     3    0.043407    0.245994    0.991813    1.500154 v _42_/Q (sky130_fd_sc_hd__dfrtp_2)
                                                         pad_schmitt_en (net)
                      0.245994    0.000565    1.500719 v pad_schmitt_en (out)
                                              1.500719   data arrival time

                                 10.000000   10.000000   clock clk (rise edge)
                                  0.000000   10.000000   clock network delay (propagated)
                                 -0.250000    9.750000   clock uncertainty
                                  0.000000    9.750000   clock reconvergence pessimism
                                 -2.000000    7.750000   output external delay
                                              7.750000   data required time
---------------------------------------------------------------------------------------------
                                              7.750000   data required time
                                             -1.500719   data arrival time
---------------------------------------------------------------------------------------------
                                              6.249281   slack (MET)


Startpoint: _39_ (rising edge-triggered flip-flop clocked by clk)
Endpoint: pad_slew[0] (output port clocked by clk)
Path Group: clk
Path Type: max

Fanout         Cap        Slew       Delay        Time   Description
---------------------------------------------------------------------------------------------
                                  0.000000    0.000000   clock clk (rise edge)
                                  0.000000    0.000000   clock source latency
     1    0.011836    0.093701    0.061554    0.061554 ^ clk (in)
                                                         clk (net)
                      0.093702    0.000000    0.061554 ^ clkbuf_0_clk/A (sky130_fd_sc_hd__clkbuf_16)
     2    0.019500    0.066802    0.231705    0.293259 ^ clkbuf_0_clk/X (sky130_fd_sc_hd__clkbuf_16)
                                                         clknet_0_clk (net)
                      0.066802    0.000197    0.293457 ^ clkbuf_1_0__f_clk/A (sky130_fd_sc_hd__clkbuf_16)
     5    0.014074    0.060042    0.211748    0.505205 ^ clkbuf_1_0__f_clk/X (sky130_fd_sc_hd__clkbuf_16)
                                                         clknet_1_0__leaf_clk (net)
                      0.060042    0.000123    0.505328 ^ _39_/CLK (sky130_fd_sc_hd__dfrtp_2)
     3    0.043416    0.245945    0.990760    1.496088 v _39_/Q (sky130_fd_sc_hd__dfrtp_2)
                                                         pad_slew[0] (net)
                      0.245945    0.000371    1.496459 v pad_slew[0] (out)
                                              1.496459   data arrival time

                                 10.000000   10.000000   clock clk (rise edge)
                                  0.000000   10.000000   clock network delay (propagated)
                                 -0.250000    9.750000   clock uncertainty
                                  0.000000    9.750000   clock reconvergence pessimism
                                 -2.000000    7.750000   output external delay
                                              7.750000   data required time
---------------------------------------------------------------------------------------------
                                              7.750000   data required time
                                             -1.496459   data arrival time
---------------------------------------------------------------------------------------------
                                              6.253541   slack (MET)


Startpoint: _40_ (rising edge-triggered flip-flop clocked by clk)
Endpoint: pad_slew[1] (output port clocked by clk)
Path Group: clk
Path Type: max

Fanout         Cap        Slew       Delay        Time   Description
---------------------------------------------------------------------------------------------
                                  0.000000    0.000000   clock clk (rise edge)
                                  0.000000    0.000000   clock source latency
     1    0.011836    0.093701    0.061554    0.061554 ^ clk (in)
                                                         clk (net)
                      0.093702    0.000000    0.061554 ^ clkbuf_0_clk/A (sky130_fd_sc_hd__clkbuf_16)
     2    0.019500    0.066802    0.231705    0.293259 ^ clkbuf_0_clk/X (sky130_fd_sc_hd__clkbuf_16)
                                                         clknet_0_clk (net)
                      0.066802    0.000223    0.293483 ^ clkbuf_1_1__f_clk/A (sky130_fd_sc_hd__clkbuf_16)
     6    0.016167    0.062659    0.214672    0.508154 ^ clkbuf_1_1__f_clk/X (sky130_fd_sc_hd__clkbuf_16)
                                                         clknet_1_1__leaf_clk (net)
                      0.062659    0.000278    0.508432 ^ _40_/CLK (sky130_fd_sc_hd__dfrtp_2)
     3    0.041949    0.240105    0.985640    1.494072 v _40_/Q (sky130_fd_sc_hd__dfrtp_2)
                                                         pad_slew[1] (net)
                      0.240108    0.001170    1.495242 v pad_slew[1] (out)
                                              1.495242   data arrival time

                                 10.000000   10.000000   clock clk (rise edge)
                                  0.000000   10.000000   clock network delay (propagated)
                                 -0.250000    9.750000   clock uncertainty
                                  0.000000    9.750000   clock reconvergence pessimism
                                 -2.000000    7.750000   output external delay
                                              7.750000   data required time
---------------------------------------------------------------------------------------------
                                              7.750000   data required time
                                             -1.495242   data arrival time
---------------------------------------------------------------------------------------------
                                              6.254758   slack (MET)


Startpoint: _36_ (rising edge-triggered flip-flop clocked by clk)
Endpoint: pad_oe (output port clocked by clk)
Path Group: clk
Path Type: max

Fanout         Cap        Slew       Delay        Time   Description
---------------------------------------------------------------------------------------------
                                  0.000000    0.000000   clock clk (rise edge)
                                  0.000000    0.000000   clock source latency
     1    0.011836    0.093701    0.061554    0.061554 ^ clk (in)
                                                         clk (net)
                      0.093702    0.000000    0.061554 ^ clkbuf_0_clk/A (sky130_fd_sc_hd__clkbuf_16)
     2    0.019500    0.066802    0.231705    0.293259 ^ clkbuf_0_clk/X (sky130_fd_sc_hd__clkbuf_16)
                                                         clknet_0_clk (net)
                      0.066802    0.000223    0.293483 ^ clkbuf_1_1__f_clk/A (sky130_fd_sc_hd__clkbuf_16)
     6    0.016167    0.062659    0.214672    0.508154 ^ clkbuf_1_1__f_clk/X (sky130_fd_sc_hd__clkbuf_16)
                                                         clknet_1_1__leaf_clk (net)
                      0.062659    0.000283    0.508437 ^ _36_/CLK (sky130_fd_sc_hd__dfrtp_2)
     3    0.041066    0.236003    0.982773    1.491211 v _36_/Q (sky130_fd_sc_hd__dfrtp_2)
                                                         pad_oe (net)
                      0.236003    0.000277    1.491487 v pad_oe (out)
                                              1.491487   data arrival time

                                 10.000000   10.000000   clock clk (rise edge)
                                  0.000000   10.000000   clock network delay (propagated)
                                 -0.250000    9.750000   clock uncertainty
                                  0.000000    9.750000   clock reconvergence pessimism
                                 -2.000000    7.750000   output external delay
                                              7.750000   data required time
---------------------------------------------------------------------------------------------
                                              7.750000   data required time
                                             -1.491487   data arrival time
---------------------------------------------------------------------------------------------
                                              6.258513   slack (MET)


Startpoint: _38_ (rising edge-triggered flip-flop clocked by clk)
Endpoint: pad_pd_en (output port clocked by clk)
Path Group: clk
Path Type: max

Fanout         Cap        Slew       Delay        Time   Description
---------------------------------------------------------------------------------------------
                                  0.000000    0.000000   clock clk (rise edge)
                                  0.000000    0.000000   clock source latency
     1    0.011836    0.093701    0.061554    0.061554 ^ clk (in)
                                                         clk (net)
                      0.093702    0.000000    0.061554 ^ clkbuf_0_clk/A (sky130_fd_sc_hd__clkbuf_16)
     2    0.019500    0.066802    0.231705    0.293259 ^ clkbuf_0_clk/X (sky130_fd_sc_hd__clkbuf_16)
                                                         clknet_0_clk (net)
                      0.066802    0.000197    0.293457 ^ clkbuf_1_0__f_clk/A (sky130_fd_sc_hd__clkbuf_16)
     5    0.014074    0.060042    0.211748    0.505205 ^ clkbuf_1_0__f_clk/X (sky130_fd_sc_hd__clkbuf_16)
                                                         clknet_1_0__leaf_clk (net)
                      0.060042    0.000102    0.505307 ^ _38_/CLK (sky130_fd_sc_hd__dfrtp_2)
     3    0.041767    0.239138    0.984014    1.489321 v _38_/Q (sky130_fd_sc_hd__dfrtp_2)
                                                         pad_pd_en (net)
                      0.239138    0.000727    1.490048 v pad_pd_en (out)
                                              1.490048   data arrival time

                                 10.000000   10.000000   clock clk (rise edge)
                                  0.000000   10.000000   clock network delay (propagated)
                                 -0.250000    9.750000   clock uncertainty
                                  0.000000    9.750000   clock reconvergence pessimism
                                 -2.000000    7.750000   output external delay
                                              7.750000   data required time
---------------------------------------------------------------------------------------------
                                              7.750000   data required time
                                             -1.490048   data arrival time
---------------------------------------------------------------------------------------------
                                              6.259952   slack (MET)


Startpoint: _44_ (rising edge-triggered flip-flop clocked by clk)
Endpoint: core_din (output port clocked by clk)
Path Group: clk
Path Type: max

Fanout         Cap        Slew       Delay        Time   Description
---------------------------------------------------------------------------------------------
                                  0.000000    0.000000   clock clk (rise edge)
                                  0.000000    0.000000   clock source latency
     1    0.011836    0.093701    0.061554    0.061554 ^ clk (in)
                                                         clk (net)
                      0.093702    0.000000    0.061554 ^ clkbuf_0_clk/A (sky130_fd_sc_hd__clkbuf_16)
     2    0.019500    0.066802    0.231705    0.293259 ^ clkbuf_0_clk/X (sky130_fd_sc_hd__clkbuf_16)
                                                         clknet_0_clk (net)
                      0.066802    0.000223    0.293483 ^ clkbuf_1_1__f_clk/A (sky130_fd_sc_hd__clkbuf_16)
     6    0.016167    0.062659    0.214672    0.508154 ^ clkbuf_1_1__f_clk/X (sky130_fd_sc_hd__clkbuf_16)
                                                         clknet_1_1__leaf_clk (net)
                      0.062659    0.000346    0.508501 ^ _44_/CLK (sky130_fd_sc_hd__dfrtp_2)
     2    0.040306    0.233043    0.979396    1.487897 v _44_/Q (sky130_fd_sc_hd__dfrtp_2)
                                                         core_din (net)
                      0.233044    0.000844    1.488741 v core_din (out)
                                              1.488741   data arrival time

                                 10.000000   10.000000   clock clk (rise edge)
                                  0.000000   10.000000   clock network delay (propagated)
                                 -0.250000    9.750000   clock uncertainty
                                  0.000000    9.750000   clock reconvergence pessimism
                                 -2.000000    7.750000   output external delay
                                              7.750000   data required time
---------------------------------------------------------------------------------------------
                                              7.750000   data required time
                                             -1.488741   data arrival time
---------------------------------------------------------------------------------------------
                                              6.261259   slack (MET)


Startpoint: _37_ (rising edge-triggered flip-flop clocked by clk)
Endpoint: pad_pu_en (output port clocked by clk)
Path Group: clk
Path Type: max

Fanout         Cap        Slew       Delay        Time   Description
---------------------------------------------------------------------------------------------
                                  0.000000    0.000000   clock clk (rise edge)
                                  0.000000    0.000000   clock source latency
     1    0.011836    0.093701    0.061554    0.061554 ^ clk (in)
                                                         clk (net)
                      0.093702    0.000000    0.061554 ^ clkbuf_0_clk/A (sky130_fd_sc_hd__clkbuf_16)
     2    0.019500    0.066802    0.231705    0.293259 ^ clkbuf_0_clk/X (sky130_fd_sc_hd__clkbuf_16)
                                                         clknet_0_clk (net)
                      0.066802    0.000197    0.293457 ^ clkbuf_1_0__f_clk/A (sky130_fd_sc_hd__clkbuf_16)
     5    0.014074    0.060042    0.211748    0.505205 ^ clkbuf_1_0__f_clk/X (sky130_fd_sc_hd__clkbuf_16)
                                                         clknet_1_0__leaf_clk (net)
                      0.060042    0.000125    0.505330 ^ _37_/CLK (sky130_fd_sc_hd__dfrtp_2)
     3    0.040756    0.234769    0.980205    1.485535 v _37_/Q (sky130_fd_sc_hd__dfrtp_2)
                                                         pad_pu_en (net)
                      0.234769    0.000448    1.485983 v pad_pu_en (out)
                                              1.485983   data arrival time

                                 10.000000   10.000000   clock clk (rise edge)
                                  0.000000   10.000000   clock network delay (propagated)
                                 -0.250000    9.750000   clock uncertainty
                                  0.000000    9.750000   clock reconvergence pessimism
                                 -2.000000    7.750000   output external delay
                                              7.750000   data required time
---------------------------------------------------------------------------------------------
                                              7.750000   data required time
                                             -1.485983   data arrival time
---------------------------------------------------------------------------------------------
                                              6.264017   slack (MET)


Startpoint: core_dout (input port clocked by clk)
Endpoint: _45_ (rising edge-triggered flip-flop clocked by clk)
Path Group: clk
Path Type: max

Fanout         Cap        Slew       Delay        Time   Description
---------------------------------------------------------------------------------------------
                                  0.000000    0.000000   clock clk (rise edge)
                                  0.000000    0.000000   clock network delay (propagated)
                                  2.000000    2.000000 v input external delay
     2    0.005745    0.030061    0.018470    2.018470 v core_dout (in)
                                                         core_dout (net)
                      0.030061    0.000000    2.018470 v _25_/A1 (sky130_fd_sc_hd__mux2_1)
     1    0.001624    0.100716    0.617386    2.635855 v _25_/X (sky130_fd_sc_hd__mux2_1)
                                                         _12_ (net)
                      0.100716    0.000014    2.635869 v _26_/B (sky130_fd_sc_hd__and2_2)
     1    0.002580    0.069057    0.402952    3.038821 v _26_/X (sky130_fd_sc_hd__and2_2)
                                                         _01_ (net)
                      0.069057    0.000028    3.038849 v _45_/D (sky130_fd_sc_hd__dfrtp_2)
                                              3.038849   data arrival time

                                 10.000000   10.000000   clock clk (rise edge)
                                  0.000000   10.000000   clock source latency
     1    0.011836    0.093701    0.061554   10.061555 ^ clk (in)
                                                         clk (net)
                      0.093702    0.000000   10.061555 ^ clkbuf_0_clk/A (sky130_fd_sc_hd__clkbuf_16)
     2    0.019500    0.066802    0.231705   10.293260 ^ clkbuf_0_clk/X (sky130_fd_sc_hd__clkbuf_16)
                                                         clknet_0_clk (net)
                      0.066802    0.000223   10.293483 ^ clkbuf_1_1__f_clk/A (sky130_fd_sc_hd__clkbuf_16)
     6    0.016167    0.062659    0.214672   10.508155 ^ clkbuf_1_1__f_clk/X (sky130_fd_sc_hd__clkbuf_16)
                                                         clknet_1_1__leaf_clk (net)
                      0.062659    0.000378   10.508533 ^ _45_/CLK (sky130_fd_sc_hd__dfrtp_2)
                                 -0.250000   10.258533   clock uncertainty
                                  0.000000   10.258533   clock reconvergence pessimism
                                 -0.278171    9.980363   library setup time
                                              9.980363   data required time
---------------------------------------------------------------------------------------------
                                              9.980363   data required time
                                             -3.038849   data arrival time
---------------------------------------------------------------------------------------------
                                              6.941514   slack (MET)


Startpoint: _41_ (rising edge-triggered flip-flop clocked by clk)
Endpoint: _44_ (rising edge-triggered flip-flop clocked by clk)
Path Group: clk
Path Type: max

Fanout         Cap        Slew       Delay        Time   Description
---------------------------------------------------------------------------------------------
                                  0.000000    0.000000   clock clk (rise edge)
                                  0.000000    0.000000   clock source latency
     1    0.011836    0.093701    0.061554    0.061554 ^ clk (in)
                                                         clk (net)
                      0.093702    0.000000    0.061554 ^ clkbuf_0_clk/A (sky130_fd_sc_hd__clkbuf_16)
     2    0.019500    0.066802    0.231705    0.293259 ^ clkbuf_0_clk/X (sky130_fd_sc_hd__clkbuf_16)
                                                         clknet_0_clk (net)
                      0.066802    0.000223    0.293483 ^ clkbuf_1_1__f_clk/A (sky130_fd_sc_hd__clkbuf_16)
     6    0.016167    0.062659    0.214672    0.508154 ^ clkbuf_1_1__f_clk/X (sky130_fd_sc_hd__clkbuf_16)
                                                         clknet_1_1__leaf_clk (net)
                      0.062659    0.000374    0.508529 ^ _41_/CLK (sky130_fd_sc_hd__dfrtp_2)
     4    0.011270    0.114365    0.849660    1.358189 v _41_/Q (sky130_fd_sc_hd__dfrtp_2)
                                                         ie (net)
                      0.114365    0.000100    1.358289 v _24_/A (sky130_fd_sc_hd__and2_2)
     1    0.002762    0.069840    0.365995    1.724284 v _24_/X (sky130_fd_sc_hd__and2_2)
                                                         _00_ (net)
                      0.069840    0.000030    1.724314 v _44_/D (sky130_fd_sc_hd__dfrtp_2)
                                              1.724314   data arrival time

                                 10.000000   10.000000   clock clk (rise edge)
                                  0.000000   10.000000   clock source latency
     1    0.011836    0.093701    0.061554   10.061555 ^ clk (in)
                                                         clk (net)
                      0.093702    0.000000   10.061555 ^ clkbuf_0_clk/A (sky130_fd_sc_hd__clkbuf_16)
     2    0.019500    0.066802    0.231705   10.293260 ^ clkbuf_0_clk/X (sky130_fd_sc_hd__clkbuf_16)
                                                         clknet_0_clk (net)
                      0.066802    0.000223   10.293483 ^ clkbuf_1_1__f_clk/A (sky130_fd_sc_hd__clkbuf_16)
     6    0.016167    0.062659    0.214672   10.508155 ^ clkbuf_1_1__f_clk/X (sky130_fd_sc_hd__clkbuf_16)
                                                         clknet_1_1__leaf_clk (net)
                      0.062659    0.000346   10.508501 ^ _44_/CLK (sky130_fd_sc_hd__dfrtp_2)
                                 -0.250000   10.258501   clock uncertainty
                                  0.000000   10.258501   clock reconvergence pessimism
                                 -0.278498    9.980003   library setup time
                                              9.980003   data required time
---------------------------------------------------------------------------------------------
                                              9.980003   data required time
                                             -1.724314   data arrival time
---------------------------------------------------------------------------------------------
                                              8.255689   slack (MET)


Startpoint: rst_n (input port clocked by clk)
Endpoint: _38_ (recovery check against rising-edge clock clk)
Path Group: asynchronous
Path Type: max

Fanout         Cap        Slew       Delay        Time   Description
---------------------------------------------------------------------------------------------
                                  0.000000    0.000000   clock clk (rise edge)
                                  0.000000    0.000000   clock network delay (propagated)
                                  2.000000    2.000000 ^ input external delay
    10    0.042592    0.307969    0.214102    2.214102 ^ rst_n (in)
                                                         rst_n (net)
                      0.307976    0.000000    2.214102 ^ _38_/RESET_B (sky130_fd_sc_hd__dfrtp_2)
                                              2.214102   data arrival time

                                 10.000000   10.000000   clock clk (rise edge)
                                  0.000000   10.000000   clock source latency
     1    0.011836    0.093701    0.061554   10.061555 ^ clk (in)
                                                         clk (net)
                      0.093702    0.000000   10.061555 ^ clkbuf_0_clk/A (sky130_fd_sc_hd__clkbuf_16)
     2    0.019500    0.066802    0.231705   10.293260 ^ clkbuf_0_clk/X (sky130_fd_sc_hd__clkbuf_16)
                                                         clknet_0_clk (net)
                      0.066802    0.000197   10.293457 ^ clkbuf_1_0__f_clk/A (sky130_fd_sc_hd__clkbuf_16)
     5    0.014074    0.060042    0.211748   10.505205 ^ clkbuf_1_0__f_clk/X (sky130_fd_sc_hd__clkbuf_16)
                                                         clknet_1_0__leaf_clk (net)
                      0.060042    0.000102   10.505307 ^ _38_/CLK (sky130_fd_sc_hd__dfrtp_2)
                                 -0.250000   10.255307   clock uncertainty
                                  0.000000   10.255307   clock reconvergence pessimism
                                  0.339436   10.594743   library recovery time
                                             10.594743   data required time
---------------------------------------------------------------------------------------------
                                             10.594743   data required time
                                             -2.214102   data arrival time
---------------------------------------------------------------------------------------------
                                              8.380640   slack (MET)


Startpoint: rst_n (input port clocked by clk)
Endpoint: _37_ (recovery check against rising-edge clock clk)
Path Group: asynchronous
Path Type: max

Fanout         Cap        Slew       Delay        Time   Description
---------------------------------------------------------------------------------------------
                                  0.000000    0.000000   clock clk (rise edge)
                                  0.000000    0.000000   clock network delay (propagated)
                                  2.000000    2.000000 ^ input external delay
    10    0.042592    0.307969    0.214107    2.214107 ^ rst_n (in)
                                                         rst_n (net)
                      0.307977    0.000000    2.214107 ^ _37_/RESET_B (sky130_fd_sc_hd__dfrtp_2)
                                              2.214107   data arrival time

                                 10.000000   10.000000   clock clk (rise edge)
                                  0.000000   10.000000   clock source latency
     1    0.011836    0.093701    0.061554   10.061555 ^ clk (in)
                                                         clk (net)
                      0.093702    0.000000   10.061555 ^ clkbuf_0_clk/A (sky130_fd_sc_hd__clkbuf_16)
     2    0.019500    0.066802    0.231705   10.293260 ^ clkbuf_0_clk/X (sky130_fd_sc_hd__clkbuf_16)
                                                         clknet_0_clk (net)
                      0.066802    0.000197   10.293457 ^ clkbuf_1_0__f_clk/A (sky130_fd_sc_hd__clkbuf_16)
     5    0.014074    0.060042    0.211748   10.505205 ^ clkbuf_1_0__f_clk/X (sky130_fd_sc_hd__clkbuf_16)
                                                         clknet_1_0__leaf_clk (net)
                      0.060042    0.000125   10.505330 ^ _37_/CLK (sky130_fd_sc_hd__dfrtp_2)
                                 -0.250000   10.255330   clock uncertainty
                                  0.000000   10.255330   clock reconvergence pessimism
                                  0.339436   10.594767   library recovery time
                                             10.594767   data required time
---------------------------------------------------------------------------------------------
                                             10.594767   data required time
                                             -2.214107   data arrival time
---------------------------------------------------------------------------------------------
                                              8.380660   slack (MET)


Startpoint: rst_n (input port clocked by clk)
Endpoint: _39_ (recovery check against rising-edge clock clk)
Path Group: asynchronous
Path Type: max

Fanout         Cap        Slew       Delay        Time   Description
---------------------------------------------------------------------------------------------
                                  0.000000    0.000000   clock clk (rise edge)
                                  0.000000    0.000000   clock network delay (propagated)
                                  2.000000    2.000000 ^ input external delay
    10    0.042592    0.307969    0.213412    2.213412 ^ rst_n (in)
                                                         rst_n (net)
                      0.307971    0.000000    2.213412 ^ _39_/RESET_B (sky130_fd_sc_hd__dfrtp_2)
                                              2.213412   data arrival time

                                 10.000000   10.000000   clock clk (rise edge)
                                  0.000000   10.000000   clock source latency
     1    0.011836    0.093701    0.061554   10.061555 ^ clk (in)
                                                         clk (net)
                      0.093702    0.000000   10.061555 ^ clkbuf_0_clk/A (sky130_fd_sc_hd__clkbuf_16)
     2    0.019500    0.066802    0.231705   10.293260 ^ clkbuf_0_clk/X (sky130_fd_sc_hd__clkbuf_16)
                                                         clknet_0_clk (net)
                      0.066802    0.000197   10.293457 ^ clkbuf_1_0__f_clk/A (sky130_fd_sc_hd__clkbuf_16)
     5    0.014074    0.060042    0.211748   10.505205 ^ clkbuf_1_0__f_clk/X (sky130_fd_sc_hd__clkbuf_16)
                                                         clknet_1_0__leaf_clk (net)
                      0.060042    0.000123   10.505327 ^ _39_/CLK (sky130_fd_sc_hd__dfrtp_2)
                                 -0.250000   10.255327   clock uncertainty
                                  0.000000   10.255327   clock reconvergence pessimism
                                  0.339439   10.594767   library recovery time
                                             10.594767   data required time
---------------------------------------------------------------------------------------------
                                             10.594767   data required time
                                             -2.213412   data arrival time
---------------------------------------------------------------------------------------------
                                              8.381354   slack (MET)


Startpoint: rst_n (input port clocked by clk)
Endpoint: _43_ (recovery check against rising-edge clock clk)
Path Group: asynchronous
Path Type: max

Fanout         Cap        Slew       Delay        Time   Description
---------------------------------------------------------------------------------------------
                                  0.000000    0.000000   clock clk (rise edge)
                                  0.000000    0.000000   clock network delay (propagated)
                                  2.000000    2.000000 ^ input external delay
    10    0.042592    0.307969    0.213301    2.213301 ^ rst_n (in)
                                                         rst_n (net)
                      0.307970    0.000000    2.213301 ^ _43_/RESET_B (sky130_fd_sc_hd__dfrtp_2)
                                              2.213301   data arrival time

                                 10.000000   10.000000   clock clk (rise edge)
                                  0.000000   10.000000   clock source latency
     1    0.011836    0.093701    0.061554   10.061555 ^ clk (in)
                                                         clk (net)
                      0.093702    0.000000   10.061555 ^ clkbuf_0_clk/A (sky130_fd_sc_hd__clkbuf_16)
     2    0.019500    0.066802    0.231705   10.293260 ^ clkbuf_0_clk/X (sky130_fd_sc_hd__clkbuf_16)
                                                         clknet_0_clk (net)
                      0.066802    0.000197   10.293457 ^ clkbuf_1_0__f_clk/A (sky130_fd_sc_hd__clkbuf_16)
     5    0.014074    0.060042    0.211748   10.505205 ^ clkbuf_1_0__f_clk/X (sky130_fd_sc_hd__clkbuf_16)
                                                         clknet_1_0__leaf_clk (net)
                      0.060042    0.000118   10.505323 ^ _43_/CLK (sky130_fd_sc_hd__dfrtp_2)
                                 -0.250000   10.255323   clock uncertainty
                                  0.000000   10.255323   clock reconvergence pessimism
                                  0.339439   10.594762   library recovery time
                                             10.594762   data required time
---------------------------------------------------------------------------------------------
                                             10.594762   data required time
                                             -2.213301   data arrival time
---------------------------------------------------------------------------------------------
                                              8.381461   slack (MET)


Startpoint: rst_n (input port clocked by clk)
Endpoint: _44_ (recovery check against rising-edge clock clk)
Path Group: asynchronous
Path Type: max

Fanout         Cap        Slew       Delay        Time   Description
---------------------------------------------------------------------------------------------
                                  0.000000    0.000000   clock clk (rise edge)
                                  0.000000    0.000000   clock network delay (propagated)
                                  2.000000    2.000000 ^ input external delay
    10    0.042592    0.307969    0.214035    2.214036 ^ rst_n (in)
                                                         rst_n (net)
                      0.307976    0.000000    2.214036 ^ _44_/RESET_B (sky130_fd_sc_hd__dfrtp_2)
                                              2.214036   data arrival time

                                 10.000000   10.000000   clock clk (rise edge)
                                  0.000000   10.000000   clock source latency
     1    0.011836    0.093701    0.061554   10.061555 ^ clk (in)
                                                         clk (net)
                      0.093702    0.000000   10.061555 ^ clkbuf_0_clk/A (sky130_fd_sc_hd__clkbuf_16)
     2    0.019500    0.066802    0.231705   10.293260 ^ clkbuf_0_clk/X (sky130_fd_sc_hd__clkbuf_16)
                                                         clknet_0_clk (net)
                      0.066802    0.000223   10.293483 ^ clkbuf_1_1__f_clk/A (sky130_fd_sc_hd__clkbuf_16)
     6    0.016167    0.062659    0.214672   10.508155 ^ clkbuf_1_1__f_clk/X (sky130_fd_sc_hd__clkbuf_16)
                                                         clknet_1_1__leaf_clk (net)
                      0.062659    0.000346   10.508501 ^ _44_/CLK (sky130_fd_sc_hd__dfrtp_2)
                                 -0.250000   10.258501   clock uncertainty
                                  0.000000   10.258501   clock reconvergence pessimism
                                  0.340330   10.598830   library recovery time
                                             10.598830   data required time
---------------------------------------------------------------------------------------------
                                             10.598830   data required time
                                             -2.214036   data arrival time
---------------------------------------------------------------------------------------------
                                              8.384795   slack (MET)


Startpoint: rst_n (input port clocked by clk)
Endpoint: _45_ (recovery check against rising-edge clock clk)
Path Group: asynchronous
Path Type: max

Fanout         Cap        Slew       Delay        Time   Description
---------------------------------------------------------------------------------------------
                                  0.000000    0.000000   clock clk (rise edge)
                                  0.000000    0.000000   clock network delay (propagated)
                                  2.000000    2.000000 ^ input external delay
    10    0.042592    0.307969    0.214043    2.214043 ^ rst_n (in)
                                                         rst_n (net)
                      0.307976    0.000000    2.214043 ^ _45_/RESET_B (sky130_fd_sc_hd__dfrtp_2)
                                              2.214043   data arrival time

                                 10.000000   10.000000   clock clk (rise edge)
                                  0.000000   10.000000   clock source latency
     1    0.011836    0.093701    0.061554   10.061555 ^ clk (in)
                                                         clk (net)
                      0.093702    0.000000   10.061555 ^ clkbuf_0_clk/A (sky130_fd_sc_hd__clkbuf_16)
     2    0.019500    0.066802    0.231705   10.293260 ^ clkbuf_0_clk/X (sky130_fd_sc_hd__clkbuf_16)
                                                         clknet_0_clk (net)
                      0.066802    0.000223   10.293483 ^ clkbuf_1_1__f_clk/A (sky130_fd_sc_hd__clkbuf_16)
     6    0.016167    0.062659    0.214672   10.508155 ^ clkbuf_1_1__f_clk/X (sky130_fd_sc_hd__clkbuf_16)
                                                         clknet_1_1__leaf_clk (net)
                      0.062659    0.000378   10.508533 ^ _45_/CLK (sky130_fd_sc_hd__dfrtp_2)
                                 -0.250000   10.258533   clock uncertainty
                                  0.000000   10.258533   clock reconvergence pessimism
                                  0.340330   10.598863   library recovery time
                                             10.598863   data required time
---------------------------------------------------------------------------------------------
                                             10.598863   data required time
                                             -2.214043   data arrival time
---------------------------------------------------------------------------------------------
                                              8.384820   slack (MET)


Startpoint: rst_n (input port clocked by clk)
Endpoint: _36_ (recovery check against rising-edge clock clk)
Path Group: asynchronous
Path Type: max

Fanout         Cap        Slew       Delay        Time   Description
---------------------------------------------------------------------------------------------
                                  0.000000    0.000000   clock clk (rise edge)
                                  0.000000    0.000000   clock network delay (propagated)
                                  2.000000    2.000000 ^ input external delay
    10    0.042592    0.307969    0.213935    2.213935 ^ rst_n (in)
                                                         rst_n (net)
                      0.307975    0.000000    2.213935 ^ _36_/RESET_B (sky130_fd_sc_hd__dfrtp_2)
                                              2.213935   data arrival time

                                 10.000000   10.000000   clock clk (rise edge)
                                  0.000000   10.000000   clock source latency
     1    0.011836    0.093701    0.061554   10.061555 ^ clk (in)
                                                         clk (net)
                      0.093702    0.000000   10.061555 ^ clkbuf_0_clk/A (sky130_fd_sc_hd__clkbuf_16)
     2    0.019500    0.066802    0.231705   10.293260 ^ clkbuf_0_clk/X (sky130_fd_sc_hd__clkbuf_16)
                                                         clknet_0_clk (net)
                      0.066802    0.000223   10.293483 ^ clkbuf_1_1__f_clk/A (sky130_fd_sc_hd__clkbuf_16)
     6    0.016167    0.062659    0.214672   10.508155 ^ clkbuf_1_1__f_clk/X (sky130_fd_sc_hd__clkbuf_16)
                                                         clknet_1_1__leaf_clk (net)
                      0.062659    0.000282   10.508437 ^ _36_/CLK (sky130_fd_sc_hd__dfrtp_2)
                                 -0.250000   10.258437   clock uncertainty
                                  0.000000   10.258437   clock reconvergence pessimism
                                  0.340330   10.598767   library recovery time
                                             10.598767   data required time
---------------------------------------------------------------------------------------------
                                             10.598767   data required time
                                             -2.213935   data arrival time
---------------------------------------------------------------------------------------------
                                              8.384832   slack (MET)


Startpoint: rst_n (input port clocked by clk)
Endpoint: _42_ (recovery check against rising-edge clock clk)
Path Group: asynchronous
Path Type: max

Fanout         Cap        Slew       Delay        Time   Description
---------------------------------------------------------------------------------------------
                                  0.000000    0.000000   clock clk (rise edge)
                                  0.000000    0.000000   clock network delay (propagated)
                                  2.000000    2.000000 ^ input external delay
    10    0.042592    0.307969    0.213685    2.213685 ^ rst_n (in)
                                                         rst_n (net)
                      0.307972    0.000000    2.213685 ^ _42_/RESET_B (sky130_fd_sc_hd__dfrtp_2)
                                              2.213685   data arrival time

                                 10.000000   10.000000   clock clk (rise edge)
                                  0.000000   10.000000   clock source latency
     1    0.011836    0.093701    0.061554   10.061555 ^ clk (in)
                                                         clk (net)
                      0.093702    0.000000   10.061555 ^ clkbuf_0_clk/A (sky130_fd_sc_hd__clkbuf_16)
     2    0.019500    0.066802    0.231705   10.293260 ^ clkbuf_0_clk/X (sky130_fd_sc_hd__clkbuf_16)
                                                         clknet_0_clk (net)
                      0.066802    0.000223   10.293483 ^ clkbuf_1_1__f_clk/A (sky130_fd_sc_hd__clkbuf_16)
     6    0.016167    0.062659    0.214672   10.508155 ^ clkbuf_1_1__f_clk/X (sky130_fd_sc_hd__clkbuf_16)
                                                         clknet_1_1__leaf_clk (net)
                      0.062659    0.000187   10.508341 ^ _42_/CLK (sky130_fd_sc_hd__dfrtp_2)
                                 -0.250000   10.258341   clock uncertainty
                                  0.000000   10.258341   clock reconvergence pessimism
                                  0.340331   10.598673   library recovery time
                                             10.598673   data required time
---------------------------------------------------------------------------------------------
                                             10.598673   data required time
                                             -2.213685   data arrival time
---------------------------------------------------------------------------------------------
                                              8.384988   slack (MET)


Startpoint: rst_n (input port clocked by clk)
Endpoint: _40_ (recovery check against rising-edge clock clk)
Path Group: asynchronous
Path Type: max

Fanout         Cap        Slew       Delay        Time   Description
---------------------------------------------------------------------------------------------
                                  0.000000    0.000000   clock clk (rise edge)
                                  0.000000    0.000000   clock network delay (propagated)
                                  2.000000    2.000000 ^ input external delay
    10    0.042592    0.307969    0.213732    2.213732 ^ rst_n (in)
                                                         rst_n (net)
                      0.307973    0.000000    2.213732 ^ _40_/RESET_B (sky130_fd_sc_hd__dfrtp_2)
                                              2.213732   data arrival time

                                 10.000000   10.000000   clock clk (rise edge)
                                  0.000000   10.000000   clock source latency
     1    0.011836    0.093701    0.061554   10.061555 ^ clk (in)
                                                         clk (net)
                      0.093702    0.000000   10.061555 ^ clkbuf_0_clk/A (sky130_fd_sc_hd__clkbuf_16)
     2    0.019500    0.066802    0.231705   10.293260 ^ clkbuf_0_clk/X (sky130_fd_sc_hd__clkbuf_16)
                                                         clknet_0_clk (net)
                      0.066802    0.000223   10.293483 ^ clkbuf_1_1__f_clk/A (sky130_fd_sc_hd__clkbuf_16)
     6    0.016167    0.062659    0.214672   10.508155 ^ clkbuf_1_1__f_clk/X (sky130_fd_sc_hd__clkbuf_16)
                                                         clknet_1_1__leaf_clk (net)
                      0.062659    0.000278   10.508432 ^ _40_/CLK (sky130_fd_sc_hd__dfrtp_2)
                                 -0.250000   10.258432   clock uncertainty
                                  0.000000   10.258432   clock reconvergence pessimism
                                  0.340331   10.598764   library recovery time
                                             10.598764   data required time
---------------------------------------------------------------------------------------------
                                             10.598764   data required time
                                             -2.213732   data arrival time
---------------------------------------------------------------------------------------------
                                              8.385033   slack (MET)


Startpoint: rst_n (input port clocked by clk)
Endpoint: _41_ (recovery check against rising-edge clock clk)
Path Group: asynchronous
Path Type: max

Fanout         Cap        Slew       Delay        Time   Description
---------------------------------------------------------------------------------------------
                                  0.000000    0.000000   clock clk (rise edge)
                                  0.000000    0.000000   clock network delay (propagated)
                                  2.000000    2.000000 ^ input external delay
    10    0.042592    0.307969    0.213455    2.213455 ^ rst_n (in)
                                                         rst_n (net)
                      0.307971    0.000000    2.213455 ^ _41_/RESET_B (sky130_fd_sc_hd__dfrtp_2)
                                              2.213455   data arrival time

                                 10.000000   10.000000   clock clk (rise edge)
                                  0.000000   10.000000   clock source latency
     1    0.011836    0.093701    0.061554   10.061555 ^ clk (in)
                                                         clk (net)
                      0.093702    0.000000   10.061555 ^ clkbuf_0_clk/A (sky130_fd_sc_hd__clkbuf_16)
     2    0.019500    0.066802    0.231705   10.293260 ^ clkbuf_0_clk/X (sky130_fd_sc_hd__clkbuf_16)
                                                         clknet_0_clk (net)
                      0.066802    0.000223   10.293483 ^ clkbuf_1_1__f_clk/A (sky130_fd_sc_hd__clkbuf_16)
     6    0.016167    0.062659    0.214672   10.508155 ^ clkbuf_1_1__f_clk/X (sky130_fd_sc_hd__clkbuf_16)
                                                         clknet_1_1__leaf_clk (net)
                      0.062659    0.000374   10.508529 ^ _41_/CLK (sky130_fd_sc_hd__dfrtp_2)
                                 -0.250000   10.258529   clock uncertainty
                                  0.000000   10.258529   clock reconvergence pessimism
                                  0.340332   10.598861   library recovery time
                                             10.598861   data required time
---------------------------------------------------------------------------------------------
                                             10.598861   data required time
                                             -2.213455   data arrival time
---------------------------------------------------------------------------------------------
                                              8.385406   slack (MET)



%OL_END_REPORT
%OL_CREATE_REPORT checks.rpt

===========================================================================
report_checks -unconstrained
===========================================================================
======================= min_ss_100C_1v60 Corner ===================================

Startpoint: rst_n (input port clocked by clk)
Endpoint: _38_ (recovery check against rising-edge clock clk)
Path Group: asynchronous
Path Type: max

Fanout         Cap        Slew       Delay        Time   Description
---------------------------------------------------------------------------------------------
                                  0.000000    0.000000   clock clk (rise edge)
                                  0.000000    0.000000   clock network delay (propagated)
                                  2.000000    2.000000 ^ input external delay
    10    0.042592    0.307969    0.214102    2.214102 ^ rst_n (in)
                                                         rst_n (net)
                      0.307976    0.000000    2.214102 ^ _38_/RESET_B (sky130_fd_sc_hd__dfrtp_2)
                                              2.214102   data arrival time

                                 10.000000   10.000000   clock clk (rise edge)
                                  0.000000   10.000000   clock source latency
     1    0.011836    0.093701    0.061554   10.061555 ^ clk (in)
                                                         clk (net)
                      0.093702    0.000000   10.061555 ^ clkbuf_0_clk/A (sky130_fd_sc_hd__clkbuf_16)
     2    0.019500    0.066802    0.231705   10.293260 ^ clkbuf_0_clk/X (sky130_fd_sc_hd__clkbuf_16)
                                                         clknet_0_clk (net)
                      0.066802    0.000197   10.293457 ^ clkbuf_1_0__f_clk/A (sky130_fd_sc_hd__clkbuf_16)
     5    0.014074    0.060042    0.211748   10.505205 ^ clkbuf_1_0__f_clk/X (sky130_fd_sc_hd__clkbuf_16)
                                                         clknet_1_0__leaf_clk (net)
                      0.060042    0.000102   10.505307 ^ _38_/CLK (sky130_fd_sc_hd__dfrtp_2)
                                 -0.250000   10.255307   clock uncertainty
                                  0.000000   10.255307   clock reconvergence pessimism
                                  0.339436   10.594743   library recovery time
                                             10.594743   data required time
---------------------------------------------------------------------------------------------
                                             10.594743   data required time
                                             -2.214102   data arrival time
---------------------------------------------------------------------------------------------
                                              8.380640   slack (MET)


Startpoint: reg_addr[1] (input port clocked by clk)
Endpoint: reg_rdata[0] (output port clocked by clk)
Path Group: clk
Path Type: max

Fanout         Cap        Slew       Delay        Time   Description
---------------------------------------------------------------------------------------------
                                  0.000000    0.000000   clock clk (rise edge)
                                  0.000000    0.000000   clock network delay (propagated)
                                  2.000000    2.000000 ^ input external delay
     3    0.009508    0.077756    0.049896    2.049896 ^ reg_addr[1] (in)
                                                         reg_addr[1] (net)
                      0.077756    0.000000    2.049896 ^ _15_/A_N (sky130_fd_sc_hd__and2b_2)
     2    0.005876    0.084467    0.462165    2.512061 v _15_/X (sky130_fd_sc_hd__and2b_2)
                                                         _11_ (net)
                      0.084467    0.000068    2.512129 v _16_/B1 (sky130_fd_sc_hd__a22o_2)
     1    0.037410    0.209306    0.548856    3.060985 v _16_/X (sky130_fd_sc_hd__a22o_2)
                                                         reg_rdata[0] (net)
                      0.209307    0.000788    3.061773 v reg_rdata[0] (out)
                                              3.061773   data arrival time

                                 10.000000   10.000000   clock clk (rise edge)
                                  0.000000   10.000000   clock network delay (propagated)
                                 -0.250000    9.750000   clock uncertainty
                                  0.000000    9.750000   clock reconvergence pessimism
                                 -2.000000    7.750000   output external delay
                                              7.750000   data required time
---------------------------------------------------------------------------------------------
                                              7.750000   data required time
                                             -3.061773   data arrival time
---------------------------------------------------------------------------------------------
                                              4.688227   slack (MET)




===========================================================================
report_checks --slack_max -0.01
============================================================================
======================= min_ss_100C_1v60 Corner ===================================

No paths found.


===========================================================================
 report_check_types -max_slew -max_cap -max_fanout -violators
============================================================================
======================= min_ss_100C_1v60 Corner ===================================



===========================================================================
report_parasitic_annotation -report_unannotated
============================================================================
Found 1 unannotated drivers.
 clkload0/X
Found 0 partially unannotated drivers.

===========================================================================
max slew violation count 0
%OL_METRIC_I design__max_slew_violation__count__corner:min_ss_100C_1v60 0
max fanout violation count 0
%OL_METRIC_I design__max_fanout_violation__count__corner:min_ss_100C_1v60 0
max cap violation count 0
%OL_METRIC_I design__max_cap_violation__count__corner:min_ss_100C_1v60 0
============================================================================

===========================================================================
check_setup -verbose -unconstrained_endpoints -multiple_clock -no_clock -no_input_delay -loops -generated_clocks
===========================================================================
%OL_END_REPORT
%OL_CREATE_REPORT power.rpt

===========================================================================
 report_power
============================================================================
======================= min_ss_100C_1v60 Corner ===================================

Group                    Internal    Switching      Leakage        Total
                            Power        Power        Power        Power (Watts)
------------------------------------------------------------------------
Sequential           3.745936e-05 1.240200e-05 1.948112e-07 5.005617e-05  40.5%
Combinational        5.140121e-06 6.986413e-06 1.372043e-07 1.226374e-05   9.9%
Clock                4.850638e-05 1.273388e-05 6.793681e-08 6.130819e-05  49.6%
Macro                0.000000e+00 0.000000e+00 0.000000e+00 0.000000e+00   0.0%
Pad                  0.000000e+00 0.000000e+00 0.000000e+00 0.000000e+00   0.0%
------------------------------------------------------------------------
Total                9.110587e-05 3.212229e-05 3.999523e-07 1.236281e-04 100.0%
                            73.7%        26.0%         0.3%
%OL_METRIC_F power__internal__total 9.11058668862097e-5
%OL_METRIC_F power__switching__total 3.2122290576808155e-5
%OL_METRIC_F power__leakage__total 3.999522846243053e-7
%OL_METRIC_F power__total 0.0001236281095771119

%OL_END_REPORT
%OL_CREATE_REPORT skew.min.rpt

===========================================================================
Clock Skew (Hold)
============================================================================
%OL_METRIC_F clock__skew__worst_hold__corner:min_ss_100C_1v60 -0.0032103209888001806
======================= min_ss_100C_1v60 Corner ===================================

Clock clk
Latency      CRPR       Skew
_43_/CLK ^
0.505323
_45_/CLK ^
0.508533   0.000000    -0.003210

%OL_END_REPORT
%OL_CREATE_REPORT skew.max.rpt

===========================================================================
Clock Skew (Setup)
============================================================================
%OL_METRIC_F clock__skew__worst_setup__corner:min_ss_100C_1v60 -0.0032103209888001806
======================= min_ss_100C_1v60 Corner ===================================

Clock clk
Latency      CRPR       Skew
_43_/CLK ^
0.505323
_45_/CLK ^
0.508533   0.000000    -0.003210

%OL_END_REPORT
%OL_CREATE_REPORT ws.min.rpt

===========================================================================
Worst Slack (Hold)
============================================================================
%OL_METRIC_F timing__hold__ws__corner:min_ss_100C_1v60 0.7267713303547529
min_ss_100C_1v60: 0.7267713303547529
%OL_END_REPORT
%OL_CREATE_REPORT ws.max.rpt

===========================================================================
Worst Slack (Setup)
============================================================================
%OL_METRIC_F timing__setup__ws__corner:min_ss_100C_1v60 4.688226828340309
min_ss_100C_1v60: 4.688226828340309
%OL_END_REPORT
%OL_CREATE_REPORT tns.min.rpt

===========================================================================
Total Negative Slack (Hold)
============================================================================
%OL_METRIC_F timing__hold__tns__corner:min_ss_100C_1v60 0.0
min_ss_100C_1v60: 0.0
%OL_END_REPORT
%OL_CREATE_REPORT tns.max.rpt

===========================================================================
Total Negative Slack (Setup)
============================================================================
%OL_METRIC_F timing__setup__tns__corner:min_ss_100C_1v60 0.0
min_ss_100C_1v60: 0.0
%OL_END_REPORT
%OL_CREATE_REPORT wns.min.rpt

===========================================================================
Worst Negative Slack (Hold)
============================================================================
%OL_METRIC_F timing__hold__wns__corner:min_ss_100C_1v60 0
min_ss_100C_1v60: 0
%OL_END_REPORT
%OL_CREATE_REPORT wns.max.rpt

===========================================================================
Worst Negative Slack (Setup)
============================================================================
%OL_METRIC_F timing__setup__wns__corner:min_ss_100C_1v60 0.0
min_ss_100C_1v60: 0.0
%OL_END_REPORT
%OL_CREATE_REPORT violator_list.rpt

===========================================================================
Violator List
============================================================================
%OL_METRIC_I timing__hold_vio__count__corner:min_ss_100C_1v60 0
%OL_METRIC_F timing__hold_r2r__ws__corner:min_ss_100C_1v60 0.747866
%OL_METRIC_I timing__hold_r2r_vio__count__corner:min_ss_100C_1v60 0
%OL_METRIC_I timing__setup_vio__count__corner:min_ss_100C_1v60 0
%OL_METRIC_F timing__setup_r2r__ws__corner:min_ss_100C_1v60 8.255689
%OL_METRIC_I timing__setup_r2r_vio__count__corner:min_ss_100C_1v60 0
%OL_END_REPORT
%OL_CREATE_REPORT unpropagated.rpt
%OL_END_REPORT
Writing SDF files for all corners…
Removing Clock latencies before writing libs…
Writing timing models for all corners…
Writing timing models for the min_ss_100C_1v60 corner to /content/openlane_run/32-openroad-stapostpnr/min_ss_100C_1v60/io_pad_wrapper__min_ss_100C_1v60.lib…
