Reading timing models for corner max_tt_025C_1v80…
Reading cell library for the 'max_tt_025C_1v80' corner at '/root/.volare/sky130A/libs.ref/sky130_fd_sc_hd/lib/sky130_fd_sc_hd__tt_025C_1v80.lib'…
Reading top-level netlist at '/content/openlane_run/30-openroad-fillinsertion/io_pad_wrapper.nl.v'…
Linking design 'io_pad_wrapper' from netlist…
Warning: /content/openlane_run/30-openroad-fillinsertion/io_pad_wrapper.nl.v line 197, module sky130_fd_sc_hd__tapvpwrvgnd_1 not found. Creating black box for TAP_TAPCELL_ROW_0_22.
Warning: /content/openlane_run/30-openroad-fillinsertion/io_pad_wrapper.nl.v line 220, module sky130_fd_sc_hd__fill_1 not found. Creating black box for FILLER_0_0_46.
Warning: /content/openlane_run/30-openroad-fillinsertion/io_pad_wrapper.nl.v line 230, module sky130_fd_sc_hd__fill_2 not found. Creating black box for FILLER_0_3_3.
Warning: /content/openlane_run/30-openroad-fillinsertion/io_pad_wrapper.nl.v line 244, module sky130_ef_sc_hd__decap_12 not found. Creating black box for FILLER_0_8_15.
Reading design constraints file at '/content/openlane_ipynb/openlane/scripts/base.sdc'…
[INFO] Using clock clk…
[INFO] Setting output delay to: 2
[INFO] Setting input delay to: 2
[INFO] Setting load to: 0.033442
[INFO] Setting clock uncertainty to: 0.25
[INFO] Setting clock transition to: 0.1499999999999999944488848768742172978818416595458984375
[INFO] Setting timing derate to: 5%
Reading top-level design parasitics for the 'max_tt_025C_1v80' corner at '/content/openlane_run/31-openroad-rcx/max/io_pad_wrapper.max.spef'…
%OL_CREATE_REPORT min.rpt

===========================================================================
report_checks -path_delay min (Hold)
============================================================================
======================= max_tt_025C_1v80 Corner ===================================

Startpoint: _45_ (rising edge-triggered flip-flop clocked by clk)
Endpoint: _44_ (rising edge-triggered flip-flop clocked by clk)
Path Group: clk
Path Type: min

Fanout         Cap        Slew       Delay        Time   Description
---------------------------------------------------------------------------------------------
                                  0.000000    0.000000   clock clk (rise edge)
                                  0.000000    0.000000   clock source latency
     1    0.012465    0.062293    0.042267    0.042267 ^ clk (in)
                                                         clk (net)
                      0.062305    0.000000    0.042267 ^ clkbuf_0_clk/A (sky130_fd_sc_hd__clkbuf_16)
     2    0.020459    0.042225    0.131772    0.174039 ^ clkbuf_0_clk/X (sky130_fd_sc_hd__clkbuf_16)
                                                         clknet_0_clk (net)
                      0.042282    0.001274    0.175313 ^ clkbuf_1_1__f_clk/A (sky130_fd_sc_hd__clkbuf_16)
     6    0.018024    0.040225    0.122007    0.297319 ^ clkbuf_1_1__f_clk/X (sky130_fd_sc_hd__clkbuf_16)
                                                         clknet_1_1__leaf_clk (net)
                      0.040260    0.001936    0.299255 ^ _45_/CLK (sky130_fd_sc_hd__dfrtp_2)
     1    0.002523    0.036819    0.326990    0.626245 ^ _45_/Q (sky130_fd_sc_hd__dfrtp_2)
                                                         sync_ff1 (net)
                      0.036819    0.000153    0.626398 ^ _24_/B (sky130_fd_sc_hd__and2_2)
     1    0.003166    0.038349    0.126940    0.753338 ^ _24_/X (sky130_fd_sc_hd__and2_2)
                                                         _00_ (net)
                      0.038349    0.000199    0.753537 ^ _44_/D (sky130_fd_sc_hd__dfrtp_2)
                                              0.753537   data arrival time

                                  0.000000    0.000000   clock clk (rise edge)
                                  0.000000    0.000000   clock source latency
     1    0.012465    0.062293    0.042267    0.042267 ^ clk (in)
                                                         clk (net)
                      0.062305    0.000000    0.042267 ^ clkbuf_0_clk/A (sky130_fd_sc_hd__clkbuf_16)
     2    0.020459    0.042225    0.131772    0.174039 ^ clkbuf_0_clk/X (sky130_fd_sc_hd__clkbuf_16)
                                                         clknet_0_clk (net)
                      0.042282    0.001274    0.175313 ^ clkbuf_1_1__f_clk/A (sky130_fd_sc_hd__clkbuf_16)
     6    0.018024    0.040225    0.122007    0.297319 ^ clkbuf_1_1__f_clk/X (sky130_fd_sc_hd__clkbuf_16)
                                                         clknet_1_1__leaf_clk (net)
                      0.040257    0.001851    0.299171 ^ _44_/CLK (sky130_fd_sc_hd__dfrtp_2)
                                  0.250000    0.549171   clock uncertainty
                                  0.000000    0.549171   clock reconvergence pessimism
                                 -0.033947    0.515224   library hold time
                                              0.515224   data required time
---------------------------------------------------------------------------------------------
                                              0.515224   data required time
                                             -0.753537   data arrival time
---------------------------------------------------------------------------------------------
                                              0.238313   slack (MET)


Startpoint: _41_ (rising edge-triggered flip-flop clocked by clk)
Endpoint: _41_ (rising edge-triggered flip-flop clocked by clk)
Path Group: clk
Path Type: min

Fanout         Cap        Slew       Delay        Time   Description
---------------------------------------------------------------------------------------------
                                  0.000000    0.000000   clock clk (rise edge)
                                  0.000000    0.000000   clock source latency
     1    0.012465    0.062293    0.042267    0.042267 ^ clk (in)
                                                         clk (net)
                      0.062305    0.000000    0.042267 ^ clkbuf_0_clk/A (sky130_fd_sc_hd__clkbuf_16)
     2    0.020459    0.042225    0.131772    0.174039 ^ clkbuf_0_clk/X (sky130_fd_sc_hd__clkbuf_16)
                                                         clknet_0_clk (net)
                      0.042282    0.001274    0.175313 ^ clkbuf_1_1__f_clk/A (sky130_fd_sc_hd__clkbuf_16)
     6    0.018024    0.040225    0.122007    0.297319 ^ clkbuf_1_1__f_clk/X (sky130_fd_sc_hd__clkbuf_16)
                                                         clknet_1_1__leaf_clk (net)
                      0.040260    0.001927    0.299247 ^ _41_/CLK (sky130_fd_sc_hd__dfrtp_2)
     4    0.013017    0.080620    0.374450    0.673697 ^ _41_/Q (sky130_fd_sc_hd__dfrtp_2)
                                                         ie (net)
                      0.080624    0.000664    0.674362 ^ _33_/A1 (sky130_fd_sc_hd__mux2_1)
     1    0.003446    0.046243    0.134388    0.808749 ^ _33_/X (sky130_fd_sc_hd__mux2_1)
                                                         _07_ (net)
                      0.046243    0.000223    0.808972 ^ _41_/D (sky130_fd_sc_hd__dfrtp_2)
                                              0.808972   data arrival time

                                  0.000000    0.000000   clock clk (rise edge)
                                  0.000000    0.000000   clock source latency
     1    0.012465    0.062293    0.042267    0.042267 ^ clk (in)
                                                         clk (net)
                      0.062305    0.000000    0.042267 ^ clkbuf_0_clk/A (sky130_fd_sc_hd__clkbuf_16)
     2    0.020459    0.042225    0.131772    0.174039 ^ clkbuf_0_clk/X (sky130_fd_sc_hd__clkbuf_16)
                                                         clknet_0_clk (net)
                      0.042282    0.001274    0.175313 ^ clkbuf_1_1__f_clk/A (sky130_fd_sc_hd__clkbuf_16)
     6    0.018024    0.040225    0.122007    0.297319 ^ clkbuf_1_1__f_clk/X (sky130_fd_sc_hd__clkbuf_16)
                                                         clknet_1_1__leaf_clk (net)
                      0.040260    0.001927    0.299247 ^ _41_/CLK (sky130_fd_sc_hd__dfrtp_2)
                                  0.250000    0.549247   clock uncertainty
                                  0.000000    0.549247   clock reconvergence pessimism
                                 -0.035583    0.513664   library hold time
                                              0.513664   data required time
---------------------------------------------------------------------------------------------
                                              0.513664   data required time
                                             -0.808972   data arrival time
---------------------------------------------------------------------------------------------
                                              0.295307   slack (MET)


Startpoint: _41_ (rising edge-triggered flip-flop clocked by clk)
Endpoint: _45_ (rising edge-triggered flip-flop clocked by clk)
Path Group: clk
Path Type: min

Fanout         Cap        Slew       Delay        Time   Description
---------------------------------------------------------------------------------------------
                                  0.000000    0.000000   clock clk (rise edge)
                                  0.000000    0.000000   clock source latency
     1    0.012465    0.062293    0.042267    0.042267 ^ clk (in)
                                                         clk (net)
                      0.062305    0.000000    0.042267 ^ clkbuf_0_clk/A (sky130_fd_sc_hd__clkbuf_16)
     2    0.020459    0.042225    0.131772    0.174039 ^ clkbuf_0_clk/X (sky130_fd_sc_hd__clkbuf_16)
                                                         clknet_0_clk (net)
                      0.042282    0.001274    0.175313 ^ clkbuf_1_1__f_clk/A (sky130_fd_sc_hd__clkbuf_16)
     6    0.018024    0.040225    0.122007    0.297319 ^ clkbuf_1_1__f_clk/X (sky130_fd_sc_hd__clkbuf_16)
                                                         clknet_1_1__leaf_clk (net)
                      0.040260    0.001927    0.299247 ^ _41_/CLK (sky130_fd_sc_hd__dfrtp_2)
     4    0.013017    0.080620    0.374450    0.673697 ^ _41_/Q (sky130_fd_sc_hd__dfrtp_2)
                                                         ie (net)
                      0.080625    0.000712    0.674409 ^ _26_/A (sky130_fd_sc_hd__and2_2)
     1    0.002944    0.037412    0.136413    0.810823 ^ _26_/X (sky130_fd_sc_hd__and2_2)
                                                         _01_ (net)
                      0.037412    0.000192    0.811015 ^ _45_/D (sky130_fd_sc_hd__dfrtp_2)
                                              0.811015   data arrival time

                                  0.000000    0.000000   clock clk (rise edge)
                                  0.000000    0.000000   clock source latency
     1    0.012465    0.062293    0.042267    0.042267 ^ clk (in)
                                                         clk (net)
                      0.062305    0.000000    0.042267 ^ clkbuf_0_clk/A (sky130_fd_sc_hd__clkbuf_16)
     2    0.020459    0.042225    0.131772    0.174039 ^ clkbuf_0_clk/X (sky130_fd_sc_hd__clkbuf_16)
                                                         clknet_0_clk (net)
                      0.042282    0.001274    0.175313 ^ clkbuf_1_1__f_clk/A (sky130_fd_sc_hd__clkbuf_16)
     6    0.018024    0.040225    0.122007    0.297319 ^ clkbuf_1_1__f_clk/X (sky130_fd_sc_hd__clkbuf_16)
                                                         clknet_1_1__leaf_clk (net)
                      0.040260    0.001936    0.299255 ^ _45_/CLK (sky130_fd_sc_hd__dfrtp_2)
                                  0.250000    0.549255   clock uncertainty
                                  0.000000    0.549255   clock reconvergence pessimism
                                 -0.033752    0.515503   library hold time
                                              0.515503   data required time
---------------------------------------------------------------------------------------------
                                              0.515503   data required time
                                             -0.811015   data arrival time
---------------------------------------------------------------------------------------------
                                              0.295512   slack (MET)


Startpoint: _43_ (rising edge-triggered flip-flop clocked by clk)
Endpoint: _43_ (rising edge-triggered flip-flop clocked by clk)
Path Group: clk
Path Type: min

Fanout         Cap        Slew       Delay        Time   Description
---------------------------------------------------------------------------------------------
                                  0.000000    0.000000   clock clk (rise edge)
                                  0.000000    0.000000   clock source latency
     1    0.012465    0.062293    0.042267    0.042267 ^ clk (in)
                                                         clk (net)
                      0.062305    0.000000    0.042267 ^ clkbuf_0_clk/A (sky130_fd_sc_hd__clkbuf_16)
     2    0.020459    0.042225    0.131772    0.174039 ^ clkbuf_0_clk/X (sky130_fd_sc_hd__clkbuf_16)
                                                         clknet_0_clk (net)
                      0.042278    0.001225    0.175264 ^ clkbuf_1_0__f_clk/A (sky130_fd_sc_hd__clkbuf_16)
     5    0.015095    0.037682    0.119592    0.294856 ^ clkbuf_1_0__f_clk/X (sky130_fd_sc_hd__clkbuf_16)
                                                         clknet_1_0__leaf_clk (net)
                      0.037689    0.000696    0.295552 ^ _43_/CLK (sky130_fd_sc_hd__dfrtp_2)
     3    0.016647    0.096119    0.385578    0.681131 ^ _43_/Q (sky130_fd_sc_hd__dfrtp_2)
                                                         loopback_en (net)
                      0.096132    0.001156    0.682287 ^ _35_/A1 (sky130_fd_sc_hd__mux2_1)
     1    0.004030    0.050723    0.143621    0.825908 ^ _35_/X (sky130_fd_sc_hd__mux2_1)
                                                         _09_ (net)
                      0.050723    0.000247    0.826155 ^ _43_/D (sky130_fd_sc_hd__dfrtp_2)
                                              0.826155   data arrival time

                                  0.000000    0.000000   clock clk (rise edge)
                                  0.000000    0.000000   clock source latency
     1    0.012465    0.062293    0.042267    0.042267 ^ clk (in)
                                                         clk (net)
                      0.062305    0.000000    0.042267 ^ clkbuf_0_clk/A (sky130_fd_sc_hd__clkbuf_16)
     2    0.020459    0.042225    0.131772    0.174039 ^ clkbuf_0_clk/X (sky130_fd_sc_hd__clkbuf_16)
                                                         clknet_0_clk (net)
                      0.042278    0.001225    0.175264 ^ clkbuf_1_0__f_clk/A (sky130_fd_sc_hd__clkbuf_16)
     5    0.015095    0.037682    0.119592    0.294856 ^ clkbuf_1_0__f_clk/X (sky130_fd_sc_hd__clkbuf_16)
                                                         clknet_1_0__leaf_clk (net)
                      0.037689    0.000696    0.295552 ^ _43_/CLK (sky130_fd_sc_hd__dfrtp_2)
                                  0.250000    0.545552   clock uncertainty
                                  0.000000    0.545552   clock reconvergence pessimism
                                 -0.036863    0.508690   library hold time
                                              0.508690   data required time
---------------------------------------------------------------------------------------------
                                              0.508690   data required time
                                             -0.826155   data arrival time
---------------------------------------------------------------------------------------------
                                              0.317465   slack (MET)


Startpoint: _37_ (rising edge-triggered flip-flop clocked by clk)
Endpoint: _37_ (rising edge-triggered flip-flop clocked by clk)
Path Group: clk
Path Type: min

Fanout         Cap        Slew       Delay        Time   Description
---------------------------------------------------------------------------------------------
                                  0.000000    0.000000   clock clk (rise edge)
                                  0.000000    0.000000   clock source latency
     1    0.012465    0.062293    0.042267    0.042267 ^ clk (in)
                                                         clk (net)
                      0.062305    0.000000    0.042267 ^ clkbuf_0_clk/A (sky130_fd_sc_hd__clkbuf_16)
     2    0.020459    0.042225    0.131772    0.174039 ^ clkbuf_0_clk/X (sky130_fd_sc_hd__clkbuf_16)
                                                         clknet_0_clk (net)
                      0.042278    0.001225    0.175264 ^ clkbuf_1_0__f_clk/A (sky130_fd_sc_hd__clkbuf_16)
     5    0.015095    0.037682    0.119592    0.294856 ^ clkbuf_1_0__f_clk/X (sky130_fd_sc_hd__clkbuf_16)
                                                         clknet_1_0__leaf_clk (net)
                      0.037689    0.000713    0.295570 ^ _37_/CLK (sky130_fd_sc_hd__dfrtp_2)
     3    0.041821    0.205351    0.470144    0.765714 ^ _37_/Q (sky130_fd_sc_hd__dfrtp_2)
                                                         pad_pu_en (net)
                      0.205367    0.001980    0.767694 ^ _29_/A1 (sky130_fd_sc_hd__mux2_1)
     1    0.002461    0.038766    0.161174    0.928868 ^ _29_/X (sky130_fd_sc_hd__mux2_1)
                                                         _03_ (net)
                      0.038766    0.000172    0.929040 ^ _37_/D (sky130_fd_sc_hd__dfrtp_2)
                                              0.929040   data arrival time

                                  0.000000    0.000000   clock clk (rise edge)
                                  0.000000    0.000000   clock source latency
     1    0.012465    0.062293    0.042267    0.042267 ^ clk (in)
                                                         clk (net)
                      0.062305    0.000000    0.042267 ^ clkbuf_0_clk/A (sky130_fd_sc_hd__clkbuf_16)
     2    0.020459    0.042225    0.131772    0.174039 ^ clkbuf_0_clk/X (sky130_fd_sc_hd__clkbuf_16)
                                                         clknet_0_clk (net)
                      0.042278    0.001225    0.175264 ^ clkbuf_1_0__f_clk/A (sky130_fd_sc_hd__clkbuf_16)
     5    0.015095    0.037682    0.119592    0.294856 ^ clkbuf_1_0__f_clk/X (sky130_fd_sc_hd__clkbuf_16)
                                                         clknet_1_0__leaf_clk (net)
                      0.037689    0.000713    0.295570 ^ _37_/CLK (sky130_fd_sc_hd__dfrtp_2)
                                  0.250000    0.545570   clock uncertainty
                                  0.000000    0.545570   clock reconvergence pessimism
                                 -0.034384    0.511186   library hold time
                                              0.511186   data required time
---------------------------------------------------------------------------------------------
                                              0.511186   data required time
                                             -0.929040   data arrival time
---------------------------------------------------------------------------------------------
                                              0.417854   slack (MET)


Startpoint: _40_ (rising edge-triggered flip-flop clocked by clk)
Endpoint: _40_ (rising edge-triggered flip-flop clocked by clk)
Path Group: clk
Path Type: min

Fanout         Cap        Slew       Delay        Time   Description
---------------------------------------------------------------------------------------------
                                  0.000000    0.000000   clock clk (rise edge)
                                  0.000000    0.000000   clock source latency
     1    0.012465    0.062293    0.042267    0.042267 ^ clk (in)
                                                         clk (net)
                      0.062305    0.000000    0.042267 ^ clkbuf_0_clk/A (sky130_fd_sc_hd__clkbuf_16)
     2    0.020459    0.042225    0.131772    0.174039 ^ clkbuf_0_clk/X (sky130_fd_sc_hd__clkbuf_16)
                                                         clknet_0_clk (net)
                      0.042282    0.001274    0.175313 ^ clkbuf_1_1__f_clk/A (sky130_fd_sc_hd__clkbuf_16)
     6    0.018024    0.040225    0.122007    0.297319 ^ clkbuf_1_1__f_clk/X (sky130_fd_sc_hd__clkbuf_16)
                                                         clknet_1_1__leaf_clk (net)
                      0.040250    0.001601    0.298921 ^ _40_/CLK (sky130_fd_sc_hd__dfrtp_2)
     3    0.043347    0.211555    0.474795    0.773716 ^ _40_/Q (sky130_fd_sc_hd__dfrtp_2)
                                                         pad_slew[1] (net)
                      0.211583    0.002523    0.776240 ^ _32_/A1 (sky130_fd_sc_hd__mux2_1)
     1    0.002836    0.041592    0.165802    0.942041 ^ _32_/X (sky130_fd_sc_hd__mux2_1)
                                                         _06_ (net)
                      0.041592    0.000208    0.942249 ^ _40_/D (sky130_fd_sc_hd__dfrtp_2)
                                              0.942249   data arrival time

                                  0.000000    0.000000   clock clk (rise edge)
                                  0.000000    0.000000   clock source latency
     1    0.012465    0.062293    0.042267    0.042267 ^ clk (in)
                                                         clk (net)
                      0.062305    0.000000    0.042267 ^ clkbuf_0_clk/A (sky130_fd_sc_hd__clkbuf_16)
     2    0.020459    0.042225    0.131772    0.174039 ^ clkbuf_0_clk/X (sky130_fd_sc_hd__clkbuf_16)
                                                         clknet_0_clk (net)
                      0.042282    0.001274    0.175313 ^ clkbuf_1_1__f_clk/A (sky130_fd_sc_hd__clkbuf_16)
     6    0.018024    0.040225    0.122007    0.297319 ^ clkbuf_1_1__f_clk/X (sky130_fd_sc_hd__clkbuf_16)
                                                         clknet_1_1__leaf_clk (net)
                      0.040250    0.001601    0.298921 ^ _40_/CLK (sky130_fd_sc_hd__dfrtp_2)
                                  0.250000    0.548921   clock uncertainty
                                  0.000000    0.548921   clock reconvergence pessimism
                                 -0.034620    0.514301   library hold time
                                              0.514301   data required time
---------------------------------------------------------------------------------------------
                                              0.514301   data required time
                                             -0.942249   data arrival time
---------------------------------------------------------------------------------------------
                                              0.427948   slack (MET)


Startpoint: _38_ (rising edge-triggered flip-flop clocked by clk)
Endpoint: _38_ (rising edge-triggered flip-flop clocked by clk)
Path Group: clk
Path Type: min

Fanout         Cap        Slew       Delay        Time   Description
---------------------------------------------------------------------------------------------
                                  0.000000    0.000000   clock clk (rise edge)
                                  0.000000    0.000000   clock source latency
     1    0.012465    0.062293    0.042267    0.042267 ^ clk (in)
                                                         clk (net)
                      0.062305    0.000000    0.042267 ^ clkbuf_0_clk/A (sky130_fd_sc_hd__clkbuf_16)
     2    0.020459    0.042225    0.131772    0.174039 ^ clkbuf_0_clk/X (sky130_fd_sc_hd__clkbuf_16)
                                                         clknet_0_clk (net)
                      0.042278    0.001225    0.175264 ^ clkbuf_1_0__f_clk/A (sky130_fd_sc_hd__clkbuf_16)
     5    0.015095    0.037682    0.119592    0.294856 ^ clkbuf_1_0__f_clk/X (sky130_fd_sc_hd__clkbuf_16)
                                                         clknet_1_0__leaf_clk (net)
                      0.037682    0.000648    0.295504 ^ _38_/CLK (sky130_fd_sc_hd__dfrtp_2)
     3    0.043241    0.211844    0.474463    0.769968 ^ _38_/Q (sky130_fd_sc_hd__dfrtp_2)
                                                         pad_pd_en (net)
                      0.211860    0.002022    0.771990 ^ _30_/A1 (sky130_fd_sc_hd__mux2_1)
     1    0.002993    0.042785    0.167189    0.939179 ^ _30_/X (sky130_fd_sc_hd__mux2_1)
                                                         _04_ (net)
                      0.042785    0.000192    0.939371 ^ _38_/D (sky130_fd_sc_hd__dfrtp_2)
                                              0.939371   data arrival time

                                  0.000000    0.000000   clock clk (rise edge)
                                  0.000000    0.000000   clock source latency
     1    0.012465    0.062293    0.042267    0.042267 ^ clk (in)
                                                         clk (net)
                      0.062305    0.000000    0.042267 ^ clkbuf_0_clk/A (sky130_fd_sc_hd__clkbuf_16)
     2    0.020459    0.042225    0.131772    0.174039 ^ clkbuf_0_clk/X (sky130_fd_sc_hd__clkbuf_16)
                                                         clknet_0_clk (net)
                      0.042278    0.001225    0.175264 ^ clkbuf_1_0__f_clk/A (sky130_fd_sc_hd__clkbuf_16)
     5    0.015095    0.037682    0.119592    0.294856 ^ clkbuf_1_0__f_clk/X (sky130_fd_sc_hd__clkbuf_16)
                                                         clknet_1_0__leaf_clk (net)
                      0.037682    0.000648    0.295504 ^ _38_/CLK (sky130_fd_sc_hd__dfrtp_2)
                                  0.250000    0.545504   clock uncertainty
                                  0.000000    0.545504   clock reconvergence pessimism
                                 -0.035218    0.510286   library hold time
                                              0.510286   data required time
---------------------------------------------------------------------------------------------
                                              0.510286   data required time
                                             -0.939371   data arrival time
---------------------------------------------------------------------------------------------
                                              0.429085   slack (MET)


Startpoint: _36_ (rising edge-triggered flip-flop clocked by clk)
Endpoint: _36_ (rising edge-triggered flip-flop clocked by clk)
Path Group: clk
Path Type: min

Fanout         Cap        Slew       Delay        Time   Description
---------------------------------------------------------------------------------------------
                                  0.000000    0.000000   clock clk (rise edge)
                                  0.000000    0.000000   clock source latency
     1    0.012465    0.062293    0.042267    0.042267 ^ clk (in)
                                                         clk (net)
                      0.062305    0.000000    0.042267 ^ clkbuf_0_clk/A (sky130_fd_sc_hd__clkbuf_16)
     2    0.020459    0.042225    0.131772    0.174039 ^ clkbuf_0_clk/X (sky130_fd_sc_hd__clkbuf_16)
                                                         clknet_0_clk (net)
                      0.042282    0.001274    0.175313 ^ clkbuf_1_1__f_clk/A (sky130_fd_sc_hd__clkbuf_16)
     6    0.018024    0.040225    0.122007    0.297319 ^ clkbuf_1_1__f_clk/X (sky130_fd_sc_hd__clkbuf_16)
                                                         clknet_1_1__leaf_clk (net)
                      0.040250    0.001609    0.298929 ^ _36_/CLK (sky130_fd_sc_hd__dfrtp_2)
     3    0.042106    0.206610    0.472163    0.771091 ^ _36_/Q (sky130_fd_sc_hd__dfrtp_2)
                                                         pad_oe (net)
                      0.206623    0.001821    0.772912 ^ _28_/A1 (sky130_fd_sc_hd__mux2_1)
     1    0.003668    0.047934    0.171233    0.944145 ^ _28_/X (sky130_fd_sc_hd__mux2_1)
                                                         _02_ (net)
                      0.047934    0.000252    0.944397 ^ _36_/D (sky130_fd_sc_hd__dfrtp_2)
                                              0.944397   data arrival time

                                  0.000000    0.000000   clock clk (rise edge)
                                  0.000000    0.000000   clock source latency
     1    0.012465    0.062293    0.042267    0.042267 ^ clk (in)
                                                         clk (net)
                      0.062305    0.000000    0.042267 ^ clkbuf_0_clk/A (sky130_fd_sc_hd__clkbuf_16)
     2    0.020459    0.042225    0.131772    0.174039 ^ clkbuf_0_clk/X (sky130_fd_sc_hd__clkbuf_16)
                                                         clknet_0_clk (net)
                      0.042282    0.001274    0.175313 ^ clkbuf_1_1__f_clk/A (sky130_fd_sc_hd__clkbuf_16)
     6    0.018024    0.040225    0.122007    0.297319 ^ clkbuf_1_1__f_clk/X (sky130_fd_sc_hd__clkbuf_16)
                                                         clknet_1_1__leaf_clk (net)
                      0.040250    0.001609    0.298929 ^ _36_/CLK (sky130_fd_sc_hd__dfrtp_2)
                                  0.250000    0.548929   clock uncertainty
                                  0.000000    0.548929   clock reconvergence pessimism
                                 -0.035934    0.512994   library hold time
                                              0.512994   data required time
---------------------------------------------------------------------------------------------
                                              0.512994   data required time
                                             -0.944397   data arrival time
---------------------------------------------------------------------------------------------
                                              0.431403   slack (MET)


Startpoint: _42_ (rising edge-triggered flip-flop clocked by clk)
Endpoint: _42_ (rising edge-triggered flip-flop clocked by clk)
Path Group: clk
Path Type: min

Fanout         Cap        Slew       Delay        Time   Description
---------------------------------------------------------------------------------------------
                                  0.000000    0.000000   clock clk (rise edge)
                                  0.000000    0.000000   clock source latency
     1    0.012465    0.062293    0.042267    0.042267 ^ clk (in)
                                                         clk (net)
                      0.062305    0.000000    0.042267 ^ clkbuf_0_clk/A (sky130_fd_sc_hd__clkbuf_16)
     2    0.020459    0.042225    0.131772    0.174039 ^ clkbuf_0_clk/X (sky130_fd_sc_hd__clkbuf_16)
                                                         clknet_0_clk (net)
                      0.042282    0.001274    0.175313 ^ clkbuf_1_1__f_clk/A (sky130_fd_sc_hd__clkbuf_16)
     6    0.018024    0.040225    0.122007    0.297319 ^ clkbuf_1_1__f_clk/X (sky130_fd_sc_hd__clkbuf_16)
                                                         clknet_1_1__leaf_clk (net)
                      0.040239    0.001110    0.298429 ^ _42_/CLK (sky130_fd_sc_hd__dfrtp_2)
     3    0.045007    0.219858    0.481144    0.779573 ^ _42_/Q (sky130_fd_sc_hd__dfrtp_2)
                                                         pad_schmitt_en (net)
                      0.219870    0.001861    0.781434 ^ _34_/A1 (sky130_fd_sc_hd__mux2_1)
     1    0.003166    0.044103    0.170605    0.952038 ^ _34_/X (sky130_fd_sc_hd__mux2_1)
                                                         _08_ (net)
                      0.044103    0.000218    0.952257 ^ _42_/D (sky130_fd_sc_hd__dfrtp_2)
                                              0.952257   data arrival time

                                  0.000000    0.000000   clock clk (rise edge)
                                  0.000000    0.000000   clock source latency
     1    0.012465    0.062293    0.042267    0.042267 ^ clk (in)
                                                         clk (net)
                      0.062305    0.000000    0.042267 ^ clkbuf_0_clk/A (sky130_fd_sc_hd__clkbuf_16)
     2    0.020459    0.042225    0.131772    0.174039 ^ clkbuf_0_clk/X (sky130_fd_sc_hd__clkbuf_16)
                                                         clknet_0_clk (net)
                      0.042282    0.001274    0.175313 ^ clkbuf_1_1__f_clk/A (sky130_fd_sc_hd__clkbuf_16)
     6    0.018024    0.040225    0.122007    0.297319 ^ clkbuf_1_1__f_clk/X (sky130_fd_sc_hd__clkbuf_16)
                                                         clknet_1_1__leaf_clk (net)
                      0.040239    0.001110    0.298429 ^ _42_/CLK (sky130_fd_sc_hd__dfrtp_2)
                                  0.250000    0.548429   clock uncertainty
                                  0.000000    0.548429   clock reconvergence pessimism
                                 -0.035142    0.513287   library hold time
                                              0.513287   data required time
---------------------------------------------------------------------------------------------
                                              0.513287   data required time
                                             -0.952257   data arrival time
---------------------------------------------------------------------------------------------
                                              0.438969   slack (MET)


Startpoint: _39_ (rising edge-triggered flip-flop clocked by clk)
Endpoint: _39_ (rising edge-triggered flip-flop clocked by clk)
Path Group: clk
Path Type: min

Fanout         Cap        Slew       Delay        Time   Description
---------------------------------------------------------------------------------------------
                                  0.000000    0.000000   clock clk (rise edge)
                                  0.000000    0.000000   clock source latency
     1    0.012465    0.062293    0.042267    0.042267 ^ clk (in)
                                                         clk (net)
                      0.062305    0.000000    0.042267 ^ clkbuf_0_clk/A (sky130_fd_sc_hd__clkbuf_16)
     2    0.020459    0.042225    0.131772    0.174039 ^ clkbuf_0_clk/X (sky130_fd_sc_hd__clkbuf_16)
                                                         clknet_0_clk (net)
                      0.042278    0.001225    0.175264 ^ clkbuf_1_0__f_clk/A (sky130_fd_sc_hd__clkbuf_16)
     5    0.015095    0.037682    0.119592    0.294856 ^ clkbuf_1_0__f_clk/X (sky130_fd_sc_hd__clkbuf_16)
                                                         clknet_1_0__leaf_clk (net)
                      0.037689    0.000686    0.295542 ^ _39_/CLK (sky130_fd_sc_hd__dfrtp_2)
     3    0.045107    0.220282    0.480731    0.776273 ^ _39_/Q (sky130_fd_sc_hd__dfrtp_2)
                                                         pad_slew[0] (net)
                      0.220296    0.001915    0.778189 ^ _31_/A1 (sky130_fd_sc_hd__mux2_1)
     1    0.003873    0.049509    0.176037    0.954225 ^ _31_/X (sky130_fd_sc_hd__mux2_1)
                                                         _05_ (net)
                      0.049509    0.000261    0.954486 ^ _39_/D (sky130_fd_sc_hd__dfrtp_2)
                                              0.954486   data arrival time

                                  0.000000    0.000000   clock clk (rise edge)
                                  0.000000    0.000000   clock source latency
     1    0.012465    0.062293    0.042267    0.042267 ^ clk (in)
                                                         clk (net)
                      0.062305    0.000000    0.042267 ^ clkbuf_0_clk/A (sky130_fd_sc_hd__clkbuf_16)
     2    0.020459    0.042225    0.131772    0.174039 ^ clkbuf_0_clk/X (sky130_fd_sc_hd__clkbuf_16)
                                                         clknet_0_clk (net)
                      0.042278    0.001225    0.175264 ^ clkbuf_1_0__f_clk/A (sky130_fd_sc_hd__clkbuf_16)
     5    0.015095    0.037682    0.119592    0.294856 ^ clkbuf_1_0__f_clk/X (sky130_fd_sc_hd__clkbuf_16)
                                                         clknet_1_0__leaf_clk (net)
                      0.037689    0.000686    0.295542 ^ _39_/CLK (sky130_fd_sc_hd__dfrtp_2)
                                  0.250000    0.545543   clock uncertainty
                                  0.000000    0.545543   clock reconvergence pessimism
                                 -0.036611    0.508932   library hold time
                                              0.508932   data required time
---------------------------------------------------------------------------------------------
                                              0.508932   data required time
                                             -0.954486   data arrival time
---------------------------------------------------------------------------------------------
                                              0.445554   slack (MET)


Startpoint: rst_n (input port clocked by clk)
Endpoint: _41_ (removal check against rising-edge clock clk)
Path Group: asynchronous
Path Type: min

Fanout         Cap        Slew       Delay        Time   Description
---------------------------------------------------------------------------------------------
                                  0.000000    0.000000   clock clk (rise edge)
                                  0.000000    0.000000   clock network delay (propagated)
                                  2.000000    2.000000 ^ input external delay
    10    0.048353    0.221848    0.153275    2.153275 ^ rst_n (in)
                                                         rst_n (net)
                      0.221860    0.000000    2.153275 ^ _41_/RESET_B (sky130_fd_sc_hd__dfrtp_2)
                                              2.153275   data arrival time

                                  0.000000    0.000000   clock clk (rise edge)
                                  0.000000    0.000000   clock source latency
     1    0.012465    0.062293    0.042267    0.042267 ^ clk (in)
                                                         clk (net)
                      0.062305    0.000000    0.042267 ^ clkbuf_0_clk/A (sky130_fd_sc_hd__clkbuf_16)
     2    0.020459    0.042225    0.131772    0.174039 ^ clkbuf_0_clk/X (sky130_fd_sc_hd__clkbuf_16)
                                                         clknet_0_clk (net)
                      0.042282    0.001274    0.175313 ^ clkbuf_1_1__f_clk/A (sky130_fd_sc_hd__clkbuf_16)
     6    0.018024    0.040225    0.122007    0.297319 ^ clkbuf_1_1__f_clk/X (sky130_fd_sc_hd__clkbuf_16)
                                                         clknet_1_1__leaf_clk (net)
                      0.040260    0.001927    0.299247 ^ _41_/CLK (sky130_fd_sc_hd__dfrtp_2)
                                  0.250000    0.549247   clock uncertainty
                                  0.000000    0.549247   clock reconvergence pessimism
                                  0.367166    0.916413   library removal time
                                              0.916413   data required time
---------------------------------------------------------------------------------------------
                                              0.916413   data required time
                                             -2.153275   data arrival time
---------------------------------------------------------------------------------------------
                                              1.236862   slack (MET)


Startpoint: rst_n (input port clocked by clk)
Endpoint: _40_ (removal check against rising-edge clock clk)
Path Group: asynchronous
Path Type: min

Fanout         Cap        Slew       Delay        Time   Description
---------------------------------------------------------------------------------------------
                                  0.000000    0.000000   clock clk (rise edge)
                                  0.000000    0.000000   clock network delay (propagated)
                                  2.000000    2.000000 ^ input external delay
    10    0.048353    0.221848    0.154009    2.154009 ^ rst_n (in)
                                                         rst_n (net)
                      0.221878    0.000000    2.154009 ^ _40_/RESET_B (sky130_fd_sc_hd__dfrtp_2)
                                              2.154009   data arrival time

                                  0.000000    0.000000   clock clk (rise edge)
                                  0.000000    0.000000   clock source latency
     1    0.012465    0.062293    0.042267    0.042267 ^ clk (in)
                                                         clk (net)
                      0.062305    0.000000    0.042267 ^ clkbuf_0_clk/A (sky130_fd_sc_hd__clkbuf_16)
     2    0.020459    0.042225    0.131772    0.174039 ^ clkbuf_0_clk/X (sky130_fd_sc_hd__clkbuf_16)
                                                         clknet_0_clk (net)
                      0.042282    0.001274    0.175313 ^ clkbuf_1_1__f_clk/A (sky130_fd_sc_hd__clkbuf_16)
     6    0.018024    0.040225    0.122007    0.297319 ^ clkbuf_1_1__f_clk/X (sky130_fd_sc_hd__clkbuf_16)
                                                         clknet_1_1__leaf_clk (net)
                      0.040250    0.001601    0.298921 ^ _40_/CLK (sky130_fd_sc_hd__dfrtp_2)
                                  0.250000    0.548921   clock uncertainty
                                  0.000000    0.548921   clock reconvergence pessimism
                                  0.367168    0.916089   library removal time
                                              0.916089   data required time
---------------------------------------------------------------------------------------------
                                              0.916089   data required time
                                             -2.154009   data arrival time
---------------------------------------------------------------------------------------------
                                              1.237920   slack (MET)


Startpoint: rst_n (input port clocked by clk)
Endpoint: _42_ (removal check against rising-edge clock clk)
Path Group: asynchronous
Path Type: min

Fanout         Cap        Slew       Delay        Time   Description
---------------------------------------------------------------------------------------------
                                  0.000000    0.000000   clock clk (rise edge)
                                  0.000000    0.000000   clock network delay (propagated)
                                  2.000000    2.000000 ^ input external delay
    10    0.048353    0.221848    0.153638    2.153638 ^ rst_n (in)
                                                         rst_n (net)
                      0.221868    0.000000    2.153638 ^ _42_/RESET_B (sky130_fd_sc_hd__dfrtp_2)
                                              2.153638   data arrival time

                                  0.000000    0.000000   clock clk (rise edge)
                                  0.000000    0.000000   clock source latency
     1    0.012465    0.062293    0.042267    0.042267 ^ clk (in)
                                                         clk (net)
                      0.062305    0.000000    0.042267 ^ clkbuf_0_clk/A (sky130_fd_sc_hd__clkbuf_16)
     2    0.020459    0.042225    0.131772    0.174039 ^ clkbuf_0_clk/X (sky130_fd_sc_hd__clkbuf_16)
                                                         clknet_0_clk (net)
                      0.042282    0.001274    0.175313 ^ clkbuf_1_1__f_clk/A (sky130_fd_sc_hd__clkbuf_16)
     6    0.018024    0.040225    0.122007    0.297319 ^ clkbuf_1_1__f_clk/X (sky130_fd_sc_hd__clkbuf_16)
                                                         clknet_1_1__leaf_clk (net)
                      0.040239    0.001110    0.298429 ^ _42_/CLK (sky130_fd_sc_hd__dfrtp_2)
                                  0.250000    0.548429   clock uncertainty
                                  0.000000    0.548429   clock reconvergence pessimism
                                  0.367162    0.915592   library removal time
                                              0.915592   data required time
---------------------------------------------------------------------------------------------
                                              0.915592   data required time
                                             -2.153638   data arrival time
---------------------------------------------------------------------------------------------
                                              1.238047   slack (MET)


Startpoint: rst_n (input port clocked by clk)
Endpoint: _36_ (removal check against rising-edge clock clk)
Path Group: asynchronous
Path Type: min

Fanout         Cap        Slew       Delay        Time   Description
---------------------------------------------------------------------------------------------
                                  0.000000    0.000000   clock clk (rise edge)
                                  0.000000    0.000000   clock network delay (propagated)
                                  2.000000    2.000000 ^ input external delay
    10    0.048353    0.221848    0.154327    2.154327 ^ rst_n (in)
                                                         rst_n (net)
                      0.221887    0.000000    2.154327 ^ _36_/RESET_B (sky130_fd_sc_hd__dfrtp_2)
                                              2.154327   data arrival time

                                  0.000000    0.000000   clock clk (rise edge)
                                  0.000000    0.000000   clock source latency
     1    0.012465    0.062293    0.042267    0.042267 ^ clk (in)
                                                         clk (net)
                      0.062305    0.000000    0.042267 ^ clkbuf_0_clk/A (sky130_fd_sc_hd__clkbuf_16)
     2    0.020459    0.042225    0.131772    0.174039 ^ clkbuf_0_clk/X (sky130_fd_sc_hd__clkbuf_16)
                                                         clknet_0_clk (net)
                      0.042282    0.001274    0.175313 ^ clkbuf_1_1__f_clk/A (sky130_fd_sc_hd__clkbuf_16)
     6    0.018024    0.040225    0.122007    0.297319 ^ clkbuf_1_1__f_clk/X (sky130_fd_sc_hd__clkbuf_16)
                                                         clknet_1_1__leaf_clk (net)
                      0.040250    0.001609    0.298929 ^ _36_/CLK (sky130_fd_sc_hd__dfrtp_2)
                                  0.250000    0.548929   clock uncertainty
                                  0.000000    0.548929   clock reconvergence pessimism
                                  0.367171    0.916099   library removal time
                                              0.916099   data required time
---------------------------------------------------------------------------------------------
                                              0.916099   data required time
                                             -2.154327   data arrival time
---------------------------------------------------------------------------------------------
                                              1.238228   slack (MET)


Startpoint: rst_n (input port clocked by clk)
Endpoint: _45_ (removal check against rising-edge clock clk)
Path Group: asynchronous
Path Type: min

Fanout         Cap        Slew       Delay        Time   Description
---------------------------------------------------------------------------------------------
                                  0.000000    0.000000   clock clk (rise edge)
                                  0.000000    0.000000   clock network delay (propagated)
                                  2.000000    2.000000 ^ input external delay
    10    0.048353    0.221848    0.154767    2.154767 ^ rst_n (in)
                                                         rst_n (net)
                      0.221903    0.000000    2.154767 ^ _45_/RESET_B (sky130_fd_sc_hd__dfrtp_2)
                                              2.154767   data arrival time

                                  0.000000    0.000000   clock clk (rise edge)
                                  0.000000    0.000000   clock source latency
     1    0.012465    0.062293    0.042267    0.042267 ^ clk (in)
                                                         clk (net)
                      0.062305    0.000000    0.042267 ^ clkbuf_0_clk/A (sky130_fd_sc_hd__clkbuf_16)
     2    0.020459    0.042225    0.131772    0.174039 ^ clkbuf_0_clk/X (sky130_fd_sc_hd__clkbuf_16)
                                                         clknet_0_clk (net)
                      0.042282    0.001274    0.175313 ^ clkbuf_1_1__f_clk/A (sky130_fd_sc_hd__clkbuf_16)
     6    0.018024    0.040225    0.122007    0.297319 ^ clkbuf_1_1__f_clk/X (sky130_fd_sc_hd__clkbuf_16)
                                                         clknet_1_1__leaf_clk (net)
                      0.040260    0.001936    0.299255 ^ _45_/CLK (sky130_fd_sc_hd__dfrtp_2)
                                  0.250000    0.549255   clock uncertainty
                                  0.000000    0.549255   clock reconvergence pessimism
                                  0.367178    0.916433   library removal time
                                              0.916433   data required time
---------------------------------------------------------------------------------------------
                                              0.916433   data required time
                                             -2.154767   data arrival time
---------------------------------------------------------------------------------------------
                                              1.238334   slack (MET)


Startpoint: rst_n (input port clocked by clk)
Endpoint: _44_ (removal check against rising-edge clock clk)
Path Group: asynchronous
Path Type: min

Fanout         Cap        Slew       Delay        Time   Description
---------------------------------------------------------------------------------------------
                                  0.000000    0.000000   clock clk (rise edge)
                                  0.000000    0.000000   clock network delay (propagated)
                                  2.000000    2.000000 ^ input external delay
    10    0.048353    0.221848    0.154756    2.154756 ^ rst_n (in)
                                                         rst_n (net)
                      0.221902    0.000000    2.154756 ^ _44_/RESET_B (sky130_fd_sc_hd__dfrtp_2)
                                              2.154756   data arrival time

                                  0.000000    0.000000   clock clk (rise edge)
                                  0.000000    0.000000   clock source latency
     1    0.012465    0.062293    0.042267    0.042267 ^ clk (in)
                                                         clk (net)
                      0.062305    0.000000    0.042267 ^ clkbuf_0_clk/A (sky130_fd_sc_hd__clkbuf_16)
     2    0.020459    0.042225    0.131772    0.174039 ^ clkbuf_0_clk/X (sky130_fd_sc_hd__clkbuf_16)
                                                         clknet_0_clk (net)
                      0.042282    0.001274    0.175313 ^ clkbuf_1_1__f_clk/A (sky130_fd_sc_hd__clkbuf_16)
     6    0.018024    0.040225    0.122007    0.297319 ^ clkbuf_1_1__f_clk/X (sky130_fd_sc_hd__clkbuf_16)
                                                         clknet_1_1__leaf_clk (net)
                      0.040257    0.001851    0.299171 ^ _44_/CLK (sky130_fd_sc_hd__dfrtp_2)
                                  0.250000    0.549171   clock uncertainty
                                  0.000000    0.549171   clock reconvergence pessimism
                                  0.367177    0.916348   library removal time
                                              0.916348   data required time
---------------------------------------------------------------------------------------------
                                              0.916348   data required time
                                             -2.154756   data arrival time
---------------------------------------------------------------------------------------------
                                              1.238409   slack (MET)


Startpoint: rst_n (input port clocked by clk)
Endpoint: _43_ (removal check against rising-edge clock clk)
Path Group: asynchronous
Path Type: min

Fanout         Cap        Slew       Delay        Time   Description
---------------------------------------------------------------------------------------------
                                  0.000000    0.000000   clock clk (rise edge)
                                  0.000000    0.000000   clock network delay (propagated)
                                  2.000000    2.000000 ^ input external delay
    10    0.048353    0.221848    0.153034    2.153033 ^ rst_n (in)
                                                         rst_n (net)
                      0.221856    0.000000    2.153033 ^ _43_/RESET_B (sky130_fd_sc_hd__dfrtp_2)
                                              2.153033   data arrival time

                                  0.000000    0.000000   clock clk (rise edge)
                                  0.000000    0.000000   clock source latency
     1    0.012465    0.062293    0.042267    0.042267 ^ clk (in)
                                                         clk (net)
                      0.062305    0.000000    0.042267 ^ clkbuf_0_clk/A (sky130_fd_sc_hd__clkbuf_16)
     2    0.020459    0.042225    0.131772    0.174039 ^ clkbuf_0_clk/X (sky130_fd_sc_hd__clkbuf_16)
                                                         clknet_0_clk (net)
                      0.042278    0.001225    0.175264 ^ clkbuf_1_0__f_clk/A (sky130_fd_sc_hd__clkbuf_16)
     5    0.015095    0.037682    0.119592    0.294856 ^ clkbuf_1_0__f_clk/X (sky130_fd_sc_hd__clkbuf_16)
                                                         clknet_1_0__leaf_clk (net)
                      0.037689    0.000696    0.295552 ^ _43_/CLK (sky130_fd_sc_hd__dfrtp_2)
                                  0.250000    0.545552   clock uncertainty
                                  0.000000    0.545552   clock reconvergence pessimism
                                  0.366460    0.912012   library removal time
                                              0.912012   data required time
---------------------------------------------------------------------------------------------
                                              0.912012   data required time
                                             -2.153033   data arrival time
---------------------------------------------------------------------------------------------
                                              1.241021   slack (MET)


Startpoint: rst_n (input port clocked by clk)
Endpoint: _39_ (removal check against rising-edge clock clk)
Path Group: asynchronous
Path Type: min

Fanout         Cap        Slew       Delay        Time   Description
---------------------------------------------------------------------------------------------
                                  0.000000    0.000000   clock clk (rise edge)
                                  0.000000    0.000000   clock network delay (propagated)
                                  2.000000    2.000000 ^ input external delay
    10    0.048353    0.221848    0.153208    2.153208 ^ rst_n (in)
                                                         rst_n (net)
                      0.221859    0.000000    2.153208 ^ _39_/RESET_B (sky130_fd_sc_hd__dfrtp_2)
                                              2.153208   data arrival time

                                  0.000000    0.000000   clock clk (rise edge)
                                  0.000000    0.000000   clock source latency
     1    0.012465    0.062293    0.042267    0.042267 ^ clk (in)
                                                         clk (net)
                      0.062305    0.000000    0.042267 ^ clkbuf_0_clk/A (sky130_fd_sc_hd__clkbuf_16)
     2    0.020459    0.042225    0.131772    0.174039 ^ clkbuf_0_clk/X (sky130_fd_sc_hd__clkbuf_16)
                                                         clknet_0_clk (net)
                      0.042278    0.001225    0.175264 ^ clkbuf_1_0__f_clk/A (sky130_fd_sc_hd__clkbuf_16)
     5    0.015095    0.037682    0.119592    0.294856 ^ clkbuf_1_0__f_clk/X (sky130_fd_sc_hd__clkbuf_16)
                                                         clknet_1_0__leaf_clk (net)
                      0.037689    0.000686    0.295542 ^ _39_/CLK (sky130_fd_sc_hd__dfrtp_2)
                                  0.250000    0.545543   clock uncertainty
                                  0.000000    0.545543   clock reconvergence pessimism
                                  0.366461    0.912003   library removal time
                                              0.912003   data required time
---------------------------------------------------------------------------------------------
                                              0.912003   data required time
                                             -2.153208   data arrival time
---------------------------------------------------------------------------------------------
                                              1.241205   slack (MET)


Startpoint: rst_n (input port clocked by clk)
Endpoint: _37_ (removal check against rising-edge clock clk)
Path Group: asynchronous
Path Type: min

Fanout         Cap        Slew       Delay        Time   Description
---------------------------------------------------------------------------------------------
                                  0.000000    0.000000   clock clk (rise edge)
                                  0.000000    0.000000   clock network delay (propagated)
                                  2.000000    2.000000 ^ input external delay
    10    0.048353    0.221848    0.154868    2.154868 ^ rst_n (in)
                                                         rst_n (net)
                      0.221907    0.000000    2.154868 ^ _37_/RESET_B (sky130_fd_sc_hd__dfrtp_2)
                                              2.154868   data arrival time

                                  0.000000    0.000000   clock clk (rise edge)
                                  0.000000    0.000000   clock source latency
     1    0.012465    0.062293    0.042267    0.042267 ^ clk (in)
                                                         clk (net)
                      0.062305    0.000000    0.042267 ^ clkbuf_0_clk/A (sky130_fd_sc_hd__clkbuf_16)
     2    0.020459    0.042225    0.131772    0.174039 ^ clkbuf_0_clk/X (sky130_fd_sc_hd__clkbuf_16)
                                                         clknet_0_clk (net)
                      0.042278    0.001225    0.175264 ^ clkbuf_1_0__f_clk/A (sky130_fd_sc_hd__clkbuf_16)
     5    0.015095    0.037682    0.119592    0.294856 ^ clkbuf_1_0__f_clk/X (sky130_fd_sc_hd__clkbuf_16)
                                                         clknet_1_0__leaf_clk (net)
                      0.037689    0.000713    0.295570 ^ _37_/CLK (sky130_fd_sc_hd__dfrtp_2)
                                  0.250000    0.545570   clock uncertainty
                                  0.000000    0.545570   clock reconvergence pessimism
                                  0.366474    0.912043   library removal time
                                              0.912043   data required time
---------------------------------------------------------------------------------------------
                                              0.912043   data required time
                                             -2.154868   data arrival time
---------------------------------------------------------------------------------------------
                                              1.242824   slack (MET)


Startpoint: rst_n (input port clocked by clk)
Endpoint: _38_ (removal check against rising-edge clock clk)
Path Group: asynchronous
Path Type: min

Fanout         Cap        Slew       Delay        Time   Description
---------------------------------------------------------------------------------------------
                                  0.000000    0.000000   clock clk (rise edge)
                                  0.000000    0.000000   clock network delay (propagated)
                                  2.000000    2.000000 ^ input external delay
    10    0.048353    0.221848    0.154859    2.154859 ^ rst_n (in)
                                                         rst_n (net)
                      0.221906    0.000000    2.154859 ^ _38_/RESET_B (sky130_fd_sc_hd__dfrtp_2)
                                              2.154859   data arrival time

                                  0.000000    0.000000   clock clk (rise edge)
                                  0.000000    0.000000   clock source latency
     1    0.012465    0.062293    0.042267    0.042267 ^ clk (in)
                                                         clk (net)
                      0.062305    0.000000    0.042267 ^ clkbuf_0_clk/A (sky130_fd_sc_hd__clkbuf_16)
     2    0.020459    0.042225    0.131772    0.174039 ^ clkbuf_0_clk/X (sky130_fd_sc_hd__clkbuf_16)
                                                         clknet_0_clk (net)
                      0.042278    0.001225    0.175264 ^ clkbuf_1_0__f_clk/A (sky130_fd_sc_hd__clkbuf_16)
     5    0.015095    0.037682    0.119592    0.294856 ^ clkbuf_1_0__f_clk/X (sky130_fd_sc_hd__clkbuf_16)
                                                         clknet_1_0__leaf_clk (net)
                      0.037682    0.000648    0.295504 ^ _38_/CLK (sky130_fd_sc_hd__dfrtp_2)
                                  0.250000    0.545504   clock uncertainty
                                  0.000000    0.545504   clock reconvergence pessimism
                                  0.366472    0.911976   library removal time
                                              0.911976   data required time
---------------------------------------------------------------------------------------------
                                              0.911976   data required time
                                             -2.154859   data arrival time
---------------------------------------------------------------------------------------------
                                              1.242883   slack (MET)


Startpoint: _37_ (rising edge-triggered flip-flop clocked by clk)
Endpoint: pad_pu_en (output port clocked by clk)
Path Group: clk
Path Type: min

Fanout         Cap        Slew       Delay        Time   Description
---------------------------------------------------------------------------------------------
                                  0.000000    0.000000   clock clk (rise edge)
                                  0.000000    0.000000   clock source latency
     1    0.012465    0.062293    0.042267    0.042267 ^ clk (in)
                                                         clk (net)
                      0.062305    0.000000    0.042267 ^ clkbuf_0_clk/A (sky130_fd_sc_hd__clkbuf_16)
     2    0.020459    0.042225    0.131772    0.174039 ^ clkbuf_0_clk/X (sky130_fd_sc_hd__clkbuf_16)
                                                         clknet_0_clk (net)
                      0.042278    0.001225    0.175264 ^ clkbuf_1_0__f_clk/A (sky130_fd_sc_hd__clkbuf_16)
     5    0.015095    0.037682    0.119592    0.294856 ^ clkbuf_1_0__f_clk/X (sky130_fd_sc_hd__clkbuf_16)
                                                         clknet_1_0__leaf_clk (net)
                      0.037689    0.000713    0.295570 ^ _37_/CLK (sky130_fd_sc_hd__dfrtp_2)
     3    0.041821    0.205351    0.470144    0.765714 ^ _37_/Q (sky130_fd_sc_hd__dfrtp_2)
                                                         pad_pu_en (net)
                      0.205374    0.002254    0.767968 ^ pad_pu_en (out)
                                              0.767968   data arrival time

                                  0.000000    0.000000   clock clk (rise edge)
                                  0.000000    0.000000   clock network delay (propagated)
                                  0.250000    0.250000   clock uncertainty
                                  0.000000    0.250000   clock reconvergence pessimism
                                 -2.000000   -1.750000   output external delay
                                             -1.750000   data required time
---------------------------------------------------------------------------------------------
                                             -1.750000   data required time
                                             -0.767968   data arrival time
---------------------------------------------------------------------------------------------
                                              2.517968   slack (MET)


Startpoint: _44_ (rising edge-triggered flip-flop clocked by clk)
Endpoint: core_din (output port clocked by clk)
Path Group: clk
Path Type: min

Fanout         Cap        Slew       Delay        Time   Description
---------------------------------------------------------------------------------------------
                                  0.000000    0.000000   clock clk (rise edge)
                                  0.000000    0.000000   clock source latency
     1    0.012465    0.062293    0.042267    0.042267 ^ clk (in)
                                                         clk (net)
                      0.062305    0.000000    0.042267 ^ clkbuf_0_clk/A (sky130_fd_sc_hd__clkbuf_16)
     2    0.020459    0.042225    0.131772    0.174039 ^ clkbuf_0_clk/X (sky130_fd_sc_hd__clkbuf_16)
                                                         clknet_0_clk (net)
                      0.042282    0.001274    0.175313 ^ clkbuf_1_1__f_clk/A (sky130_fd_sc_hd__clkbuf_16)
     6    0.018024    0.040225    0.122007    0.297319 ^ clkbuf_1_1__f_clk/X (sky130_fd_sc_hd__clkbuf_16)
                                                         clknet_1_1__leaf_clk (net)
                      0.040257    0.001851    0.299171 ^ _44_/CLK (sky130_fd_sc_hd__dfrtp_2)
     2    0.041469    0.203101    0.469759    0.768930 ^ _44_/Q (sky130_fd_sc_hd__dfrtp_2)
                                                         core_din (net)
                      0.203140    0.002796    0.771726 ^ core_din (out)
                                              0.771726   data arrival time

                                  0.000000    0.000000   clock clk (rise edge)
                                  0.000000    0.000000   clock network delay (propagated)
                                  0.250000    0.250000   clock uncertainty
                                  0.000000    0.250000   clock reconvergence pessimism
                                 -2.000000   -1.750000   output external delay
                                             -1.750000   data required time
---------------------------------------------------------------------------------------------
                                             -1.750000   data required time
                                             -0.771726   data arrival time
---------------------------------------------------------------------------------------------
                                              2.521726   slack (MET)


Startpoint: _38_ (rising edge-triggered flip-flop clocked by clk)
Endpoint: pad_pd_en (output port clocked by clk)
Path Group: clk
Path Type: min

Fanout         Cap        Slew       Delay        Time   Description
---------------------------------------------------------------------------------------------
                                  0.000000    0.000000   clock clk (rise edge)
                                  0.000000    0.000000   clock source latency
     1    0.012465    0.062293    0.042267    0.042267 ^ clk (in)
                                                         clk (net)
                      0.062305    0.000000    0.042267 ^ clkbuf_0_clk/A (sky130_fd_sc_hd__clkbuf_16)
     2    0.020459    0.042225    0.131772    0.174039 ^ clkbuf_0_clk/X (sky130_fd_sc_hd__clkbuf_16)
                                                         clknet_0_clk (net)
                      0.042278    0.001225    0.175264 ^ clkbuf_1_0__f_clk/A (sky130_fd_sc_hd__clkbuf_16)
     5    0.015095    0.037682    0.119592    0.294856 ^ clkbuf_1_0__f_clk/X (sky130_fd_sc_hd__clkbuf_16)
                                                         clknet_1_0__leaf_clk (net)
                      0.037682    0.000648    0.295504 ^ _38_/CLK (sky130_fd_sc_hd__dfrtp_2)
     3    0.043241    0.211844    0.474463    0.769968 ^ _38_/Q (sky130_fd_sc_hd__dfrtp_2)
                                                         pad_pd_en (net)
                      0.211878    0.002689    0.772657 ^ pad_pd_en (out)
                                              0.772657   data arrival time

                                  0.000000    0.000000   clock clk (rise edge)
                                  0.000000    0.000000   clock network delay (propagated)
                                  0.250000    0.250000   clock uncertainty
                                  0.000000    0.250000   clock reconvergence pessimism
                                 -2.000000   -1.750000   output external delay
                                             -1.750000   data required time
---------------------------------------------------------------------------------------------
                                             -1.750000   data required time
                                             -0.772657   data arrival time
---------------------------------------------------------------------------------------------
                                              2.522657   slack (MET)


Startpoint: _36_ (rising edge-triggered flip-flop clocked by clk)
Endpoint: pad_oe (output port clocked by clk)
Path Group: clk
Path Type: min

Fanout         Cap        Slew       Delay        Time   Description
---------------------------------------------------------------------------------------------
                                  0.000000    0.000000   clock clk (rise edge)
                                  0.000000    0.000000   clock source latency
     1    0.012465    0.062293    0.042267    0.042267 ^ clk (in)
                                                         clk (net)
                      0.062305    0.000000    0.042267 ^ clkbuf_0_clk/A (sky130_fd_sc_hd__clkbuf_16)
     2    0.020459    0.042225    0.131772    0.174039 ^ clkbuf_0_clk/X (sky130_fd_sc_hd__clkbuf_16)
                                                         clknet_0_clk (net)
                      0.042282    0.001274    0.175313 ^ clkbuf_1_1__f_clk/A (sky130_fd_sc_hd__clkbuf_16)
     6    0.018024    0.040225    0.122007    0.297319 ^ clkbuf_1_1__f_clk/X (sky130_fd_sc_hd__clkbuf_16)
                                                         clknet_1_1__leaf_clk (net)
                      0.040250    0.001609    0.298929 ^ _36_/CLK (sky130_fd_sc_hd__dfrtp_2)
     3    0.042106    0.206610    0.472163    0.771091 ^ _36_/Q (sky130_fd_sc_hd__dfrtp_2)
                                                         pad_oe (net)
                      0.206627    0.002030    0.773121 ^ pad_oe (out)
                                              0.773121   data arrival time

                                  0.000000    0.000000   clock clk (rise edge)
                                  0.000000    0.000000   clock network delay (propagated)
                                  0.250000    0.250000   clock uncertainty
                                  0.000000    0.250000   clock reconvergence pessimism
                                 -2.000000   -1.750000   output external delay
                                             -1.750000   data required time
---------------------------------------------------------------------------------------------
                                             -1.750000   data required time
                                             -0.773121   data arrival time
---------------------------------------------------------------------------------------------
                                              2.523121   slack (MET)


Startpoint: _40_ (rising edge-triggered flip-flop clocked by clk)
Endpoint: pad_slew[1] (output port clocked by clk)
Path Group: clk
Path Type: min

Fanout         Cap        Slew       Delay        Time   Description
---------------------------------------------------------------------------------------------
                                  0.000000    0.000000   clock clk (rise edge)
                                  0.000000    0.000000   clock source latency
     1    0.012465    0.062293    0.042267    0.042267 ^ clk (in)
                                                         clk (net)
                      0.062305    0.000000    0.042267 ^ clkbuf_0_clk/A (sky130_fd_sc_hd__clkbuf_16)
     2    0.020459    0.042225    0.131772    0.174039 ^ clkbuf_0_clk/X (sky130_fd_sc_hd__clkbuf_16)
                                                         clknet_0_clk (net)
                      0.042282    0.001274    0.175313 ^ clkbuf_1_1__f_clk/A (sky130_fd_sc_hd__clkbuf_16)
     6    0.018024    0.040225    0.122007    0.297319 ^ clkbuf_1_1__f_clk/X (sky130_fd_sc_hd__clkbuf_16)
                                                         clknet_1_1__leaf_clk (net)
                      0.040250    0.001601    0.298921 ^ _40_/CLK (sky130_fd_sc_hd__dfrtp_2)
     3    0.043347    0.211555    0.474795    0.773716 ^ _40_/Q (sky130_fd_sc_hd__dfrtp_2)
                                                         pad_slew[1] (net)
                      0.211657    0.004304    0.778021 ^ pad_slew[1] (out)
                                              0.778021   data arrival time

                                  0.000000    0.000000   clock clk (rise edge)
                                  0.000000    0.000000   clock network delay (propagated)
                                  0.250000    0.250000   clock uncertainty
                                  0.000000    0.250000   clock reconvergence pessimism
                                 -2.000000   -1.750000   output external delay
                                             -1.750000   data required time
---------------------------------------------------------------------------------------------
                                             -1.750000   data required time
                                             -0.778021   data arrival time
---------------------------------------------------------------------------------------------
                                              2.528021   slack (MET)


Startpoint: _39_ (rising edge-triggered flip-flop clocked by clk)
Endpoint: pad_slew[0] (output port clocked by clk)
Path Group: clk
Path Type: min

Fanout         Cap        Slew       Delay        Time   Description
---------------------------------------------------------------------------------------------
                                  0.000000    0.000000   clock clk (rise edge)
                                  0.000000    0.000000   clock source latency
     1    0.012465    0.062293    0.042267    0.042267 ^ clk (in)
                                                         clk (net)
                      0.062305    0.000000    0.042267 ^ clkbuf_0_clk/A (sky130_fd_sc_hd__clkbuf_16)
     2    0.020459    0.042225    0.131772    0.174039 ^ clkbuf_0_clk/X (sky130_fd_sc_hd__clkbuf_16)
                                                         clknet_0_clk (net)
                      0.042278    0.001225    0.175264 ^ clkbuf_1_0__f_clk/A (sky130_fd_sc_hd__clkbuf_16)
     5    0.015095    0.037682    0.119592    0.294856 ^ clkbuf_1_0__f_clk/X (sky130_fd_sc_hd__clkbuf_16)
                                                         clknet_1_0__leaf_clk (net)
                      0.037689    0.000686    0.295542 ^ _39_/CLK (sky130_fd_sc_hd__dfrtp_2)
     3    0.045107    0.220282    0.480731    0.776273 ^ _39_/Q (sky130_fd_sc_hd__dfrtp_2)
                                                         pad_slew[0] (net)
                      0.220303    0.002245    0.778518 ^ pad_slew[0] (out)
                                              0.778518   data arrival time

                                  0.000000    0.000000   clock clk (rise edge)
                                  0.000000    0.000000   clock network delay (propagated)
                                  0.250000    0.250000   clock uncertainty
                                  0.000000    0.250000   clock reconvergence pessimism
                                 -2.000000   -1.750000   output external delay
                                             -1.750000   data required time
---------------------------------------------------------------------------------------------
                                             -1.750000   data required time
                                             -0.778518   data arrival time
---------------------------------------------------------------------------------------------
                                              2.528518   slack (MET)


Startpoint: _42_ (rising edge-triggered flip-flop clocked by clk)
Endpoint: pad_schmitt_en (output port clocked by clk)
Path Group: clk
Path Type: min

Fanout         Cap        Slew       Delay        Time   Description
---------------------------------------------------------------------------------------------
                                  0.000000    0.000000   clock clk (rise edge)
                                  0.000000    0.000000   clock source latency
     1    0.012465    0.062293    0.042267    0.042267 ^ clk (in)
                                                         clk (net)
                      0.062305    0.000000    0.042267 ^ clkbuf_0_clk/A (sky130_fd_sc_hd__clkbuf_16)
     2    0.020459    0.042225    0.131772    0.174039 ^ clkbuf_0_clk/X (sky130_fd_sc_hd__clkbuf_16)
                                                         clknet_0_clk (net)
                      0.042282    0.001274    0.175313 ^ clkbuf_1_1__f_clk/A (sky130_fd_sc_hd__clkbuf_16)
     6    0.018024    0.040225    0.122007    0.297319 ^ clkbuf_1_1__f_clk/X (sky130_fd_sc_hd__clkbuf_16)
                                                         clknet_1_1__leaf_clk (net)
                      0.040239    0.001110    0.298429 ^ _42_/CLK (sky130_fd_sc_hd__dfrtp_2)
     3    0.045007    0.219858    0.481144    0.779573 ^ _42_/Q (sky130_fd_sc_hd__dfrtp_2)
                                                         pad_schmitt_en (net)
                      0.219887    0.002570    0.782143 ^ pad_schmitt_en (out)
                                              0.782143   data arrival time

                                  0.000000    0.000000   clock clk (rise edge)
                                  0.000000    0.000000   clock network delay (propagated)
                                  0.250000    0.250000   clock uncertainty
                                  0.000000    0.250000   clock reconvergence pessimism
                                 -2.000000   -1.750000   output external delay
                                             -1.750000   data required time
---------------------------------------------------------------------------------------------
                                             -1.750000   data required time
                                             -0.782143   data arrival time
---------------------------------------------------------------------------------------------
                                              2.532143   slack (MET)


Startpoint: _41_ (rising edge-triggered flip-flop clocked by clk)
Endpoint: reg_rdata[5] (output port clocked by clk)
Path Group: clk
Path Type: min

Fanout         Cap        Slew       Delay        Time   Description
---------------------------------------------------------------------------------------------
                                  0.000000    0.000000   clock clk (rise edge)
                                  0.000000    0.000000   clock source latency
     1    0.012465    0.062293    0.042267    0.042267 ^ clk (in)
                                                         clk (net)
                      0.062305    0.000000    0.042267 ^ clkbuf_0_clk/A (sky130_fd_sc_hd__clkbuf_16)
     2    0.020459    0.042225    0.131772    0.174039 ^ clkbuf_0_clk/X (sky130_fd_sc_hd__clkbuf_16)
                                                         clknet_0_clk (net)
                      0.042282    0.001274    0.175313 ^ clkbuf_1_1__f_clk/A (sky130_fd_sc_hd__clkbuf_16)
     6    0.018024    0.040225    0.122007    0.297319 ^ clkbuf_1_1__f_clk/X (sky130_fd_sc_hd__clkbuf_16)
                                                         clknet_1_1__leaf_clk (net)
                      0.040260    0.001927    0.299247 ^ _41_/CLK (sky130_fd_sc_hd__dfrtp_2)
     4    0.013017    0.080620    0.374450    0.673697 ^ _41_/Q (sky130_fd_sc_hd__dfrtp_2)
                                                         ie (net)
                      0.080620    0.000408    0.674105 ^ _21_/A (sky130_fd_sc_hd__and2_2)
     1    0.034349    0.182388    0.252396    0.926501 ^ _21_/X (sky130_fd_sc_hd__and2_2)
                                                         reg_rdata[5] (net)
                      0.182402    0.001731    0.928231 ^ reg_rdata[5] (out)
                                              0.928231   data arrival time

                                  0.000000    0.000000   clock clk (rise edge)
                                  0.000000    0.000000   clock network delay (propagated)
                                  0.250000    0.250000   clock uncertainty
                                  0.000000    0.250000   clock reconvergence pessimism
                                 -2.000000   -1.750000   output external delay
                                             -1.750000   data required time
---------------------------------------------------------------------------------------------
                                             -1.750000   data required time
                                             -0.928231   data arrival time
---------------------------------------------------------------------------------------------
                                              2.678231   slack (MET)


Startpoint: _43_ (rising edge-triggered flip-flop clocked by clk)
Endpoint: reg_rdata[7] (output port clocked by clk)
Path Group: clk
Path Type: min

Fanout         Cap        Slew       Delay        Time   Description
---------------------------------------------------------------------------------------------
                                  0.000000    0.000000   clock clk (rise edge)
                                  0.000000    0.000000   clock source latency
     1    0.012465    0.062293    0.042267    0.042267 ^ clk (in)
                                                         clk (net)
                      0.062305    0.000000    0.042267 ^ clkbuf_0_clk/A (sky130_fd_sc_hd__clkbuf_16)
     2    0.020459    0.042225    0.131772    0.174039 ^ clkbuf_0_clk/X (sky130_fd_sc_hd__clkbuf_16)
                                                         clknet_0_clk (net)
                      0.042278    0.001225    0.175264 ^ clkbuf_1_0__f_clk/A (sky130_fd_sc_hd__clkbuf_16)
     5    0.015095    0.037682    0.119592    0.294856 ^ clkbuf_1_0__f_clk/X (sky130_fd_sc_hd__clkbuf_16)
                                                         clknet_1_0__leaf_clk (net)
                      0.037689    0.000696    0.295552 ^ _43_/CLK (sky130_fd_sc_hd__dfrtp_2)
     3    0.016647    0.096119    0.385578    0.681131 ^ _43_/Q (sky130_fd_sc_hd__dfrtp_2)
                                                         loopback_en (net)
                      0.096122    0.000766    0.681896 ^ _23_/A (sky130_fd_sc_hd__and2_2)
     1    0.034454    0.182851    0.258248    0.940144 ^ _23_/X (sky130_fd_sc_hd__and2_2)
                                                         reg_rdata[7] (net)
                      0.182866    0.001754    0.941899 ^ reg_rdata[7] (out)
                                              0.941899   data arrival time

                                  0.000000    0.000000   clock clk (rise edge)
                                  0.000000    0.000000   clock network delay (propagated)
                                  0.250000    0.250000   clock uncertainty
                                  0.000000    0.250000   clock reconvergence pessimism
                                 -2.000000   -1.750000   output external delay
                                             -1.750000   data required time
---------------------------------------------------------------------------------------------
                                             -1.750000   data required time
                                             -0.941899   data arrival time
---------------------------------------------------------------------------------------------
                                              2.691899   slack (MET)


Startpoint: _38_ (rising edge-triggered flip-flop clocked by clk)
Endpoint: reg_rdata[2] (output port clocked by clk)
Path Group: clk
Path Type: min

Fanout         Cap        Slew       Delay        Time   Description
---------------------------------------------------------------------------------------------
                                  0.000000    0.000000   clock clk (rise edge)
                                  0.000000    0.000000   clock source latency
     1    0.012465    0.062293    0.042267    0.042267 ^ clk (in)
                                                         clk (net)
                      0.062305    0.000000    0.042267 ^ clkbuf_0_clk/A (sky130_fd_sc_hd__clkbuf_16)
     2    0.020459    0.042225    0.131772    0.174039 ^ clkbuf_0_clk/X (sky130_fd_sc_hd__clkbuf_16)
                                                         clknet_0_clk (net)
                      0.042278    0.001225    0.175264 ^ clkbuf_1_0__f_clk/A (sky130_fd_sc_hd__clkbuf_16)
     5    0.015095    0.037682    0.119592    0.294856 ^ clkbuf_1_0__f_clk/X (sky130_fd_sc_hd__clkbuf_16)
                                                         clknet_1_0__leaf_clk (net)
                      0.037682    0.000648    0.295504 ^ _38_/CLK (sky130_fd_sc_hd__dfrtp_2)
     3    0.043017    0.126597    0.483499    0.779003 v _38_/Q (sky130_fd_sc_hd__dfrtp_2)
                                                         pad_pd_en (net)
                      0.126603    0.001079    0.780082 v _18_/A (sky130_fd_sc_hd__and2_2)
     1    0.036520    0.102903    0.279847    1.059929 v _18_/X (sky130_fd_sc_hd__and2_2)
                                                         reg_rdata[2] (net)
                      0.102962    0.002272    1.062201 v reg_rdata[2] (out)
                                              1.062201   data arrival time

                                  0.000000    0.000000   clock clk (rise edge)
                                  0.000000    0.000000   clock network delay (propagated)
                                  0.250000    0.250000   clock uncertainty
                                  0.000000    0.250000   clock reconvergence pessimism
                                 -2.000000   -1.750000   output external delay
                                             -1.750000   data required time
---------------------------------------------------------------------------------------------
                                             -1.750000   data required time
                                             -1.062201   data arrival time
---------------------------------------------------------------------------------------------
                                              2.812201   slack (MET)


Startpoint: _44_ (rising edge-triggered flip-flop clocked by clk)
Endpoint: reg_rdata[1] (output port clocked by clk)
Path Group: clk
Path Type: min

Fanout         Cap        Slew       Delay        Time   Description
---------------------------------------------------------------------------------------------
                                  0.000000    0.000000   clock clk (rise edge)
                                  0.000000    0.000000   clock source latency
     1    0.012465    0.062293    0.042267    0.042267 ^ clk (in)
                                                         clk (net)
                      0.062305    0.000000    0.042267 ^ clkbuf_0_clk/A (sky130_fd_sc_hd__clkbuf_16)
     2    0.020459    0.042225    0.131772    0.174039 ^ clkbuf_0_clk/X (sky130_fd_sc_hd__clkbuf_16)
                                                         clknet_0_clk (net)
                      0.042282    0.001274    0.175313 ^ clkbuf_1_1__f_clk/A (sky130_fd_sc_hd__clkbuf_16)
     6    0.018024    0.040225    0.122007    0.297319 ^ clkbuf_1_1__f_clk/X (sky130_fd_sc_hd__clkbuf_16)
                                                         clknet_1_1__leaf_clk (net)
                      0.040257    0.001851    0.299171 ^ _44_/CLK (sky130_fd_sc_hd__dfrtp_2)
     2    0.041469    0.203101    0.469759    0.768930 ^ _44_/Q (sky130_fd_sc_hd__dfrtp_2)
                                                         core_din (net)
                      0.203116    0.001933    0.770863 ^ _17_/B2 (sky130_fd_sc_hd__a22o_2)
     1    0.037843    0.196663    0.292983    1.063846 ^ _17_/X (sky130_fd_sc_hd__a22o_2)
                                                         reg_rdata[1] (net)
                      0.196697    0.002578    1.066424 ^ reg_rdata[1] (out)
                                              1.066424   data arrival time

                                  0.000000    0.000000   clock clk (rise edge)
                                  0.000000    0.000000   clock network delay (propagated)
                                  0.250000    0.250000   clock uncertainty
                                  0.000000    0.250000   clock reconvergence pessimism
                                 -2.000000   -1.750000   output external delay
                                             -1.750000   data required time
---------------------------------------------------------------------------------------------
                                             -1.750000   data required time
                                             -1.066424   data arrival time
---------------------------------------------------------------------------------------------
                                              2.816424   slack (MET)


Startpoint: _39_ (rising edge-triggered flip-flop clocked by clk)
Endpoint: reg_rdata[3] (output port clocked by clk)
Path Group: clk
Path Type: min

Fanout         Cap        Slew       Delay        Time   Description
---------------------------------------------------------------------------------------------
                                  0.000000    0.000000   clock clk (rise edge)
                                  0.000000    0.000000   clock source latency
     1    0.012465    0.062293    0.042267    0.042267 ^ clk (in)
                                                         clk (net)
                      0.062305    0.000000    0.042267 ^ clkbuf_0_clk/A (sky130_fd_sc_hd__clkbuf_16)
     2    0.020459    0.042225    0.131772    0.174039 ^ clkbuf_0_clk/X (sky130_fd_sc_hd__clkbuf_16)
                                                         clknet_0_clk (net)
                      0.042278    0.001225    0.175264 ^ clkbuf_1_0__f_clk/A (sky130_fd_sc_hd__clkbuf_16)
     5    0.015095    0.037682    0.119592    0.294856 ^ clkbuf_1_0__f_clk/X (sky130_fd_sc_hd__clkbuf_16)
                                                         clknet_1_0__leaf_clk (net)
                      0.037689    0.000686    0.295542 ^ _39_/CLK (sky130_fd_sc_hd__dfrtp_2)
     3    0.044883    0.130524    0.487153    0.782696 v _39_/Q (sky130_fd_sc_hd__dfrtp_2)
                                                         pad_slew[0] (net)
                      0.130532    0.001180    0.783875 v _19_/A (sky130_fd_sc_hd__and2_2)
     1    0.036664    0.103223    0.281770    1.065645 v _19_/X (sky130_fd_sc_hd__and2_2)
                                                         reg_rdata[3] (net)
                      0.103298    0.002520    1.068165 v reg_rdata[3] (out)
                                              1.068165   data arrival time

                                  0.000000    0.000000   clock clk (rise edge)
                                  0.000000    0.000000   clock network delay (propagated)
                                  0.250000    0.250000   clock uncertainty
                                  0.000000    0.250000   clock reconvergence pessimism
                                 -2.000000   -1.750000   output external delay
                                             -1.750000   data required time
---------------------------------------------------------------------------------------------
                                             -1.750000   data required time
                                             -1.068165   data arrival time
---------------------------------------------------------------------------------------------
                                              2.818165   slack (MET)


Startpoint: _42_ (rising edge-triggered flip-flop clocked by clk)
Endpoint: reg_rdata[6] (output port clocked by clk)
Path Group: clk
Path Type: min

Fanout         Cap        Slew       Delay        Time   Description
---------------------------------------------------------------------------------------------
                                  0.000000    0.000000   clock clk (rise edge)
                                  0.000000    0.000000   clock source latency
     1    0.012465    0.062293    0.042267    0.042267 ^ clk (in)
                                                         clk (net)
                      0.062305    0.000000    0.042267 ^ clkbuf_0_clk/A (sky130_fd_sc_hd__clkbuf_16)
     2    0.020459    0.042225    0.131772    0.174039 ^ clkbuf_0_clk/X (sky130_fd_sc_hd__clkbuf_16)
                                                         clknet_0_clk (net)
                      0.042282    0.001274    0.175313 ^ clkbuf_1_1__f_clk/A (sky130_fd_sc_hd__clkbuf_16)
     6    0.018024    0.040225    0.122007    0.297319 ^ clkbuf_1_1__f_clk/X (sky130_fd_sc_hd__clkbuf_16)
                                                         clknet_1_1__leaf_clk (net)
                      0.040239    0.001110    0.298429 ^ _42_/CLK (sky130_fd_sc_hd__dfrtp_2)
     3    0.044783    0.130360    0.487685    0.786114 v _42_/Q (sky130_fd_sc_hd__dfrtp_2)
                                                         pad_schmitt_en (net)
                      0.130387    0.001873    0.787986 v _22_/A (sky130_fd_sc_hd__and2_2)
     1    0.035085    0.103166    0.278685    1.066671 v _22_/X (sky130_fd_sc_hd__and2_2)
                                                         reg_rdata[6] (net)
                      0.103208    0.001941    1.068612 v reg_rdata[6] (out)
                                              1.068612   data arrival time

                                  0.000000    0.000000   clock clk (rise edge)
                                  0.000000    0.000000   clock network delay (propagated)
                                  0.250000    0.250000   clock uncertainty
                                  0.000000    0.250000   clock reconvergence pessimism
                                 -2.000000   -1.750000   output external delay
                                             -1.750000   data required time
---------------------------------------------------------------------------------------------
                                             -1.750000   data required time
                                             -1.068612   data arrival time
---------------------------------------------------------------------------------------------
                                              2.818612   slack (MET)


Startpoint: _40_ (rising edge-triggered flip-flop clocked by clk)
Endpoint: reg_rdata[4] (output port clocked by clk)
Path Group: clk
Path Type: min

Fanout         Cap        Slew       Delay        Time   Description
---------------------------------------------------------------------------------------------
                                  0.000000    0.000000   clock clk (rise edge)
                                  0.000000    0.000000   clock source latency
     1    0.012465    0.062293    0.042267    0.042267 ^ clk (in)
                                                         clk (net)
                      0.062305    0.000000    0.042267 ^ clkbuf_0_clk/A (sky130_fd_sc_hd__clkbuf_16)
     2    0.020459    0.042225    0.131772    0.174039 ^ clkbuf_0_clk/X (sky130_fd_sc_hd__clkbuf_16)
                                                         clknet_0_clk (net)
                      0.042282    0.001274    0.175313 ^ clkbuf_1_1__f_clk/A (sky130_fd_sc_hd__clkbuf_16)
     6    0.018024    0.040225    0.122007    0.297319 ^ clkbuf_1_1__f_clk/X (sky130_fd_sc_hd__clkbuf_16)
                                                         clknet_1_1__leaf_clk (net)
                      0.040250    0.001601    0.298921 ^ _40_/CLK (sky130_fd_sc_hd__dfrtp_2)
     3    0.043123    0.127524    0.483657    0.782578 v _40_/Q (sky130_fd_sc_hd__dfrtp_2)
                                                         pad_slew[1] (net)
                      0.127603    0.002965    0.785543 v _20_/A (sky130_fd_sc_hd__and2_2)
     1    0.036904    0.103662    0.281194    1.066737 v _20_/X (sky130_fd_sc_hd__and2_2)
                                                         reg_rdata[4] (net)
                      0.103701    0.001908    1.068644 v reg_rdata[4] (out)
                                              1.068644   data arrival time

                                  0.000000    0.000000   clock clk (rise edge)
                                  0.000000    0.000000   clock network delay (propagated)
                                  0.250000    0.250000   clock uncertainty
                                  0.000000    0.250000   clock reconvergence pessimism
                                 -2.000000   -1.750000   output external delay
                                             -1.750000   data required time
---------------------------------------------------------------------------------------------
                                             -1.750000   data required time
                                             -1.068644   data arrival time
---------------------------------------------------------------------------------------------
                                              2.818644   slack (MET)


Startpoint: _36_ (rising edge-triggered flip-flop clocked by clk)
Endpoint: reg_rdata[0] (output port clocked by clk)
Path Group: clk
Path Type: min

Fanout         Cap        Slew       Delay        Time   Description
---------------------------------------------------------------------------------------------
                                  0.000000    0.000000   clock clk (rise edge)
                                  0.000000    0.000000   clock source latency
     1    0.012465    0.062293    0.042267    0.042267 ^ clk (in)
                                                         clk (net)
                      0.062305    0.000000    0.042267 ^ clkbuf_0_clk/A (sky130_fd_sc_hd__clkbuf_16)
     2    0.020459    0.042225    0.131772    0.174039 ^ clkbuf_0_clk/X (sky130_fd_sc_hd__clkbuf_16)
                                                         clknet_0_clk (net)
                      0.042282    0.001274    0.175313 ^ clkbuf_1_1__f_clk/A (sky130_fd_sc_hd__clkbuf_16)
     6    0.018024    0.040225    0.122007    0.297319 ^ clkbuf_1_1__f_clk/X (sky130_fd_sc_hd__clkbuf_16)
                                                         clknet_1_1__leaf_clk (net)
                      0.040250    0.001609    0.298929 ^ _36_/CLK (sky130_fd_sc_hd__dfrtp_2)
     3    0.042106    0.206610    0.472163    0.771091 ^ _36_/Q (sky130_fd_sc_hd__dfrtp_2)
                                                         pad_oe (net)
                      0.206622    0.001796    0.772887 ^ _16_/A1 (sky130_fd_sc_hd__a22o_2)
     1    0.038208    0.198578    0.308854    1.081741 ^ _16_/X (sky130_fd_sc_hd__a22o_2)
                                                         reg_rdata[0] (net)
                      0.198613    0.002623    1.084364 ^ reg_rdata[0] (out)
                                              1.084364   data arrival time

                                  0.000000    0.000000   clock clk (rise edge)
                                  0.000000    0.000000   clock network delay (propagated)
                                  0.250000    0.250000   clock uncertainty
                                  0.000000    0.250000   clock reconvergence pessimism
                                 -2.000000   -1.750000   output external delay
                                             -1.750000   data required time
---------------------------------------------------------------------------------------------
                                             -1.750000   data required time
                                             -1.084364   data arrival time
---------------------------------------------------------------------------------------------
                                              2.834364   slack (MET)


Startpoint: core_dout (input port clocked by clk)
Endpoint: pad_dout (output port clocked by clk)
Path Group: clk
Path Type: min

Fanout         Cap        Slew       Delay        Time   Description
---------------------------------------------------------------------------------------------
                                  0.000000    0.000000   clock clk (rise edge)
                                  0.000000    0.000000   clock network delay (propagated)
                                  2.000000    2.000000 v input external delay
     2    0.006265    0.016366    0.010183    2.010183 v core_dout (in)
                                                         core_dout (net)
                      0.016368    0.000000    2.010183 v _46_/A (sky130_fd_sc_hd__buf_2)
     1    0.034694    0.090979    0.167858    2.178041 v _46_/X (sky130_fd_sc_hd__buf_2)
                                                         pad_dout (net)
                      0.091020    0.001781    2.179822 v pad_dout (out)
                                              2.179822   data arrival time

                                  0.000000    0.000000   clock clk (rise edge)
                                  0.000000    0.000000   clock network delay (propagated)
                                  0.250000    0.250000   clock uncertainty
                                  0.000000    0.250000   clock reconvergence pessimism
                                 -2.000000   -1.750000   output external delay
                                             -1.750000   data required time
---------------------------------------------------------------------------------------------
                                             -1.750000   data required time
                                             -2.179822   data arrival time
---------------------------------------------------------------------------------------------
                                              3.929822   slack (MET)



%OL_END_REPORT
%OL_CREATE_REPORT max.rpt

===========================================================================
report_checks -path_delay max (Setup)
============================================================================
======================= max_tt_025C_1v80 Corner ===================================

Startpoint: reg_addr[1] (input port clocked by clk)
Endpoint: reg_rdata[0] (output port clocked by clk)
Path Group: clk
Path Type: max

Fanout         Cap        Slew       Delay        Time   Description
---------------------------------------------------------------------------------------------
                                  0.000000    0.000000   clock clk (rise edge)
                                  0.000000    0.000000   clock network delay (propagated)
                                  2.000000    2.000000 v input external delay
     3    0.009388    0.023196    0.015338    2.015338 v reg_addr[1] (in)
                                                         reg_addr[1] (net)
                      0.023204    0.000000    2.015338 v _14_/A (sky130_fd_sc_hd__nor2_2)
     8    0.023446    0.267498    0.235848    2.251186 ^ _14_/Y (sky130_fd_sc_hd__nor2_2)
                                                         _10_ (net)
                      0.267504    0.001039    2.252224 ^ _16_/A2 (sky130_fd_sc_hd__a22o_2)
     1    0.038208    0.199050    0.320814    2.573039 ^ _16_/X (sky130_fd_sc_hd__a22o_2)
                                                         reg_rdata[0] (net)
                      0.199163    0.002623    2.575661 ^ reg_rdata[0] (out)
                                              2.575661   data arrival time

                                 10.000000   10.000000   clock clk (rise edge)
                                  0.000000   10.000000   clock network delay (propagated)
                                 -0.250000    9.750000   clock uncertainty
                                  0.000000    9.750000   clock reconvergence pessimism
                                 -2.000000    7.750000   output external delay
                                              7.750000   data required time
---------------------------------------------------------------------------------------------
                                              7.750000   data required time
                                             -2.575661   data arrival time
---------------------------------------------------------------------------------------------
                                              5.174339   slack (MET)


Startpoint: reg_addr[1] (input port clocked by clk)
Endpoint: reg_rdata[1] (output port clocked by clk)
Path Group: clk
Path Type: max

Fanout         Cap        Slew       Delay        Time   Description
---------------------------------------------------------------------------------------------
                                  0.000000    0.000000   clock clk (rise edge)
                                  0.000000    0.000000   clock network delay (propagated)
                                  2.000000    2.000000 v input external delay
     3    0.009388    0.023196    0.015338    2.015338 v reg_addr[1] (in)
                                                         reg_addr[1] (net)
                      0.023204    0.000000    2.015338 v _14_/A (sky130_fd_sc_hd__nor2_2)
     8    0.023446    0.267498    0.235848    2.251186 ^ _14_/Y (sky130_fd_sc_hd__nor2_2)
                                                         _10_ (net)
                      0.267508    0.001361    2.252547 ^ _17_/A2 (sky130_fd_sc_hd__a22o_2)
     1    0.037843    0.197259    0.319579    2.572125 ^ _17_/X (sky130_fd_sc_hd__a22o_2)
                                                         reg_rdata[1] (net)
                      0.197369    0.002579    2.574704 ^ reg_rdata[1] (out)
                                              2.574704   data arrival time

                                 10.000000   10.000000   clock clk (rise edge)
                                  0.000000   10.000000   clock network delay (propagated)
                                 -0.250000    9.750000   clock uncertainty
                                  0.000000    9.750000   clock reconvergence pessimism
                                 -2.000000    7.750000   output external delay
                                              7.750000   data required time
---------------------------------------------------------------------------------------------
                                              7.750000   data required time
                                             -2.574704   data arrival time
---------------------------------------------------------------------------------------------
                                              5.175296   slack (MET)


Startpoint: reg_addr[1] (input port clocked by clk)
Endpoint: reg_rdata[4] (output port clocked by clk)
Path Group: clk
Path Type: max

Fanout         Cap        Slew       Delay        Time   Description
---------------------------------------------------------------------------------------------
                                  0.000000    0.000000   clock clk (rise edge)
                                  0.000000    0.000000   clock network delay (propagated)
                                  2.000000    2.000000 v input external delay
     3    0.009388    0.023196    0.015338    2.015338 v reg_addr[1] (in)
                                                         reg_addr[1] (net)
                      0.023204    0.000000    2.015338 v _14_/A (sky130_fd_sc_hd__nor2_2)
     8    0.023446    0.267498    0.235848    2.251186 ^ _14_/Y (sky130_fd_sc_hd__nor2_2)
                                                         _10_ (net)
                      0.267518    0.001901    2.253087 ^ _20_/B (sky130_fd_sc_hd__and2_2)
     1    0.036904    0.194003    0.313531    2.566617 ^ _20_/X (sky130_fd_sc_hd__and2_2)
                                                         reg_rdata[4] (net)
                      0.194019    0.001909    2.568526 ^ reg_rdata[4] (out)
                                              2.568526   data arrival time

                                 10.000000   10.000000   clock clk (rise edge)
                                  0.000000   10.000000   clock network delay (propagated)
                                 -0.250000    9.750000   clock uncertainty
                                  0.000000    9.750000   clock reconvergence pessimism
                                 -2.000000    7.750000   output external delay
                                              7.750000   data required time
---------------------------------------------------------------------------------------------
                                              7.750000   data required time
                                             -2.568526   data arrival time
---------------------------------------------------------------------------------------------
                                              5.181474   slack (MET)


Startpoint: reg_addr[1] (input port clocked by clk)
Endpoint: reg_rdata[3] (output port clocked by clk)
Path Group: clk
Path Type: max

Fanout         Cap        Slew       Delay        Time   Description
---------------------------------------------------------------------------------------------
                                  0.000000    0.000000   clock clk (rise edge)
                                  0.000000    0.000000   clock network delay (propagated)
                                  2.000000    2.000000 v input external delay
     3    0.009388    0.023196    0.015338    2.015338 v reg_addr[1] (in)
                                                         reg_addr[1] (net)
                      0.023204    0.000000    2.015338 v _14_/A (sky130_fd_sc_hd__nor2_2)
     8    0.023446    0.267498    0.235848    2.251186 ^ _14_/Y (sky130_fd_sc_hd__nor2_2)
                                                         _10_ (net)
                      0.267522    0.002095    2.253280 ^ _19_/B (sky130_fd_sc_hd__and2_2)
     1    0.036664    0.192309    0.312395    2.565676 ^ _19_/X (sky130_fd_sc_hd__and2_2)
                                                         reg_rdata[3] (net)
                      0.192342    0.002523    2.568198 ^ reg_rdata[3] (out)
                                              2.568198   data arrival time

                                 10.000000   10.000000   clock clk (rise edge)
                                  0.000000   10.000000   clock network delay (propagated)
                                 -0.250000    9.750000   clock uncertainty
                                  0.000000    9.750000   clock reconvergence pessimism
                                 -2.000000    7.750000   output external delay
                                              7.750000   data required time
---------------------------------------------------------------------------------------------
                                              7.750000   data required time
                                             -2.568198   data arrival time
---------------------------------------------------------------------------------------------
                                              5.181802   slack (MET)


Startpoint: reg_addr[1] (input port clocked by clk)
Endpoint: reg_rdata[2] (output port clocked by clk)
Path Group: clk
Path Type: max

Fanout         Cap        Slew       Delay        Time   Description
---------------------------------------------------------------------------------------------
                                  0.000000    0.000000   clock clk (rise edge)
                                  0.000000    0.000000   clock network delay (propagated)
                                  2.000000    2.000000 v input external delay
     3    0.009388    0.023196    0.015338    2.015338 v reg_addr[1] (in)
                                                         reg_addr[1] (net)
                      0.023204    0.000000    2.015338 v _14_/A (sky130_fd_sc_hd__nor2_2)
     8    0.023446    0.267498    0.235848    2.251186 ^ _14_/Y (sky130_fd_sc_hd__nor2_2)
                                                         _10_ (net)
                      0.267503    0.001010    2.252195 ^ _18_/B (sky130_fd_sc_hd__and2_2)
     1    0.036520    0.192174    0.311998    2.564193 ^ _18_/X (sky130_fd_sc_hd__and2_2)
                                                         reg_rdata[2] (net)
                      0.192200    0.002274    2.566468 ^ reg_rdata[2] (out)
                                              2.566468   data arrival time

                                 10.000000   10.000000   clock clk (rise edge)
                                  0.000000   10.000000   clock network delay (propagated)
                                 -0.250000    9.750000   clock uncertainty
                                  0.000000    9.750000   clock reconvergence pessimism
                                 -2.000000    7.750000   output external delay
                                              7.750000   data required time
---------------------------------------------------------------------------------------------
                                              7.750000   data required time
                                             -2.566468   data arrival time
---------------------------------------------------------------------------------------------
                                              5.183532   slack (MET)


Startpoint: reg_addr[1] (input port clocked by clk)
Endpoint: reg_rdata[6] (output port clocked by clk)
Path Group: clk
Path Type: max

Fanout         Cap        Slew       Delay        Time   Description
---------------------------------------------------------------------------------------------
                                  0.000000    0.000000   clock clk (rise edge)
                                  0.000000    0.000000   clock network delay (propagated)
                                  2.000000    2.000000 v input external delay
     3    0.009388    0.023196    0.015338    2.015338 v reg_addr[1] (in)
                                                         reg_addr[1] (net)
                      0.023204    0.000000    2.015338 v _14_/A (sky130_fd_sc_hd__nor2_2)
     8    0.023446    0.267498    0.235848    2.251186 ^ _14_/Y (sky130_fd_sc_hd__nor2_2)
                                                         _10_ (net)
                      0.267522    0.002122    2.253307 ^ _22_/B (sky130_fd_sc_hd__and2_2)
     1    0.035085    0.186110    0.307182    2.560489 ^ _22_/X (sky130_fd_sc_hd__and2_2)
                                                         reg_rdata[6] (net)
                      0.186129    0.001944    2.562433 ^ reg_rdata[6] (out)
                                              2.562433   data arrival time

                                 10.000000   10.000000   clock clk (rise edge)
                                  0.000000   10.000000   clock network delay (propagated)
                                 -0.250000    9.750000   clock uncertainty
                                  0.000000    9.750000   clock reconvergence pessimism
                                 -2.000000    7.750000   output external delay
                                              7.750000   data required time
---------------------------------------------------------------------------------------------
                                              7.750000   data required time
                                             -2.562433   data arrival time
---------------------------------------------------------------------------------------------
                                              5.187567   slack (MET)


Startpoint: reg_addr[1] (input port clocked by clk)
Endpoint: reg_rdata[7] (output port clocked by clk)
Path Group: clk
Path Type: max

Fanout         Cap        Slew       Delay        Time   Description
---------------------------------------------------------------------------------------------
                                  0.000000    0.000000   clock clk (rise edge)
                                  0.000000    0.000000   clock network delay (propagated)
                                  2.000000    2.000000 v input external delay
     3    0.009388    0.023196    0.015338    2.015338 v reg_addr[1] (in)
                                                         reg_addr[1] (net)
                      0.023204    0.000000    2.015338 v _14_/A (sky130_fd_sc_hd__nor2_2)
     8    0.023446    0.267498    0.235848    2.251186 ^ _14_/Y (sky130_fd_sc_hd__nor2_2)
                                                         _10_ (net)
                      0.267519    0.001958    2.253144 ^ _23_/B (sky130_fd_sc_hd__and2_2)
     1    0.034454    0.183437    0.305070    2.558213 ^ _23_/X (sky130_fd_sc_hd__and2_2)
                                                         reg_rdata[7] (net)
                      0.183452    0.001754    2.559968 ^ reg_rdata[7] (out)
                                              2.559968   data arrival time

                                 10.000000   10.000000   clock clk (rise edge)
                                  0.000000   10.000000   clock network delay (propagated)
                                 -0.250000    9.750000   clock uncertainty
                                  0.000000    9.750000   clock reconvergence pessimism
                                 -2.000000    7.750000   output external delay
                                              7.750000   data required time
---------------------------------------------------------------------------------------------
                                              7.750000   data required time
                                             -2.559968   data arrival time
---------------------------------------------------------------------------------------------
                                              5.190032   slack (MET)


Startpoint: reg_addr[1] (input port clocked by clk)
Endpoint: reg_rdata[5] (output port clocked by clk)
Path Group: clk
Path Type: max

Fanout         Cap        Slew       Delay        Time   Description
---------------------------------------------------------------------------------------------
                                  0.000000    0.000000   clock clk (rise edge)
                                  0.000000    0.000000   clock network delay (propagated)
                                  2.000000    2.000000 v input external delay
     3    0.009388    0.023196    0.015338    2.015338 v reg_addr[1] (in)
                                                         reg_addr[1] (net)
                      0.023204    0.000000    2.015338 v _14_/A (sky130_fd_sc_hd__nor2_2)
     8    0.023446    0.267498    0.235848    2.251186 ^ _14_/Y (sky130_fd_sc_hd__nor2_2)
                                                         _10_ (net)
                      0.267522    0.002122    2.253308 ^ _21_/B (sky130_fd_sc_hd__and2_2)
     1    0.034349    0.182939    0.304712    2.558020 ^ _21_/X (sky130_fd_sc_hd__and2_2)
                                                         reg_rdata[5] (net)
                      0.182953    0.001731    2.559751 ^ reg_rdata[5] (out)
                                              2.559751   data arrival time

                                 10.000000   10.000000   clock clk (rise edge)
                                  0.000000   10.000000   clock network delay (propagated)
                                 -0.250000    9.750000   clock uncertainty
                                  0.000000    9.750000   clock reconvergence pessimism
                                 -2.000000    7.750000   output external delay
                                              7.750000   data required time
---------------------------------------------------------------------------------------------
                                              7.750000   data required time
                                             -2.559751   data arrival time
---------------------------------------------------------------------------------------------
                                              5.190249   slack (MET)


Startpoint: core_dout (input port clocked by clk)
Endpoint: pad_dout (output port clocked by clk)
Path Group: clk
Path Type: max

Fanout         Cap        Slew       Delay        Time   Description
---------------------------------------------------------------------------------------------
                                  0.000000    0.000000   clock clk (rise edge)
                                  0.000000    0.000000   clock network delay (propagated)
                                  2.000000    2.000000 ^ input external delay
     2    0.006584    0.036258    0.023007    2.023007 ^ core_dout (in)
                                                         core_dout (net)
                      0.036259    0.000000    2.023007 ^ _46_/A (sky130_fd_sc_hd__buf_2)
     1    0.034694    0.172361    0.195247    2.218254 ^ _46_/X (sky130_fd_sc_hd__buf_2)
                                                         pad_dout (net)
                      0.172387    0.001784    2.220038 ^ pad_dout (out)
                                              2.220038   data arrival time

                                 10.000000   10.000000   clock clk (rise edge)
                                  0.000000   10.000000   clock network delay (propagated)
                                 -0.250000    9.750000   clock uncertainty
                                  0.000000    9.750000   clock reconvergence pessimism
                                 -2.000000    7.750000   output external delay
                                              7.750000   data required time
---------------------------------------------------------------------------------------------
                                              7.750000   data required time
                                             -2.220038   data arrival time
---------------------------------------------------------------------------------------------
                                              5.529962   slack (MET)


Startpoint: reg_addr[1] (input port clocked by clk)
Endpoint: _43_ (rising edge-triggered flip-flop clocked by clk)
Path Group: clk
Path Type: max

Fanout         Cap        Slew       Delay        Time   Description
---------------------------------------------------------------------------------------------
                                  0.000000    0.000000   clock clk (rise edge)
                                  0.000000    0.000000   clock network delay (propagated)
                                  2.000000    2.000000 v input external delay
     3    0.009388    0.023196    0.015288    2.015288 v reg_addr[1] (in)
                                                         reg_addr[1] (net)
                      0.023202    0.000000    2.015288 v _27_/A (sky130_fd_sc_hd__or3b_2)
     8    0.039106    0.173325    0.595044    2.610331 v _27_/X (sky130_fd_sc_hd__or3b_2)
                                                         _13_ (net)
                      0.173337    0.001596    2.611927 v _35_/S (sky130_fd_sc_hd__mux2_1)
     1    0.003974    0.061545    0.360069    2.971996 v _35_/X (sky130_fd_sc_hd__mux2_1)
                                                         _09_ (net)
                      0.061545    0.000242    2.972237 v _43_/D (sky130_fd_sc_hd__dfrtp_2)
                                              2.972237   data arrival time

                                 10.000000   10.000000   clock clk (rise edge)
                                  0.000000   10.000000   clock source latency
     1    0.012465    0.062293    0.042268   10.042268 ^ clk (in)
                                                         clk (net)
                      0.062305    0.000000   10.042268 ^ clkbuf_0_clk/A (sky130_fd_sc_hd__clkbuf_16)
     2    0.020459    0.042225    0.131771   10.174039 ^ clkbuf_0_clk/X (sky130_fd_sc_hd__clkbuf_16)
                                                         clknet_0_clk (net)
                      0.042278    0.001226   10.175264 ^ clkbuf_1_0__f_clk/A (sky130_fd_sc_hd__clkbuf_16)
     5    0.015095    0.037682    0.119592   10.294857 ^ clkbuf_1_0__f_clk/X (sky130_fd_sc_hd__clkbuf_16)
                                                         clknet_1_0__leaf_clk (net)
                      0.037689    0.000695   10.295552 ^ _43_/CLK (sky130_fd_sc_hd__dfrtp_2)
                                 -0.250000   10.045552   clock uncertainty
                                  0.000000   10.045552   clock reconvergence pessimism
                                 -0.124448    9.921104   library setup time
                                              9.921104   data required time
---------------------------------------------------------------------------------------------
                                              9.921104   data required time
                                             -2.972237   data arrival time
---------------------------------------------------------------------------------------------
                                              6.948866   slack (MET)


Startpoint: reg_addr[1] (input port clocked by clk)
Endpoint: _39_ (rising edge-triggered flip-flop clocked by clk)
Path Group: clk
Path Type: max

Fanout         Cap        Slew       Delay        Time   Description
---------------------------------------------------------------------------------------------
                                  0.000000    0.000000   clock clk (rise edge)
                                  0.000000    0.000000   clock network delay (propagated)
                                  2.000000    2.000000 v input external delay
     3    0.009388    0.023196    0.015288    2.015288 v reg_addr[1] (in)
                                                         reg_addr[1] (net)
                      0.023202    0.000000    2.015288 v _27_/A (sky130_fd_sc_hd__or3b_2)
     8    0.039106    0.173325    0.595044    2.610331 v _27_/X (sky130_fd_sc_hd__or3b_2)
                                                         _13_ (net)
                      0.173340    0.001708    2.612040 v _31_/S (sky130_fd_sc_hd__mux2_1)
     1    0.003817    0.060972    0.359026    2.971065 v _31_/X (sky130_fd_sc_hd__mux2_1)
                                                         _05_ (net)
                      0.060972    0.000256    2.971321 v _39_/D (sky130_fd_sc_hd__dfrtp_2)
                                              2.971321   data arrival time

                                 10.000000   10.000000   clock clk (rise edge)
                                  0.000000   10.000000   clock source latency
     1    0.012465    0.062293    0.042268   10.042268 ^ clk (in)
                                                         clk (net)
                      0.062305    0.000000   10.042268 ^ clkbuf_0_clk/A (sky130_fd_sc_hd__clkbuf_16)
     2    0.020459    0.042225    0.131771   10.174039 ^ clkbuf_0_clk/X (sky130_fd_sc_hd__clkbuf_16)
                                                         clknet_0_clk (net)
                      0.042278    0.001226   10.175264 ^ clkbuf_1_0__f_clk/A (sky130_fd_sc_hd__clkbuf_16)
     5    0.015095    0.037682    0.119592   10.294857 ^ clkbuf_1_0__f_clk/X (sky130_fd_sc_hd__clkbuf_16)
                                                         clknet_1_0__leaf_clk (net)
                      0.037689    0.000686   10.295543 ^ _39_/CLK (sky130_fd_sc_hd__dfrtp_2)
                                 -0.250000   10.045543   clock uncertainty
                                  0.000000   10.045543   clock reconvergence pessimism
                                 -0.124197    9.921346   library setup time
                                              9.921346   data required time
---------------------------------------------------------------------------------------------
                                              9.921346   data required time
                                             -2.971321   data arrival time
---------------------------------------------------------------------------------------------
                                              6.950025   slack (MET)


Startpoint: reg_addr[1] (input port clocked by clk)
Endpoint: _36_ (rising edge-triggered flip-flop clocked by clk)
Path Group: clk
Path Type: max

Fanout         Cap        Slew       Delay        Time   Description
---------------------------------------------------------------------------------------------
                                  0.000000    0.000000   clock clk (rise edge)
                                  0.000000    0.000000   clock network delay (propagated)
                                  2.000000    2.000000 v input external delay
     3    0.009388    0.023196    0.015288    2.015288 v reg_addr[1] (in)
                                                         reg_addr[1] (net)
                      0.023202    0.000000    2.015288 v _27_/A (sky130_fd_sc_hd__or3b_2)
     8    0.039106    0.173325    0.595044    2.610331 v _27_/X (sky130_fd_sc_hd__or3b_2)
                                                         _13_ (net)
                      0.173371    0.002644    2.612975 v _28_/S (sky130_fd_sc_hd__mux2_1)
     1    0.003612    0.060152    0.357686    2.970661 v _28_/X (sky130_fd_sc_hd__mux2_1)
                                                         _02_ (net)
                      0.060152    0.000247    2.970908 v _36_/D (sky130_fd_sc_hd__dfrtp_2)
                                              2.970908   data arrival time

                                 10.000000   10.000000   clock clk (rise edge)
                                  0.000000   10.000000   clock source latency
     1    0.012465    0.062293    0.042268   10.042268 ^ clk (in)
                                                         clk (net)
                      0.062305    0.000000   10.042268 ^ clkbuf_0_clk/A (sky130_fd_sc_hd__clkbuf_16)
     2    0.020459    0.042225    0.131771   10.174039 ^ clkbuf_0_clk/X (sky130_fd_sc_hd__clkbuf_16)
                                                         clknet_0_clk (net)
                      0.042282    0.001275   10.175313 ^ clkbuf_1_1__f_clk/A (sky130_fd_sc_hd__clkbuf_16)
     6    0.018024    0.040225    0.122006   10.297319 ^ clkbuf_1_1__f_clk/X (sky130_fd_sc_hd__clkbuf_16)
                                                         clknet_1_1__leaf_clk (net)
                      0.040250    0.001609   10.298929 ^ _36_/CLK (sky130_fd_sc_hd__dfrtp_2)
                                 -0.250000   10.048929   clock uncertainty
                                  0.000000   10.048929   clock reconvergence pessimism
                                 -0.123243    9.925686   library setup time
                                              9.925686   data required time
---------------------------------------------------------------------------------------------
                                              9.925686   data required time
                                             -2.970908   data arrival time
---------------------------------------------------------------------------------------------
                                              6.954778   slack (MET)


Startpoint: reg_addr[1] (input port clocked by clk)
Endpoint: _41_ (rising edge-triggered flip-flop clocked by clk)
Path Group: clk
Path Type: max

Fanout         Cap        Slew       Delay        Time   Description
---------------------------------------------------------------------------------------------
                                  0.000000    0.000000   clock clk (rise edge)
                                  0.000000    0.000000   clock network delay (propagated)
                                  2.000000    2.000000 v input external delay
     3    0.009388    0.023196    0.015288    2.015288 v reg_addr[1] (in)
                                                         reg_addr[1] (net)
                      0.023202    0.000000    2.015288 v _27_/A (sky130_fd_sc_hd__or3b_2)
     8    0.039106    0.173325    0.595044    2.610331 v _27_/X (sky130_fd_sc_hd__or3b_2)
                                                         _13_ (net)
                      0.173354    0.002208    2.612539 v _33_/S (sky130_fd_sc_hd__mux2_1)
     1    0.003390    0.058811    0.355866    2.968405 v _33_/X (sky130_fd_sc_hd__mux2_1)
                                                         _07_ (net)
                      0.058811    0.000218    2.968623 v _41_/D (sky130_fd_sc_hd__dfrtp_2)
                                              2.968623   data arrival time

                                 10.000000   10.000000   clock clk (rise edge)
                                  0.000000   10.000000   clock source latency
     1    0.012465    0.062293    0.042268   10.042268 ^ clk (in)
                                                         clk (net)
                      0.062305    0.000000   10.042268 ^ clkbuf_0_clk/A (sky130_fd_sc_hd__clkbuf_16)
     2    0.020459    0.042225    0.131771   10.174039 ^ clkbuf_0_clk/X (sky130_fd_sc_hd__clkbuf_16)
                                                         clknet_0_clk (net)
                      0.042282    0.001275   10.175313 ^ clkbuf_1_1__f_clk/A (sky130_fd_sc_hd__clkbuf_16)
     6    0.018024    0.040225    0.122006   10.297319 ^ clkbuf_1_1__f_clk/X (sky130_fd_sc_hd__clkbuf_16)
                                                         clknet_1_1__leaf_clk (net)
                      0.040260    0.001927   10.299247 ^ _41_/CLK (sky130_fd_sc_hd__dfrtp_2)
                                 -0.250000   10.049247   clock uncertainty
                                  0.000000   10.049247   clock reconvergence pessimism
                                 -0.122653    9.926594   library setup time
                                              9.926594   data required time
---------------------------------------------------------------------------------------------
                                              9.926594   data required time
                                             -2.968623   data arrival time
---------------------------------------------------------------------------------------------
                                              6.957971   slack (MET)


Startpoint: reg_addr[1] (input port clocked by clk)
Endpoint: _38_ (rising edge-triggered flip-flop clocked by clk)
Path Group: clk
Path Type: max

Fanout         Cap        Slew       Delay        Time   Description
---------------------------------------------------------------------------------------------
                                  0.000000    0.000000   clock clk (rise edge)
                                  0.000000    0.000000   clock network delay (propagated)
                                  2.000000    2.000000 v input external delay
     3    0.009388    0.023196    0.015288    2.015288 v reg_addr[1] (in)
                                                         reg_addr[1] (net)
                      0.023202    0.000000    2.015288 v _27_/A (sky130_fd_sc_hd__or3b_2)
     8    0.039106    0.173325    0.595044    2.610331 v _27_/X (sky130_fd_sc_hd__or3b_2)
                                                         _13_ (net)
                      0.173330    0.001254    2.611585 v _30_/S (sky130_fd_sc_hd__mux2_1)
     1    0.002937    0.056137    0.351635    2.963220 v _30_/X (sky130_fd_sc_hd__mux2_1)
                                                         _04_ (net)
                      0.056137    0.000188    2.963407 v _38_/D (sky130_fd_sc_hd__dfrtp_2)
                                              2.963407   data arrival time

                                 10.000000   10.000000   clock clk (rise edge)
                                  0.000000   10.000000   clock source latency
     1    0.012465    0.062293    0.042268   10.042268 ^ clk (in)
                                                         clk (net)
                      0.062305    0.000000   10.042268 ^ clkbuf_0_clk/A (sky130_fd_sc_hd__clkbuf_16)
     2    0.020459    0.042225    0.131771   10.174039 ^ clkbuf_0_clk/X (sky130_fd_sc_hd__clkbuf_16)
                                                         clknet_0_clk (net)
                      0.042278    0.001226   10.175264 ^ clkbuf_1_0__f_clk/A (sky130_fd_sc_hd__clkbuf_16)
     5    0.015095    0.037682    0.119592   10.294857 ^ clkbuf_1_0__f_clk/X (sky130_fd_sc_hd__clkbuf_16)
                                                         clknet_1_0__leaf_clk (net)
                      0.037682    0.000647   10.295505 ^ _38_/CLK (sky130_fd_sc_hd__dfrtp_2)
                                 -0.250000   10.045505   clock uncertainty
                                  0.000000   10.045505   clock reconvergence pessimism
                                 -0.122076    9.923429   library setup time
                                              9.923429   data required time
---------------------------------------------------------------------------------------------
                                              9.923429   data required time
                                             -2.963407   data arrival time
---------------------------------------------------------------------------------------------
                                              6.960021   slack (MET)


Startpoint: reg_addr[1] (input port clocked by clk)
Endpoint: _42_ (rising edge-triggered flip-flop clocked by clk)
Path Group: clk
Path Type: max

Fanout         Cap        Slew       Delay        Time   Description
---------------------------------------------------------------------------------------------
                                  0.000000    0.000000   clock clk (rise edge)
                                  0.000000    0.000000   clock network delay (propagated)
                                  2.000000    2.000000 v input external delay
     3    0.009388    0.023196    0.015288    2.015288 v reg_addr[1] (in)
                                                         reg_addr[1] (net)
                      0.023202    0.000000    2.015288 v _27_/A (sky130_fd_sc_hd__or3b_2)
     8    0.039106    0.173325    0.595044    2.610331 v _27_/X (sky130_fd_sc_hd__or3b_2)
                                                         _13_ (net)
                      0.173368    0.002572    2.612903 v _34_/S (sky130_fd_sc_hd__mux2_1)
     1    0.003110    0.057197    0.353254    2.966157 v _34_/X (sky130_fd_sc_hd__mux2_1)
                                                         _08_ (net)
                      0.057197    0.000214    2.966371 v _42_/D (sky130_fd_sc_hd__dfrtp_2)
                                              2.966371   data arrival time

                                 10.000000   10.000000   clock clk (rise edge)
                                  0.000000   10.000000   clock source latency
     1    0.012465    0.062293    0.042268   10.042268 ^ clk (in)
                                                         clk (net)
                      0.062305    0.000000   10.042268 ^ clkbuf_0_clk/A (sky130_fd_sc_hd__clkbuf_16)
     2    0.020459    0.042225    0.131771   10.174039 ^ clkbuf_0_clk/X (sky130_fd_sc_hd__clkbuf_16)
                                                         clknet_0_clk (net)
                      0.042282    0.001275   10.175313 ^ clkbuf_1_1__f_clk/A (sky130_fd_sc_hd__clkbuf_16)
     6    0.018024    0.040225    0.122006   10.297319 ^ clkbuf_1_1__f_clk/X (sky130_fd_sc_hd__clkbuf_16)
                                                         clknet_1_1__leaf_clk (net)
                      0.040239    0.001109   10.298429 ^ _42_/CLK (sky130_fd_sc_hd__dfrtp_2)
                                 -0.250000   10.048429   clock uncertainty
                                  0.000000   10.048429   clock reconvergence pessimism
                                 -0.121949    9.926480   library setup time
                                              9.926480   data required time
---------------------------------------------------------------------------------------------
                                              9.926480   data required time
                                             -2.966371   data arrival time
---------------------------------------------------------------------------------------------
                                              6.960110   slack (MET)


Startpoint: _42_ (rising edge-triggered flip-flop clocked by clk)
Endpoint: pad_schmitt_en (output port clocked by clk)
Path Group: clk
Path Type: max

Fanout         Cap        Slew       Delay        Time   Description
---------------------------------------------------------------------------------------------
                                  0.000000    0.000000   clock clk (rise edge)
                                  0.000000    0.000000   clock source latency
     1    0.012465    0.062293    0.042267    0.042267 ^ clk (in)
                                                         clk (net)
                      0.062305    0.000000    0.042267 ^ clkbuf_0_clk/A (sky130_fd_sc_hd__clkbuf_16)
     2    0.020459    0.042225    0.131772    0.174039 ^ clkbuf_0_clk/X (sky130_fd_sc_hd__clkbuf_16)
                                                         clknet_0_clk (net)
                      0.042282    0.001274    0.175313 ^ clkbuf_1_1__f_clk/A (sky130_fd_sc_hd__clkbuf_16)
     6    0.018024    0.040225    0.122007    0.297319 ^ clkbuf_1_1__f_clk/X (sky130_fd_sc_hd__clkbuf_16)
                                                         clknet_1_1__leaf_clk (net)
                      0.040239    0.001110    0.298429 ^ _42_/CLK (sky130_fd_sc_hd__dfrtp_2)
     3    0.044783    0.130360    0.487685    0.786114 v _42_/Q (sky130_fd_sc_hd__dfrtp_2)
                                                         pad_schmitt_en (net)
                      0.130418    0.002559    0.788673 v pad_schmitt_en (out)
                                              0.788673   data arrival time

                                 10.000000   10.000000   clock clk (rise edge)
                                  0.000000   10.000000   clock network delay (propagated)
                                 -0.250000    9.750000   clock uncertainty
                                  0.000000    9.750000   clock reconvergence pessimism
                                 -2.000000    7.750000   output external delay
                                              7.750000   data required time
---------------------------------------------------------------------------------------------
                                              7.750000   data required time
                                             -0.788673   data arrival time
---------------------------------------------------------------------------------------------
                                              6.961327   slack (MET)


Startpoint: _40_ (rising edge-triggered flip-flop clocked by clk)
Endpoint: pad_slew[1] (output port clocked by clk)
Path Group: clk
Path Type: max

Fanout         Cap        Slew       Delay        Time   Description
---------------------------------------------------------------------------------------------
                                  0.000000    0.000000   clock clk (rise edge)
                                  0.000000    0.000000   clock source latency
     1    0.012465    0.062293    0.042267    0.042267 ^ clk (in)
                                                         clk (net)
                      0.062305    0.000000    0.042267 ^ clkbuf_0_clk/A (sky130_fd_sc_hd__clkbuf_16)
     2    0.020459    0.042225    0.131772    0.174039 ^ clkbuf_0_clk/X (sky130_fd_sc_hd__clkbuf_16)
                                                         clknet_0_clk (net)
                      0.042282    0.001274    0.175313 ^ clkbuf_1_1__f_clk/A (sky130_fd_sc_hd__clkbuf_16)
     6    0.018024    0.040225    0.122007    0.297319 ^ clkbuf_1_1__f_clk/X (sky130_fd_sc_hd__clkbuf_16)
                                                         clknet_1_1__leaf_clk (net)
                      0.040250    0.001601    0.298921 ^ _40_/CLK (sky130_fd_sc_hd__dfrtp_2)
     3    0.043123    0.127524    0.483657    0.782578 v _40_/Q (sky130_fd_sc_hd__dfrtp_2)
                                                         pad_slew[1] (net)
                      0.127708    0.004285    0.786863 v pad_slew[1] (out)
                                              0.786863   data arrival time

                                 10.000000   10.000000   clock clk (rise edge)
                                  0.000000   10.000000   clock network delay (propagated)
                                 -0.250000    9.750000   clock uncertainty
                                  0.000000    9.750000   clock reconvergence pessimism
                                 -2.000000    7.750000   output external delay
                                              7.750000   data required time
---------------------------------------------------------------------------------------------
                                              7.750000   data required time
                                             -0.786863   data arrival time
---------------------------------------------------------------------------------------------
                                              6.963137   slack (MET)


Startpoint: reg_addr[1] (input port clocked by clk)
Endpoint: _40_ (rising edge-triggered flip-flop clocked by clk)
Path Group: clk
Path Type: max

Fanout         Cap        Slew       Delay        Time   Description
---------------------------------------------------------------------------------------------
                                  0.000000    0.000000   clock clk (rise edge)
                                  0.000000    0.000000   clock network delay (propagated)
                                  2.000000    2.000000 v input external delay
     3    0.009388    0.023196    0.015288    2.015288 v reg_addr[1] (in)
                                                         reg_addr[1] (net)
                      0.023202    0.000000    2.015288 v _27_/A (sky130_fd_sc_hd__or3b_2)
     8    0.039106    0.173325    0.595044    2.610331 v _27_/X (sky130_fd_sc_hd__or3b_2)
                                                         _13_ (net)
                      0.173356    0.002263    2.612594 v _32_/S (sky130_fd_sc_hd__mux2_1)
     1    0.002780    0.055200    0.350163    2.962758 v _32_/X (sky130_fd_sc_hd__mux2_1)
                                                         _06_ (net)
                      0.055200    0.000203    2.962961 v _40_/D (sky130_fd_sc_hd__dfrtp_2)
                                              2.962961   data arrival time

                                 10.000000   10.000000   clock clk (rise edge)
                                  0.000000   10.000000   clock source latency
     1    0.012465    0.062293    0.042268   10.042268 ^ clk (in)
                                                         clk (net)
                      0.062305    0.000000   10.042268 ^ clkbuf_0_clk/A (sky130_fd_sc_hd__clkbuf_16)
     2    0.020459    0.042225    0.131771   10.174039 ^ clkbuf_0_clk/X (sky130_fd_sc_hd__clkbuf_16)
                                                         clknet_0_clk (net)
                      0.042282    0.001275   10.175313 ^ clkbuf_1_1__f_clk/A (sky130_fd_sc_hd__clkbuf_16)
     6    0.018024    0.040225    0.122006   10.297319 ^ clkbuf_1_1__f_clk/X (sky130_fd_sc_hd__clkbuf_16)
                                                         clknet_1_1__leaf_clk (net)
                      0.040250    0.001601   10.298922 ^ _40_/CLK (sky130_fd_sc_hd__dfrtp_2)
                                 -0.250000   10.048921   clock uncertainty
                                  0.000000   10.048921   clock reconvergence pessimism
                                 -0.121070    9.927852   library setup time
                                              9.927852   data required time
---------------------------------------------------------------------------------------------
                                              9.927852   data required time
                                             -2.962961   data arrival time
---------------------------------------------------------------------------------------------
                                              6.964891   slack (MET)


Startpoint: _39_ (rising edge-triggered flip-flop clocked by clk)
Endpoint: pad_slew[0] (output port clocked by clk)
Path Group: clk
Path Type: max

Fanout         Cap        Slew       Delay        Time   Description
---------------------------------------------------------------------------------------------
                                  0.000000    0.000000   clock clk (rise edge)
                                  0.000000    0.000000   clock source latency
     1    0.012465    0.062293    0.042267    0.042267 ^ clk (in)
                                                         clk (net)
                      0.062305    0.000000    0.042267 ^ clkbuf_0_clk/A (sky130_fd_sc_hd__clkbuf_16)
     2    0.020459    0.042225    0.131772    0.174039 ^ clkbuf_0_clk/X (sky130_fd_sc_hd__clkbuf_16)
                                                         clknet_0_clk (net)
                      0.042278    0.001225    0.175264 ^ clkbuf_1_0__f_clk/A (sky130_fd_sc_hd__clkbuf_16)
     5    0.015095    0.037682    0.119592    0.294856 ^ clkbuf_1_0__f_clk/X (sky130_fd_sc_hd__clkbuf_16)
                                                         clknet_1_0__leaf_clk (net)
                      0.037689    0.000686    0.295542 ^ _39_/CLK (sky130_fd_sc_hd__dfrtp_2)
     3    0.044883    0.130524    0.487153    0.782696 v _39_/Q (sky130_fd_sc_hd__dfrtp_2)
                                                         pad_slew[0] (net)
                      0.130566    0.002235    0.784931 v pad_slew[0] (out)
                                              0.784931   data arrival time

                                 10.000000   10.000000   clock clk (rise edge)
                                  0.000000   10.000000   clock network delay (propagated)
                                 -0.250000    9.750000   clock uncertainty
                                  0.000000    9.750000   clock reconvergence pessimism
                                 -2.000000    7.750000   output external delay
                                              7.750000   data required time
---------------------------------------------------------------------------------------------
                                              7.750000   data required time
                                             -0.784931   data arrival time
---------------------------------------------------------------------------------------------
                                              6.965069   slack (MET)


Startpoint: _36_ (rising edge-triggered flip-flop clocked by clk)
Endpoint: pad_oe (output port clocked by clk)
Path Group: clk
Path Type: max

Fanout         Cap        Slew       Delay        Time   Description
---------------------------------------------------------------------------------------------
                                  0.000000    0.000000   clock clk (rise edge)
                                  0.000000    0.000000   clock source latency
     1    0.012465    0.062293    0.042267    0.042267 ^ clk (in)
                                                         clk (net)
                      0.062305    0.000000    0.042267 ^ clkbuf_0_clk/A (sky130_fd_sc_hd__clkbuf_16)
     2    0.020459    0.042225    0.131772    0.174039 ^ clkbuf_0_clk/X (sky130_fd_sc_hd__clkbuf_16)
                                                         clknet_0_clk (net)
                      0.042282    0.001274    0.175313 ^ clkbuf_1_1__f_clk/A (sky130_fd_sc_hd__clkbuf_16)
     6    0.018024    0.040225    0.122007    0.297319 ^ clkbuf_1_1__f_clk/X (sky130_fd_sc_hd__clkbuf_16)
                                                         clknet_1_1__leaf_clk (net)
                      0.040250    0.001609    0.298929 ^ _36_/CLK (sky130_fd_sc_hd__dfrtp_2)
     3    0.041761    0.123887    0.482507    0.781435 v _36_/Q (sky130_fd_sc_hd__dfrtp_2)
                                                         pad_oe (net)
                      0.123922    0.002016    0.783451 v pad_oe (out)
                                              0.783451   data arrival time

                                 10.000000   10.000000   clock clk (rise edge)
                                  0.000000   10.000000   clock network delay (propagated)
                                 -0.250000    9.750000   clock uncertainty
                                  0.000000    9.750000   clock reconvergence pessimism
                                 -2.000000    7.750000   output external delay
                                              7.750000   data required time
---------------------------------------------------------------------------------------------
                                              7.750000   data required time
                                             -0.783451   data arrival time
---------------------------------------------------------------------------------------------
                                              6.966549   slack (MET)


Startpoint: reg_addr[1] (input port clocked by clk)
Endpoint: _37_ (rising edge-triggered flip-flop clocked by clk)
Path Group: clk
Path Type: max

Fanout         Cap        Slew       Delay        Time   Description
---------------------------------------------------------------------------------------------
                                  0.000000    0.000000   clock clk (rise edge)
                                  0.000000    0.000000   clock network delay (propagated)
                                  2.000000    2.000000 v input external delay
     3    0.009388    0.023196    0.015288    2.015288 v reg_addr[1] (in)
                                                         reg_addr[1] (net)
                      0.023202    0.000000    2.015288 v _27_/A (sky130_fd_sc_hd__or3b_2)
     8    0.039106    0.173325    0.595044    2.610331 v _27_/X (sky130_fd_sc_hd__or3b_2)
                                                         _13_ (net)
                      0.173329    0.001121    2.611452 v _29_/S (sky130_fd_sc_hd__mux2_1)
     1    0.002405    0.053099    0.346663    2.958115 v _29_/X (sky130_fd_sc_hd__mux2_1)
                                                         _03_ (net)
                      0.053099    0.000168    2.958283 v _37_/D (sky130_fd_sc_hd__dfrtp_2)
                                              2.958283   data arrival time

                                 10.000000   10.000000   clock clk (rise edge)
                                  0.000000   10.000000   clock source latency
     1    0.012465    0.062293    0.042268   10.042268 ^ clk (in)
                                                         clk (net)
                      0.062305    0.000000   10.042268 ^ clkbuf_0_clk/A (sky130_fd_sc_hd__clkbuf_16)
     2    0.020459    0.042225    0.131771   10.174039 ^ clkbuf_0_clk/X (sky130_fd_sc_hd__clkbuf_16)
                                                         clknet_0_clk (net)
                      0.042278    0.001226   10.175264 ^ clkbuf_1_0__f_clk/A (sky130_fd_sc_hd__clkbuf_16)
     5    0.015095    0.037682    0.119592   10.294857 ^ clkbuf_1_0__f_clk/X (sky130_fd_sc_hd__clkbuf_16)
                                                         clknet_1_0__leaf_clk (net)
                      0.037689    0.000713   10.295570 ^ _37_/CLK (sky130_fd_sc_hd__dfrtp_2)
                                 -0.250000   10.045570   clock uncertainty
                                  0.000000   10.045570   clock reconvergence pessimism
                                 -0.120740    9.924829   library setup time
                                              9.924829   data required time
---------------------------------------------------------------------------------------------
                                              9.924829   data required time
                                             -2.958283   data arrival time
---------------------------------------------------------------------------------------------
                                              6.966547   slack (MET)


Startpoint: _44_ (rising edge-triggered flip-flop clocked by clk)
Endpoint: core_din (output port clocked by clk)
Path Group: clk
Path Type: max

Fanout         Cap        Slew       Delay        Time   Description
---------------------------------------------------------------------------------------------
                                  0.000000    0.000000   clock clk (rise edge)
                                  0.000000    0.000000   clock source latency
     1    0.012465    0.062293    0.042267    0.042267 ^ clk (in)
                                                         clk (net)
                      0.062305    0.000000    0.042267 ^ clkbuf_0_clk/A (sky130_fd_sc_hd__clkbuf_16)
     2    0.020459    0.042225    0.131772    0.174039 ^ clkbuf_0_clk/X (sky130_fd_sc_hd__clkbuf_16)
                                                         clknet_0_clk (net)
                      0.042282    0.001274    0.175313 ^ clkbuf_1_1__f_clk/A (sky130_fd_sc_hd__clkbuf_16)
     6    0.018024    0.040225    0.122007    0.297319 ^ clkbuf_1_1__f_clk/X (sky130_fd_sc_hd__clkbuf_16)
                                                         clknet_1_1__leaf_clk (net)
                      0.040257    0.001851    0.299171 ^ _44_/CLK (sky130_fd_sc_hd__dfrtp_2)
     2    0.041119    0.122594    0.480924    0.780095 v _44_/Q (sky130_fd_sc_hd__dfrtp_2)
                                                         core_din (net)
                      0.122668    0.002779    0.782874 v core_din (out)
                                              0.782874   data arrival time

                                 10.000000   10.000000   clock clk (rise edge)
                                  0.000000   10.000000   clock network delay (propagated)
                                 -0.250000    9.750000   clock uncertainty
                                  0.000000    9.750000   clock reconvergence pessimism
                                 -2.000000    7.750000   output external delay
                                              7.750000   data required time
---------------------------------------------------------------------------------------------
                                              7.750000   data required time
                                             -0.782874   data arrival time
---------------------------------------------------------------------------------------------
                                              6.967126   slack (MET)


Startpoint: _38_ (rising edge-triggered flip-flop clocked by clk)
Endpoint: pad_pd_en (output port clocked by clk)
Path Group: clk
Path Type: max

Fanout         Cap        Slew       Delay        Time   Description
---------------------------------------------------------------------------------------------
                                  0.000000    0.000000   clock clk (rise edge)
                                  0.000000    0.000000   clock source latency
     1    0.012465    0.062293    0.042267    0.042267 ^ clk (in)
                                                         clk (net)
                      0.062305    0.000000    0.042267 ^ clkbuf_0_clk/A (sky130_fd_sc_hd__clkbuf_16)
     2    0.020459    0.042225    0.131772    0.174039 ^ clkbuf_0_clk/X (sky130_fd_sc_hd__clkbuf_16)
                                                         clknet_0_clk (net)
                      0.042278    0.001225    0.175264 ^ clkbuf_1_0__f_clk/A (sky130_fd_sc_hd__clkbuf_16)
     5    0.015095    0.037682    0.119592    0.294856 ^ clkbuf_1_0__f_clk/X (sky130_fd_sc_hd__clkbuf_16)
                                                         clknet_1_0__leaf_clk (net)
                      0.037682    0.000648    0.295504 ^ _38_/CLK (sky130_fd_sc_hd__dfrtp_2)
     3    0.043017    0.126597    0.483499    0.779003 v _38_/Q (sky130_fd_sc_hd__dfrtp_2)
                                                         pad_pd_en (net)
                      0.126663    0.002678    0.781682 v pad_pd_en (out)
                                              0.781682   data arrival time

                                 10.000000   10.000000   clock clk (rise edge)
                                  0.000000   10.000000   clock network delay (propagated)
                                 -0.250000    9.750000   clock uncertainty
                                  0.000000    9.750000   clock reconvergence pessimism
                                 -2.000000    7.750000   output external delay
                                              7.750000   data required time
---------------------------------------------------------------------------------------------
                                              7.750000   data required time
                                             -0.781682   data arrival time
---------------------------------------------------------------------------------------------
                                              6.968318   slack (MET)


Startpoint: _37_ (rising edge-triggered flip-flop clocked by clk)
Endpoint: pad_pu_en (output port clocked by clk)
Path Group: clk
Path Type: max

Fanout         Cap        Slew       Delay        Time   Description
---------------------------------------------------------------------------------------------
                                  0.000000    0.000000   clock clk (rise edge)
                                  0.000000    0.000000   clock source latency
     1    0.012465    0.062293    0.042267    0.042267 ^ clk (in)
                                                         clk (net)
                      0.062305    0.000000    0.042267 ^ clkbuf_0_clk/A (sky130_fd_sc_hd__clkbuf_16)
     2    0.020459    0.042225    0.131772    0.174039 ^ clkbuf_0_clk/X (sky130_fd_sc_hd__clkbuf_16)
                                                         clknet_0_clk (net)
                      0.042278    0.001225    0.175264 ^ clkbuf_1_0__f_clk/A (sky130_fd_sc_hd__clkbuf_16)
     5    0.015095    0.037682    0.119592    0.294856 ^ clkbuf_1_0__f_clk/X (sky130_fd_sc_hd__clkbuf_16)
                                                         clknet_1_0__leaf_clk (net)
                      0.037689    0.000713    0.295570 ^ _37_/CLK (sky130_fd_sc_hd__dfrtp_2)
     3    0.041476    0.123293    0.480929    0.776498 v _37_/Q (sky130_fd_sc_hd__dfrtp_2)
                                                         pad_pu_en (net)
                      0.123338    0.002238    0.778737 v pad_pu_en (out)
                                              0.778737   data arrival time

                                 10.000000   10.000000   clock clk (rise edge)
                                  0.000000   10.000000   clock network delay (propagated)
                                 -0.250000    9.750000   clock uncertainty
                                  0.000000    9.750000   clock reconvergence pessimism
                                 -2.000000    7.750000   output external delay
                                              7.750000   data required time
---------------------------------------------------------------------------------------------
                                              7.750000   data required time
                                             -0.778737   data arrival time
---------------------------------------------------------------------------------------------
                                              6.971263   slack (MET)


Startpoint: core_dout (input port clocked by clk)
Endpoint: _45_ (rising edge-triggered flip-flop clocked by clk)
Path Group: clk
Path Type: max

Fanout         Cap        Slew       Delay        Time   Description
---------------------------------------------------------------------------------------------
                                  0.000000    0.000000   clock clk (rise edge)
                                  0.000000    0.000000   clock network delay (propagated)
                                  2.000000    2.000000 v input external delay
     2    0.006265    0.016366    0.010228    2.010228 v core_dout (in)
                                                         core_dout (net)
                      0.016370    0.000000    2.010228 v _25_/A1 (sky130_fd_sc_hd__mux2_1)
     1    0.001737    0.049599    0.270334    2.280561 v _25_/X (sky130_fd_sc_hd__mux2_1)
                                                         _12_ (net)
                      0.049599    0.000122    2.280684 v _26_/B (sky130_fd_sc_hd__and2_2)
     1    0.002888    0.036640    0.184565    2.465249 v _26_/X (sky130_fd_sc_hd__and2_2)
                                                         _01_ (net)
                      0.036640    0.000187    2.465436 v _45_/D (sky130_fd_sc_hd__dfrtp_2)
                                              2.465436   data arrival time

                                 10.000000   10.000000   clock clk (rise edge)
                                  0.000000   10.000000   clock source latency
     1    0.012465    0.062293    0.042268   10.042268 ^ clk (in)
                                                         clk (net)
                      0.062305    0.000000   10.042268 ^ clkbuf_0_clk/A (sky130_fd_sc_hd__clkbuf_16)
     2    0.020459    0.042225    0.131771   10.174039 ^ clkbuf_0_clk/X (sky130_fd_sc_hd__clkbuf_16)
                                                         clknet_0_clk (net)
                      0.042282    0.001275   10.175313 ^ clkbuf_1_1__f_clk/A (sky130_fd_sc_hd__clkbuf_16)
     6    0.018024    0.040225    0.122006   10.297319 ^ clkbuf_1_1__f_clk/X (sky130_fd_sc_hd__clkbuf_16)
                                                         clknet_1_1__leaf_clk (net)
                      0.040260    0.001935   10.299255 ^ _45_/CLK (sky130_fd_sc_hd__dfrtp_2)
                                 -0.250000   10.049255   clock uncertainty
                                  0.000000   10.049255   clock reconvergence pessimism
                                 -0.112921    9.936334   library setup time
                                              9.936334   data required time
---------------------------------------------------------------------------------------------
                                              9.936334   data required time
                                             -2.465436   data arrival time
---------------------------------------------------------------------------------------------
                                              7.470897   slack (MET)


Startpoint: rst_n (input port clocked by clk)
Endpoint: _38_ (recovery check against rising-edge clock clk)
Path Group: asynchronous
Path Type: max

Fanout         Cap        Slew       Delay        Time   Description
---------------------------------------------------------------------------------------------
                                  0.000000    0.000000   clock clk (rise edge)
                                  0.000000    0.000000   clock network delay (propagated)
                                  2.000000    2.000000 ^ input external delay
    10    0.048353    0.221848    0.154859    2.154859 ^ rst_n (in)
                                                         rst_n (net)
                      0.221906    0.000000    2.154859 ^ _38_/RESET_B (sky130_fd_sc_hd__dfrtp_2)
                                              2.154859   data arrival time

                                 10.000000   10.000000   clock clk (rise edge)
                                  0.000000   10.000000   clock source latency
     1    0.012465    0.062293    0.042268   10.042268 ^ clk (in)
                                                         clk (net)
                      0.062305    0.000000   10.042268 ^ clkbuf_0_clk/A (sky130_fd_sc_hd__clkbuf_16)
     2    0.020459    0.042225    0.131771   10.174039 ^ clkbuf_0_clk/X (sky130_fd_sc_hd__clkbuf_16)
                                                         clknet_0_clk (net)
                      0.042278    0.001226   10.175264 ^ clkbuf_1_0__f_clk/A (sky130_fd_sc_hd__clkbuf_16)
     5    0.015095    0.037682    0.119592   10.294857 ^ clkbuf_1_0__f_clk/X (sky130_fd_sc_hd__clkbuf_16)
                                                         clknet_1_0__leaf_clk (net)
                      0.037682    0.000647   10.295505 ^ _38_/CLK (sky130_fd_sc_hd__dfrtp_2)
                                 -0.250000   10.045505   clock uncertainty
                                  0.000000   10.045505   clock reconvergence pessimism
                                  0.164084   10.209588   library recovery time
                                             10.209588   data required time
---------------------------------------------------------------------------------------------
                                             10.209588   data required time
                                             -2.154859   data arrival time
---------------------------------------------------------------------------------------------
                                              8.054729   slack (MET)


Startpoint: rst_n (input port clocked by clk)
Endpoint: _37_ (recovery check against rising-edge clock clk)
Path Group: asynchronous
Path Type: max

Fanout         Cap        Slew       Delay        Time   Description
---------------------------------------------------------------------------------------------
                                  0.000000    0.000000   clock clk (rise edge)
                                  0.000000    0.000000   clock network delay (propagated)
                                  2.000000    2.000000 ^ input external delay
    10    0.048353    0.221848    0.154868    2.154868 ^ rst_n (in)
                                                         rst_n (net)
                      0.221907    0.000000    2.154868 ^ _37_/RESET_B (sky130_fd_sc_hd__dfrtp_2)
                                              2.154868   data arrival time

                                 10.000000   10.000000   clock clk (rise edge)
                                  0.000000   10.000000   clock source latency
     1    0.012465    0.062293    0.042268   10.042268 ^ clk (in)
                                                         clk (net)
                      0.062305    0.000000   10.042268 ^ clkbuf_0_clk/A (sky130_fd_sc_hd__clkbuf_16)
     2    0.020459    0.042225    0.131771   10.174039 ^ clkbuf_0_clk/X (sky130_fd_sc_hd__clkbuf_16)
                                                         clknet_0_clk (net)
                      0.042278    0.001226   10.175264 ^ clkbuf_1_0__f_clk/A (sky130_fd_sc_hd__clkbuf_16)
     5    0.015095    0.037682    0.119592   10.294857 ^ clkbuf_1_0__f_clk/X (sky130_fd_sc_hd__clkbuf_16)
                                                         clknet_1_0__leaf_clk (net)
                      0.037689    0.000713   10.295570 ^ _37_/CLK (sky130_fd_sc_hd__dfrtp_2)
                                 -0.250000   10.045570   clock uncertainty
                                  0.000000   10.045570   clock reconvergence pessimism
                                  0.164086   10.209656   library recovery time
                                             10.209656   data required time
---------------------------------------------------------------------------------------------
                                             10.209656   data required time
                                             -2.154868   data arrival time
---------------------------------------------------------------------------------------------
                                              8.054789   slack (MET)


Startpoint: rst_n (input port clocked by clk)
Endpoint: _39_ (recovery check against rising-edge clock clk)
Path Group: asynchronous
Path Type: max

Fanout         Cap        Slew       Delay        Time   Description
---------------------------------------------------------------------------------------------
                                  0.000000    0.000000   clock clk (rise edge)
                                  0.000000    0.000000   clock network delay (propagated)
                                  2.000000    2.000000 ^ input external delay
    10    0.048353    0.221848    0.153208    2.153208 ^ rst_n (in)
                                                         rst_n (net)
                      0.221859    0.000000    2.153208 ^ _39_/RESET_B (sky130_fd_sc_hd__dfrtp_2)
                                              2.153208   data arrival time

                                 10.000000   10.000000   clock clk (rise edge)
                                  0.000000   10.000000   clock source latency
     1    0.012465    0.062293    0.042268   10.042268 ^ clk (in)
                                                         clk (net)
                      0.062305    0.000000   10.042268 ^ clkbuf_0_clk/A (sky130_fd_sc_hd__clkbuf_16)
     2    0.020459    0.042225    0.131771   10.174039 ^ clkbuf_0_clk/X (sky130_fd_sc_hd__clkbuf_16)
                                                         clknet_0_clk (net)
                      0.042278    0.001226   10.175264 ^ clkbuf_1_0__f_clk/A (sky130_fd_sc_hd__clkbuf_16)
     5    0.015095    0.037682    0.119592   10.294857 ^ clkbuf_1_0__f_clk/X (sky130_fd_sc_hd__clkbuf_16)
                                                         clknet_1_0__leaf_clk (net)
                      0.037689    0.000686   10.295543 ^ _39_/CLK (sky130_fd_sc_hd__dfrtp_2)
                                 -0.250000   10.045543   clock uncertainty
                                  0.000000   10.045543   clock reconvergence pessimism
                                  0.164100   10.209642   library recovery time
                                             10.209642   data required time
---------------------------------------------------------------------------------------------
                                             10.209642   data required time
                                             -2.153208   data arrival time
---------------------------------------------------------------------------------------------
                                              8.056434   slack (MET)


Startpoint: rst_n (input port clocked by clk)
Endpoint: _43_ (recovery check against rising-edge clock clk)
Path Group: asynchronous
Path Type: max

Fanout         Cap        Slew       Delay        Time   Description
---------------------------------------------------------------------------------------------
                                  0.000000    0.000000   clock clk (rise edge)
                                  0.000000    0.000000   clock network delay (propagated)
                                  2.000000    2.000000 ^ input external delay
    10    0.048353    0.221848    0.153034    2.153033 ^ rst_n (in)
                                                         rst_n (net)
                      0.221856    0.000000    2.153033 ^ _43_/RESET_B (sky130_fd_sc_hd__dfrtp_2)
                                              2.153033   data arrival time

                                 10.000000   10.000000   clock clk (rise edge)
                                  0.000000   10.000000   clock source latency
     1    0.012465    0.062293    0.042268   10.042268 ^ clk (in)
                                                         clk (net)
                      0.062305    0.000000   10.042268 ^ clkbuf_0_clk/A (sky130_fd_sc_hd__clkbuf_16)
     2    0.020459    0.042225    0.131771   10.174039 ^ clkbuf_0_clk/X (sky130_fd_sc_hd__clkbuf_16)
                                                         clknet_0_clk (net)
                      0.042278    0.001226   10.175264 ^ clkbuf_1_0__f_clk/A (sky130_fd_sc_hd__clkbuf_16)
     5    0.015095    0.037682    0.119592   10.294857 ^ clkbuf_1_0__f_clk/X (sky130_fd_sc_hd__clkbuf_16)
                                                         clknet_1_0__leaf_clk (net)
                      0.037689    0.000695   10.295552 ^ _43_/CLK (sky130_fd_sc_hd__dfrtp_2)
                                 -0.250000   10.045552   clock uncertainty
                                  0.000000   10.045552   clock reconvergence pessimism
                                  0.164101   10.209653   library recovery time
                                             10.209653   data required time
---------------------------------------------------------------------------------------------
                                             10.209653   data required time
                                             -2.153033   data arrival time
---------------------------------------------------------------------------------------------
                                              8.056620   slack (MET)


Startpoint: rst_n (input port clocked by clk)
Endpoint: _44_ (recovery check against rising-edge clock clk)
Path Group: asynchronous
Path Type: max

Fanout         Cap        Slew       Delay        Time   Description
---------------------------------------------------------------------------------------------
                                  0.000000    0.000000   clock clk (rise edge)
                                  0.000000    0.000000   clock network delay (propagated)
                                  2.000000    2.000000 ^ input external delay
    10    0.048353    0.221848    0.154756    2.154756 ^ rst_n (in)
                                                         rst_n (net)
                      0.221902    0.000000    2.154756 ^ _44_/RESET_B (sky130_fd_sc_hd__dfrtp_2)
                                              2.154756   data arrival time

                                 10.000000   10.000000   clock clk (rise edge)
                                  0.000000   10.000000   clock source latency
     1    0.012465    0.062293    0.042268   10.042268 ^ clk (in)
                                                         clk (net)
                      0.062305    0.000000   10.042268 ^ clkbuf_0_clk/A (sky130_fd_sc_hd__clkbuf_16)
     2    0.020459    0.042225    0.131771   10.174039 ^ clkbuf_0_clk/X (sky130_fd_sc_hd__clkbuf_16)
                                                         clknet_0_clk (net)
                      0.042282    0.001275   10.175313 ^ clkbuf_1_1__f_clk/A (sky130_fd_sc_hd__clkbuf_16)
     6    0.018024    0.040225    0.122006   10.297319 ^ clkbuf_1_1__f_clk/X (sky130_fd_sc_hd__clkbuf_16)
                                                         clknet_1_1__leaf_clk (net)
                      0.040257    0.001851   10.299170 ^ _44_/CLK (sky130_fd_sc_hd__dfrtp_2)
                                 -0.250000   10.049170   clock uncertainty
                                  0.000000   10.049170   clock reconvergence pessimism
                                  0.164898   10.214069   library recovery time
                                             10.214069   data required time
---------------------------------------------------------------------------------------------
                                             10.214069   data required time
                                             -2.154756   data arrival time
---------------------------------------------------------------------------------------------
                                              8.059313   slack (MET)


Startpoint: rst_n (input port clocked by clk)
Endpoint: _45_ (recovery check against rising-edge clock clk)
Path Group: asynchronous
Path Type: max

Fanout         Cap        Slew       Delay        Time   Description
---------------------------------------------------------------------------------------------
                                  0.000000    0.000000   clock clk (rise edge)
                                  0.000000    0.000000   clock network delay (propagated)
                                  2.000000    2.000000 ^ input external delay
    10    0.048353    0.221848    0.154767    2.154767 ^ rst_n (in)
                                                         rst_n (net)
                      0.221903    0.000000    2.154767 ^ _45_/RESET_B (sky130_fd_sc_hd__dfrtp_2)
                                              2.154767   data arrival time

                                 10.000000   10.000000   clock clk (rise edge)
                                  0.000000   10.000000   clock source latency
     1    0.012465    0.062293    0.042268   10.042268 ^ clk (in)
                                                         clk (net)
                      0.062305    0.000000   10.042268 ^ clkbuf_0_clk/A (sky130_fd_sc_hd__clkbuf_16)
     2    0.020459    0.042225    0.131771   10.174039 ^ clkbuf_0_clk/X (sky130_fd_sc_hd__clkbuf_16)
                                                         clknet_0_clk (net)
                      0.042282    0.001275   10.175313 ^ clkbuf_1_1__f_clk/A (sky130_fd_sc_hd__clkbuf_16)
     6    0.018024    0.040225    0.122006   10.297319 ^ clkbuf_1_1__f_clk/X (sky130_fd_sc_hd__clkbuf_16)
                                                         clknet_1_1__leaf_clk (net)
                      0.040260    0.001935   10.299255 ^ _45_/CLK (sky130_fd_sc_hd__dfrtp_2)
                                 -0.250000   10.049255   clock uncertainty
                                  0.000000   10.049255   clock reconvergence pessimism
                                  0.164899   10.214154   library recovery time
                                             10.214154   data required time
---------------------------------------------------------------------------------------------
                                             10.214154   data required time
                                             -2.154767   data arrival time
---------------------------------------------------------------------------------------------
                                              8.059388   slack (MET)


Startpoint: rst_n (input port clocked by clk)
Endpoint: _36_ (recovery check against rising-edge clock clk)
Path Group: asynchronous
Path Type: max

Fanout         Cap        Slew       Delay        Time   Description
---------------------------------------------------------------------------------------------
                                  0.000000    0.000000   clock clk (rise edge)
                                  0.000000    0.000000   clock network delay (propagated)
                                  2.000000    2.000000 ^ input external delay
    10    0.048353    0.221848    0.154327    2.154327 ^ rst_n (in)
                                                         rst_n (net)
                      0.221887    0.000000    2.154327 ^ _36_/RESET_B (sky130_fd_sc_hd__dfrtp_2)
                                              2.154327   data arrival time

                                 10.000000   10.000000   clock clk (rise edge)
                                  0.000000   10.000000   clock source latency
     1    0.012465    0.062293    0.042268   10.042268 ^ clk (in)
                                                         clk (net)
                      0.062305    0.000000   10.042268 ^ clkbuf_0_clk/A (sky130_fd_sc_hd__clkbuf_16)
     2    0.020459    0.042225    0.131771   10.174039 ^ clkbuf_0_clk/X (sky130_fd_sc_hd__clkbuf_16)
                                                         clknet_0_clk (net)
                      0.042282    0.001275   10.175313 ^ clkbuf_1_1__f_clk/A (sky130_fd_sc_hd__clkbuf_16)
     6    0.018024    0.040225    0.122006   10.297319 ^ clkbuf_1_1__f_clk/X (sky130_fd_sc_hd__clkbuf_16)
                                                         clknet_1_1__leaf_clk (net)
                      0.040250    0.001609   10.298929 ^ _36_/CLK (sky130_fd_sc_hd__dfrtp_2)
                                 -0.250000   10.048929   clock uncertainty
                                  0.000000   10.048929   clock reconvergence pessimism
                                  0.164901   10.213830   library recovery time
                                             10.213830   data required time
---------------------------------------------------------------------------------------------
                                             10.213830   data required time
                                             -2.154327   data arrival time
---------------------------------------------------------------------------------------------
                                              8.059504   slack (MET)


Startpoint: rst_n (input port clocked by clk)
Endpoint: _42_ (recovery check against rising-edge clock clk)
Path Group: asynchronous
Path Type: max

Fanout         Cap        Slew       Delay        Time   Description
---------------------------------------------------------------------------------------------
                                  0.000000    0.000000   clock clk (rise edge)
                                  0.000000    0.000000   clock network delay (propagated)
                                  2.000000    2.000000 ^ input external delay
    10    0.048353    0.221848    0.153638    2.153638 ^ rst_n (in)
                                                         rst_n (net)
                      0.221868    0.000000    2.153638 ^ _42_/RESET_B (sky130_fd_sc_hd__dfrtp_2)
                                              2.153638   data arrival time

                                 10.000000   10.000000   clock clk (rise edge)
                                  0.000000   10.000000   clock source latency
     1    0.012465    0.062293    0.042268   10.042268 ^ clk (in)
                                                         clk (net)
                      0.062305    0.000000   10.042268 ^ clkbuf_0_clk/A (sky130_fd_sc_hd__clkbuf_16)
     2    0.020459    0.042225    0.131771   10.174039 ^ clkbuf_0_clk/X (sky130_fd_sc_hd__clkbuf_16)
                                                         clknet_0_clk (net)
                      0.042282    0.001275   10.175313 ^ clkbuf_1_1__f_clk/A (sky130_fd_sc_hd__clkbuf_16)
     6    0.018024    0.040225    0.122006   10.297319 ^ clkbuf_1_1__f_clk/X (sky130_fd_sc_hd__clkbuf_16)
                                                         clknet_1_1__leaf_clk (net)
                      0.040239    0.001109   10.298429 ^ _42_/CLK (sky130_fd_sc_hd__dfrtp_2)
                                 -0.250000   10.048429   clock uncertainty
                                  0.000000   10.048429   clock reconvergence pessimism
                                  0.164903   10.213332   library recovery time
                                             10.213332   data required time
---------------------------------------------------------------------------------------------
                                             10.213332   data required time
                                             -2.153638   data arrival time
---------------------------------------------------------------------------------------------
                                              8.059693   slack (MET)


Startpoint: rst_n (input port clocked by clk)
Endpoint: _40_ (recovery check against rising-edge clock clk)
Path Group: asynchronous
Path Type: max

Fanout         Cap        Slew       Delay        Time   Description
---------------------------------------------------------------------------------------------
                                  0.000000    0.000000   clock clk (rise edge)
                                  0.000000    0.000000   clock network delay (propagated)
                                  2.000000    2.000000 ^ input external delay
    10    0.048353    0.221848    0.154009    2.154009 ^ rst_n (in)
                                                         rst_n (net)
                      0.221878    0.000000    2.154009 ^ _40_/RESET_B (sky130_fd_sc_hd__dfrtp_2)
                                              2.154009   data arrival time

                                 10.000000   10.000000   clock clk (rise edge)
                                  0.000000   10.000000   clock source latency
     1    0.012465    0.062293    0.042268   10.042268 ^ clk (in)
                                                         clk (net)
                      0.062305    0.000000   10.042268 ^ clkbuf_0_clk/A (sky130_fd_sc_hd__clkbuf_16)
     2    0.020459    0.042225    0.131771   10.174039 ^ clkbuf_0_clk/X (sky130_fd_sc_hd__clkbuf_16)
                                                         clknet_0_clk (net)
                      0.042282    0.001275   10.175313 ^ clkbuf_1_1__f_clk/A (sky130_fd_sc_hd__clkbuf_16)
     6    0.018024    0.040225    0.122006   10.297319 ^ clkbuf_1_1__f_clk/X (sky130_fd_sc_hd__clkbuf_16)
                                                         clknet_1_1__leaf_clk (net)
                      0.040250    0.001601   10.298922 ^ _40_/CLK (sky130_fd_sc_hd__dfrtp_2)
                                 -0.250000   10.048921   clock uncertainty
                                  0.000000   10.048921   clock reconvergence pessimism
                                  0.164903   10.213824   library recovery time
                                             10.213824   data required time
---------------------------------------------------------------------------------------------
                                             10.213824   data required time
                                             -2.154009   data arrival time
---------------------------------------------------------------------------------------------
                                              8.059816   slack (MET)


Startpoint: rst_n (input port clocked by clk)
Endpoint: _41_ (recovery check against rising-edge clock clk)
Path Group: asynchronous
Path Type: max

Fanout         Cap        Slew       Delay        Time   Description
---------------------------------------------------------------------------------------------
                                  0.000000    0.000000   clock clk (rise edge)
                                  0.000000    0.000000   clock network delay (propagated)
                                  2.000000    2.000000 ^ input external delay
    10    0.048353    0.221848    0.153275    2.153275 ^ rst_n (in)
                                                         rst_n (net)
                      0.221860    0.000000    2.153275 ^ _41_/RESET_B (sky130_fd_sc_hd__dfrtp_2)
                                              2.153275   data arrival time

                                 10.000000   10.000000   clock clk (rise edge)
                                  0.000000   10.000000   clock source latency
     1    0.012465    0.062293    0.042268   10.042268 ^ clk (in)
                                                         clk (net)
                      0.062305    0.000000   10.042268 ^ clkbuf_0_clk/A (sky130_fd_sc_hd__clkbuf_16)
     2    0.020459    0.042225    0.131771   10.174039 ^ clkbuf_0_clk/X (sky130_fd_sc_hd__clkbuf_16)
                                                         clknet_0_clk (net)
                      0.042282    0.001275   10.175313 ^ clkbuf_1_1__f_clk/A (sky130_fd_sc_hd__clkbuf_16)
     6    0.018024    0.040225    0.122006   10.297319 ^ clkbuf_1_1__f_clk/X (sky130_fd_sc_hd__clkbuf_16)
                                                         clknet_1_1__leaf_clk (net)
                      0.040260    0.001927   10.299247 ^ _41_/CLK (sky130_fd_sc_hd__dfrtp_2)
                                 -0.250000   10.049247   clock uncertainty
                                  0.000000   10.049247   clock reconvergence pessimism
                                  0.164912   10.214159   library recovery time
                                             10.214159   data required time
---------------------------------------------------------------------------------------------
                                             10.214159   data required time
                                             -2.153275   data arrival time
---------------------------------------------------------------------------------------------
                                              8.060884   slack (MET)


Startpoint: _41_ (rising edge-triggered flip-flop clocked by clk)
Endpoint: _44_ (rising edge-triggered flip-flop clocked by clk)
Path Group: clk
Path Type: max

Fanout         Cap        Slew       Delay        Time   Description
---------------------------------------------------------------------------------------------
                                  0.000000    0.000000   clock clk (rise edge)
                                  0.000000    0.000000   clock source latency
     1    0.012465    0.062293    0.042267    0.042267 ^ clk (in)
                                                         clk (net)
                      0.062305    0.000000    0.042267 ^ clkbuf_0_clk/A (sky130_fd_sc_hd__clkbuf_16)
     2    0.020459    0.042225    0.131772    0.174039 ^ clkbuf_0_clk/X (sky130_fd_sc_hd__clkbuf_16)
                                                         clknet_0_clk (net)
                      0.042282    0.001274    0.175313 ^ clkbuf_1_1__f_clk/A (sky130_fd_sc_hd__clkbuf_16)
     6    0.018024    0.040225    0.122007    0.297319 ^ clkbuf_1_1__f_clk/X (sky130_fd_sc_hd__clkbuf_16)
                                                         clknet_1_1__leaf_clk (net)
                      0.040260    0.001927    0.299247 ^ _41_/CLK (sky130_fd_sc_hd__dfrtp_2)
     4    0.012663    0.063259    0.415245    0.714492 v _41_/Q (sky130_fd_sc_hd__dfrtp_2)
                                                         ie (net)
                      0.063259    0.000595    0.715087 v _24_/A (sky130_fd_sc_hd__and2_2)
     1    0.003110    0.037191    0.171435    0.886522 v _24_/X (sky130_fd_sc_hd__and2_2)
                                                         _00_ (net)
                      0.037191    0.000194    0.886716 v _44_/D (sky130_fd_sc_hd__dfrtp_2)
                                              0.886716   data arrival time

                                 10.000000   10.000000   clock clk (rise edge)
                                  0.000000   10.000000   clock source latency
     1    0.012465    0.062293    0.042268   10.042268 ^ clk (in)
                                                         clk (net)
                      0.062305    0.000000   10.042268 ^ clkbuf_0_clk/A (sky130_fd_sc_hd__clkbuf_16)
     2    0.020459    0.042225    0.131771   10.174039 ^ clkbuf_0_clk/X (sky130_fd_sc_hd__clkbuf_16)
                                                         clknet_0_clk (net)
                      0.042282    0.001275   10.175313 ^ clkbuf_1_1__f_clk/A (sky130_fd_sc_hd__clkbuf_16)
     6    0.018024    0.040225    0.122006   10.297319 ^ clkbuf_1_1__f_clk/X (sky130_fd_sc_hd__clkbuf_16)
                                                         clknet_1_1__leaf_clk (net)
                      0.040257    0.001851   10.299170 ^ _44_/CLK (sky130_fd_sc_hd__dfrtp_2)
                                 -0.250000   10.049170   clock uncertainty
                                  0.000000   10.049170   clock reconvergence pessimism
                                 -0.113164    9.936007   library setup time
                                              9.936007   data required time
---------------------------------------------------------------------------------------------
                                              9.936007   data required time
                                             -0.886716   data arrival time
---------------------------------------------------------------------------------------------
                                              9.049292   slack (MET)



%OL_END_REPORT
%OL_CREATE_REPORT checks.rpt

===========================================================================
report_checks -unconstrained
===========================================================================
======================= max_tt_025C_1v80 Corner ===================================

Startpoint: rst_n (input port clocked by clk)
Endpoint: _38_ (recovery check against rising-edge clock clk)
Path Group: asynchronous
Path Type: max

Fanout         Cap        Slew       Delay        Time   Description
---------------------------------------------------------------------------------------------
                                  0.000000    0.000000   clock clk (rise edge)
                                  0.000000    0.000000   clock network delay (propagated)
                                  2.000000    2.000000 ^ input external delay
    10    0.048353    0.221848    0.154859    2.154859 ^ rst_n (in)
                                                         rst_n (net)
                      0.221906    0.000000    2.154859 ^ _38_/RESET_B (sky130_fd_sc_hd__dfrtp_2)
                                              2.154859   data arrival time

                                 10.000000   10.000000   clock clk (rise edge)
                                  0.000000   10.000000   clock source latency
     1    0.012465    0.062293    0.042268   10.042268 ^ clk (in)
                                                         clk (net)
                      0.062305    0.000000   10.042268 ^ clkbuf_0_clk/A (sky130_fd_sc_hd__clkbuf_16)
     2    0.020459    0.042225    0.131771   10.174039 ^ clkbuf_0_clk/X (sky130_fd_sc_hd__clkbuf_16)
                                                         clknet_0_clk (net)
                      0.042278    0.001226   10.175264 ^ clkbuf_1_0__f_clk/A (sky130_fd_sc_hd__clkbuf_16)
     5    0.015095    0.037682    0.119592   10.294857 ^ clkbuf_1_0__f_clk/X (sky130_fd_sc_hd__clkbuf_16)
                                                         clknet_1_0__leaf_clk (net)
                      0.037682    0.000647   10.295505 ^ _38_/CLK (sky130_fd_sc_hd__dfrtp_2)
                                 -0.250000   10.045505   clock uncertainty
                                  0.000000   10.045505   clock reconvergence pessimism
                                  0.164084   10.209588   library recovery time
                                             10.209588   data required time
---------------------------------------------------------------------------------------------
                                             10.209588   data required time
                                             -2.154859   data arrival time
---------------------------------------------------------------------------------------------
                                              8.054729   slack (MET)


Startpoint: reg_addr[1] (input port clocked by clk)
Endpoint: reg_rdata[0] (output port clocked by clk)
Path Group: clk
Path Type: max

Fanout         Cap        Slew       Delay        Time   Description
---------------------------------------------------------------------------------------------
                                  0.000000    0.000000   clock clk (rise edge)
                                  0.000000    0.000000   clock network delay (propagated)
                                  2.000000    2.000000 v input external delay
     3    0.009388    0.023196    0.015338    2.015338 v reg_addr[1] (in)
                                                         reg_addr[1] (net)
                      0.023204    0.000000    2.015338 v _14_/A (sky130_fd_sc_hd__nor2_2)
     8    0.023446    0.267498    0.235848    2.251186 ^ _14_/Y (sky130_fd_sc_hd__nor2_2)
                                                         _10_ (net)
                      0.267504    0.001039    2.252224 ^ _16_/A2 (sky130_fd_sc_hd__a22o_2)
     1    0.038208    0.199050    0.320814    2.573039 ^ _16_/X (sky130_fd_sc_hd__a22o_2)
                                                         reg_rdata[0] (net)
                      0.199163    0.002623    2.575661 ^ reg_rdata[0] (out)
                                              2.575661   data arrival time

                                 10.000000   10.000000   clock clk (rise edge)
                                  0.000000   10.000000   clock network delay (propagated)
                                 -0.250000    9.750000   clock uncertainty
                                  0.000000    9.750000   clock reconvergence pessimism
                                 -2.000000    7.750000   output external delay
                                              7.750000   data required time
---------------------------------------------------------------------------------------------
                                              7.750000   data required time
                                             -2.575661   data arrival time
---------------------------------------------------------------------------------------------
                                              5.174339   slack (MET)




===========================================================================
report_checks --slack_max -0.01
============================================================================
======================= max_tt_025C_1v80 Corner ===================================

No paths found.


===========================================================================
 report_check_types -max_slew -max_cap -max_fanout -violators
============================================================================
======================= max_tt_025C_1v80 Corner ===================================



===========================================================================
report_parasitic_annotation -report_unannotated
============================================================================
Found 1 unannotated drivers.
 clkload0/X
Found 0 partially unannotated drivers.

===========================================================================
max slew violation count 0
%OL_METRIC_I design__max_slew_violation__count__corner:max_tt_025C_1v80 0
max fanout violation count 0
%OL_METRIC_I design__max_fanout_violation__count__corner:max_tt_025C_1v80 0
max cap violation count 0
%OL_METRIC_I design__max_cap_violation__count__corner:max_tt_025C_1v80 0
============================================================================

===========================================================================
check_setup -verbose -unconstrained_endpoints -multiple_clock -no_clock -no_input_delay -loops -generated_clocks
===========================================================================
%OL_END_REPORT
%OL_CREATE_REPORT power.rpt

===========================================================================
 report_power
============================================================================
======================= max_tt_025C_1v80 Corner ===================================

Group                    Internal    Switching      Leakage        Total
                            Power        Power        Power        Power (Watts)
------------------------------------------------------------------------
Sequential           4.828880e-05 1.628199e-05 1.138649e-10 6.457090e-05  41.1%
Combinational        6.332944e-06 9.203691e-06 9.313646e-11 1.553673e-05   9.9%
Clock                5.979903e-05 1.735928e-05 1.867212e-10 7.715850e-05  49.1%
Macro                0.000000e+00 0.000000e+00 0.000000e+00 0.000000e+00   0.0%
Pad                  0.000000e+00 0.000000e+00 0.000000e+00 0.000000e+00   0.0%
------------------------------------------------------------------------
Total                1.144208e-04 4.284496e-05 3.937225e-10 1.572661e-04 100.0%
                            72.8%        27.2%         0.0%
%OL_METRIC_F power__internal__total 0.00011442077084211633
%OL_METRIC_F power__switching__total 4.284496026230045e-5
%OL_METRIC_F power__leakage__total 3.937224990480104e-10
%OL_METRIC_F power__total 0.00015726612764410675

%OL_END_REPORT
%OL_CREATE_REPORT skew.min.rpt

===========================================================================
Clock Skew (Hold)
============================================================================
%OL_METRIC_F clock__skew__worst_hold__corner:max_tt_025C_1v80 -0.0037028714476054097
======================= max_tt_025C_1v80 Corner ===================================

Clock clk
Latency      CRPR       Skew
_43_/CLK ^
0.295552
_45_/CLK ^
0.299255   0.000000    -0.003703

%OL_END_REPORT
%OL_CREATE_REPORT skew.max.rpt

===========================================================================
Clock Skew (Setup)
============================================================================
%OL_METRIC_F clock__skew__worst_setup__corner:max_tt_025C_1v80 -0.0037028714476054097
======================= max_tt_025C_1v80 Corner ===================================

Clock clk
Latency      CRPR       Skew
_43_/CLK ^
0.295552
_45_/CLK ^
0.299255   0.000000    -0.003703

%OL_END_REPORT
%OL_CREATE_REPORT ws.min.rpt

===========================================================================
Worst Slack (Hold)
============================================================================
%OL_METRIC_F timing__hold__ws__corner:max_tt_025C_1v80 0.23831265413365466
max_tt_025C_1v80: 0.23831265413365466
%OL_END_REPORT
%OL_CREATE_REPORT ws.max.rpt

===========================================================================
Worst Slack (Setup)
============================================================================
%OL_METRIC_F timing__setup__ws__corner:max_tt_025C_1v80 5.1743388815990405
max_tt_025C_1v80: 5.1743388815990405
%OL_END_REPORT
%OL_CREATE_REPORT tns.min.rpt

===========================================================================
Total Negative Slack (Hold)
============================================================================
%OL_METRIC_F timing__hold__tns__corner:max_tt_025C_1v80 0.0
max_tt_025C_1v80: 0.0
%OL_END_REPORT
%OL_CREATE_REPORT tns.max.rpt

===========================================================================
Total Negative Slack (Setup)
============================================================================
%OL_METRIC_F timing__setup__tns__corner:max_tt_025C_1v80 0.0
max_tt_025C_1v80: 0.0
%OL_END_REPORT
%OL_CREATE_REPORT wns.min.rpt

===========================================================================
Worst Negative Slack (Hold)
============================================================================
%OL_METRIC_F timing__hold__wns__corner:max_tt_025C_1v80 0
max_tt_025C_1v80: 0
%OL_END_REPORT
%OL_CREATE_REPORT wns.max.rpt

===========================================================================
Worst Negative Slack (Setup)
============================================================================
%OL_METRIC_F timing__setup__wns__corner:max_tt_025C_1v80 0.0
max_tt_025C_1v80: 0.0
%OL_END_REPORT
%OL_CREATE_REPORT violator_list.rpt

===========================================================================
Violator List
============================================================================
%OL_METRIC_I timing__hold_vio__count__corner:max_tt_025C_1v80 0
%OL_METRIC_F timing__hold_r2r__ws__corner:max_tt_025C_1v80 0.238313
%OL_METRIC_I timing__hold_r2r_vio__count__corner:max_tt_025C_1v80 0
%OL_METRIC_I timing__setup_vio__count__corner:max_tt_025C_1v80 0
%OL_METRIC_F timing__setup_r2r__ws__corner:max_tt_025C_1v80 9.049292
%OL_METRIC_I timing__setup_r2r_vio__count__corner:max_tt_025C_1v80 0
%OL_END_REPORT
%OL_CREATE_REPORT unpropagated.rpt
%OL_END_REPORT
Writing SDF files for all corners…
Removing Clock latencies before writing libs…
Writing timing models for all corners…
Writing timing models for the max_tt_025C_1v80 corner to /content/openlane_run/32-openroad-stapostpnr/max_tt_025C_1v80/io_pad_wrapper__max_tt_025C_1v80.lib…
